province_code,province_name,ward_code,ward_name,unit_type,short_name,effective_from,source_url
01,Thành phố Hà Nội,00004,Phường Ba Đình,PHƯỜNG,Ba Đình,01/07/2025,https://danhmuchanhchinh.nso.gov.vn/Doi_Chieu_Moi.aspx
01,Thành phố Hà Nội,00008,Phường Ngọc Hà,PHƯỜNG,Ngọc Hà,01/07/2025,https://danhmuchanhchinh.nso.gov.vn/Doi_Chieu_Moi.aspx
01,Thành phố Hà Nội,00025,Phường Giảng Võ,PHƯỜNG,Giảng Võ,01/07/2025,https://danhmuchanhchinh.nso.gov.vn/Doi_Chieu_Moi.aspx
01,Thành phố Hà Nội,00070,Phường Hoàn Kiếm,PHƯỜNG,Hoàn Kiếm,01/07/2025,https://danhmuchanhchinh.nso.gov.vn/Doi_Chieu_Moi.aspx
01,Thành phố Hà Nội,00082,Phường Cửa Nam,PHƯỜNG,Cửa Nam,01/07/2025,https://danhmuchanhchinh.nso.gov.vn/Doi_Chieu_Moi.aspx
01,Thành phố Hà Nội,00091,Phường Phú Thượng,PHƯỜNG,Phú Thượng,01/07/2025,https://danhmuchanhchinh.nso.gov.vn/Doi_Chieu_Moi.aspx
01,Thành phố Hà Nội,00097,Phường Hồng Hà,PHƯỜNG,Hồng Hà,01/07/2025,https://danhmuchanhchinh.nso.gov.vn/Doi_Chieu_Moi.aspx
01,Thành phố Hà Nội,00103,Phường Tây Hồ,PHƯỜNG,Tây Hồ,01/07/2025,https://danhmuchanhchinh.nso.gov.vn/Doi_Chieu_Moi.aspx
01,Thành phố Hà Nội,00118,Phường Bồ Đề,PHƯỜNG,Bồ Đề,01/07/2025,https://danhmuchanhchinh.nso.gov.vn/Doi_Chieu_Moi.aspx
01,Thành phố Hà Nội,00127,Phường Việt Hưng,PHƯỜNG,Việt Hưng,01/07/2025,https://danhmuchanhchinh.nso.gov.vn/Doi_Chieu_Moi.aspx
01,Thành phố Hà Nội,00136,Phường Phúc Lợi,PHƯỜNG,Phúc Lợi,01/07/2025,https://danhmuchanhchinh.nso.gov.vn/Doi_Chieu_Moi.aspx
01,Thành phố Hà Nội,00145,Phường Long Biên,PHƯỜNG,Long Biên,01/07/2025,https://danhmuchanhchinh.nso.gov.vn/Doi_Chieu_Moi.aspx
01,Thành phố Hà Nội,00160,Phường Nghĩa Đô,PHƯỜNG,Nghĩa Đô,01/07/2025,https://danhmuchanhchinh.nso.gov.vn/Doi_Chieu_Moi.aspx
01,Thành phố Hà Nội,00166,Phường Cầu Giấy,PHƯỜNG,Cầu Giấy,01/07/2025,https://danhmuchanhchinh.nso.gov.vn/Doi_Chieu_Moi.aspx
01,Thành phố Hà Nội,00175,Phường Yên Hòa,PHƯỜNG,Yên Hòa,01/07/2025,https://danhmuchanhchinh.nso.gov.vn/Doi_Chieu_Moi.aspx
01,Thành phố Hà Nội,00190,Phường Ô Chợ Dừa,PHƯỜNG,Ô Chợ Dừa,01/07/2025,https://danhmuchanhchinh.nso.gov.vn/Doi_Chieu_Moi.aspx
01,Thành phố Hà Nội,00199,Phường Láng,PHƯỜNG,Láng,01/07/2025,https://danhmuchanhchinh.nso.gov.vn/Doi_Chieu_Moi.aspx
01,Thành phố Hà Nội,00226,Phường Văn Miếu - Quốc Tử Giám,PHƯỜNG,Văn Miếu - Quốc Tử Giám,01/07/2025,https://danhmuchanhchinh.nso.gov.vn/Doi_Chieu_Moi.aspx
01,Thành phố Hà Nội,00229,Phường Kim Liên,PHƯỜNG,Kim Liên,01/07/2025,https://danhmuchanhchinh.nso.gov.vn/Doi_Chieu_Moi.aspx
01,Thành phố Hà Nội,00235,Phường Đống Đa,PHƯỜNG,Đống Đa,01/07/2025,https://danhmuchanhchinh.nso.gov.vn/Doi_Chieu_Moi.aspx
01,Thành phố Hà Nội,00256,Phường Hai Bà Trưng,PHƯỜNG,Hai Bà Trưng,01/07/2025,https://danhmuchanhchinh.nso.gov.vn/Doi_Chieu_Moi.aspx
01,Thành phố Hà Nội,00283,Phường Vĩnh Tuy,PHƯỜNG,Vĩnh Tuy,01/07/2025,https://danhmuchanhchinh.nso.gov.vn/Doi_Chieu_Moi.aspx
01,Thành phố Hà Nội,00292,Phường Bạch Mai,PHƯỜNG,Bạch Mai,01/07/2025,https://danhmuchanhchinh.nso.gov.vn/Doi_Chieu_Moi.aspx
01,Thành phố Hà Nội,00301,Phường Vĩnh Hưng,PHƯỜNG,Vĩnh Hưng,01/07/2025,https://danhmuchanhchinh.nso.gov.vn/Doi_Chieu_Moi.aspx
01,Thành phố Hà Nội,00316,Phường Định Công,PHƯỜNG,Định Công,01/07/2025,https://danhmuchanhchinh.nso.gov.vn/Doi_Chieu_Moi.aspx
01,Thành phố Hà Nội,00322,Phường Tương Mai,PHƯỜNG,Tương Mai,01/07/2025,https://danhmuchanhchinh.nso.gov.vn/Doi_Chieu_Moi.aspx
01,Thành phố Hà Nội,00328,Phường Lĩnh Nam,PHƯỜNG,Lĩnh Nam,01/07/2025,https://danhmuchanhchinh.nso.gov.vn/Doi_Chieu_Moi.aspx
01,Thành phố Hà Nội,00331,Phường Hoàng Mai,PHƯỜNG,Hoàng Mai,01/07/2025,https://danhmuchanhchinh.nso.gov.vn/Doi_Chieu_Moi.aspx
01,Thành phố Hà Nội,00337,Phường Hoàng Liệt,PHƯỜNG,Hoàng Liệt,01/07/2025,https://danhmuchanhchinh.nso.gov.vn/Doi_Chieu_Moi.aspx
01,Thành phố Hà Nội,00340,Phường Yên Sở,PHƯỜNG,Yên Sở,01/07/2025,https://danhmuchanhchinh.nso.gov.vn/Doi_Chieu_Moi.aspx
01,Thành phố Hà Nội,00352,Phường Phương Liệt,PHƯỜNG,Phương Liệt,01/07/2025,https://danhmuchanhchinh.nso.gov.vn/Doi_Chieu_Moi.aspx
01,Thành phố Hà Nội,00364,Phường Khương Đình,PHƯỜNG,Khương Đình,01/07/2025,https://danhmuchanhchinh.nso.gov.vn/Doi_Chieu_Moi.aspx
01,Thành phố Hà Nội,00367,Phường Thanh Xuân,PHƯỜNG,Thanh Xuân,01/07/2025,https://danhmuchanhchinh.nso.gov.vn/Doi_Chieu_Moi.aspx
01,Thành phố Hà Nội,00376,Xã Sóc Sơn,XÃ,Sóc Sơn,01/07/2025,https://danhmuchanhchinh.nso.gov.vn/Doi_Chieu_Moi.aspx
01,Thành phố Hà Nội,00382,Xã Kim Anh,XÃ,Kim Anh,01/07/2025,https://danhmuchanhchinh.nso.gov.vn/Doi_Chieu_Moi.aspx
01,Thành phố Hà Nội,00385,Xã Trung Giã,XÃ,Trung Giã,01/07/2025,https://danhmuchanhchinh.nso.gov.vn/Doi_Chieu_Moi.aspx
01,Thành phố Hà Nội,00430,Xã Đa Phúc,XÃ,Đa Phúc,01/07/2025,https://danhmuchanhchinh.nso.gov.vn/Doi_Chieu_Moi.aspx
01,Thành phố Hà Nội,00433,Xã Nội Bài,XÃ,Nội Bài,01/07/2025,https://danhmuchanhchinh.nso.gov.vn/Doi_Chieu_Moi.aspx
01,Thành phố Hà Nội,00454,Xã Đông Anh,XÃ,Đông Anh,01/07/2025,https://danhmuchanhchinh.nso.gov.vn/Doi_Chieu_Moi.aspx
01,Thành phố Hà Nội,00466,Xã Phúc Thịnh,XÃ,Phúc Thịnh,01/07/2025,https://danhmuchanhchinh.nso.gov.vn/Doi_Chieu_Moi.aspx
01,Thành phố Hà Nội,00475,Xã Thư Lâm,XÃ,Thư Lâm,01/07/2025,https://danhmuchanhchinh.nso.gov.vn/Doi_Chieu_Moi.aspx
01,Thành phố Hà Nội,00493,Xã Thiên Lộc,XÃ,Thiên Lộc,01/07/2025,https://danhmuchanhchinh.nso.gov.vn/Doi_Chieu_Moi.aspx
01,Thành phố Hà Nội,00508,Xã Vĩnh Thanh,XÃ,Vĩnh Thanh,01/07/2025,https://danhmuchanhchinh.nso.gov.vn/Doi_Chieu_Moi.aspx
01,Thành phố Hà Nội,00541,Xã Phù Đổng,XÃ,Phù Đổng,01/07/2025,https://danhmuchanhchinh.nso.gov.vn/Doi_Chieu_Moi.aspx
01,Thành phố Hà Nội,00562,Xã Thuận An,XÃ,Thuận An,01/07/2025,https://danhmuchanhchinh.nso.gov.vn/Doi_Chieu_Moi.aspx
01,Thành phố Hà Nội,00565,Xã Gia Lâm,XÃ,Gia Lâm,01/07/2025,https://danhmuchanhchinh.nso.gov.vn/Doi_Chieu_Moi.aspx
01,Thành phố Hà Nội,00577,Xã Bát Tràng,XÃ,Bát Tràng,01/07/2025,https://danhmuchanhchinh.nso.gov.vn/Doi_Chieu_Moi.aspx
01,Thành phố Hà Nội,00592,Phường Từ Liêm,PHƯỜNG,Từ Liêm,01/07/2025,https://danhmuchanhchinh.nso.gov.vn/Doi_Chieu_Moi.aspx
01,Thành phố Hà Nội,00598,Phường Thượng Cát,PHƯỜNG,Thượng Cát,01/07/2025,https://danhmuchanhchinh.nso.gov.vn/Doi_Chieu_Moi.aspx
01,Thành phố Hà Nội,00602,Phường Đông Ngạc,PHƯỜNG,Đông Ngạc,01/07/2025,https://danhmuchanhchinh.nso.gov.vn/Doi_Chieu_Moi.aspx
01,Thành phố Hà Nội,00611,Phường Xuân Đỉnh,PHƯỜNG,Xuân Đỉnh,01/07/2025,https://danhmuchanhchinh.nso.gov.vn/Doi_Chieu_Moi.aspx
01,Thành phố Hà Nội,00613,Phường Tây Tựu,PHƯỜNG,Tây Tựu,01/07/2025,https://danhmuchanhchinh.nso.gov.vn/Doi_Chieu_Moi.aspx
01,Thành phố Hà Nội,00619,Phường Phú Diễn,PHƯỜNG,Phú Diễn,01/07/2025,https://danhmuchanhchinh.nso.gov.vn/Doi_Chieu_Moi.aspx
01,Thành phố Hà Nội,00622,Phường Xuân Phương,PHƯỜNG,Xuân Phương,01/07/2025,https://danhmuchanhchinh.nso.gov.vn/Doi_Chieu_Moi.aspx
01,Thành phố Hà Nội,00634,Phường Tây Mỗ,PHƯỜNG,Tây Mỗ,01/07/2025,https://danhmuchanhchinh.nso.gov.vn/Doi_Chieu_Moi.aspx
01,Thành phố Hà Nội,00637,Phường Đại Mỗ,PHƯỜNG,Đại Mỗ,01/07/2025,https://danhmuchanhchinh.nso.gov.vn/Doi_Chieu_Moi.aspx
01,Thành phố Hà Nội,00640,Xã Thanh Trì,XÃ,Thanh Trì,01/07/2025,https://danhmuchanhchinh.nso.gov.vn/Doi_Chieu_Moi.aspx
01,Thành phố Hà Nội,00643,Phường Thanh Liệt,PHƯỜNG,Thanh Liệt,01/07/2025,https://danhmuchanhchinh.nso.gov.vn/Doi_Chieu_Moi.aspx
01,Thành phố Hà Nội,00664,Xã Đại Thanh,XÃ,Đại Thanh,01/07/2025,https://danhmuchanhchinh.nso.gov.vn/Doi_Chieu_Moi.aspx
01,Thành phố Hà Nội,00679,Xã Ngọc Hồi,XÃ,Ngọc Hồi,01/07/2025,https://danhmuchanhchinh.nso.gov.vn/Doi_Chieu_Moi.aspx
01,Thành phố Hà Nội,00685,Xã Nam Phù,XÃ,Nam Phù,01/07/2025,https://danhmuchanhchinh.nso.gov.vn/Doi_Chieu_Moi.aspx
01,Thành phố Hà Nội,04930,Xã Yên Xuân,XÃ,Yên Xuân,01/07/2025,https://danhmuchanhchinh.nso.gov.vn/Doi_Chieu_Moi.aspx
01,Thành phố Hà Nội,08974,Xã Quang Minh,XÃ,Quang Minh,01/07/2025,https://danhmuchanhchinh.nso.gov.vn/Doi_Chieu_Moi.aspx
01,Thành phố Hà Nội,08980,Xã Yên Lãng,XÃ,Yên Lãng,01/07/2025,https://danhmuchanhchinh.nso.gov.vn/Doi_Chieu_Moi.aspx
01,Thành phố Hà Nội,08995,Xã Tiến Thắng,XÃ,Tiến Thắng,01/07/2025,https://danhmuchanhchinh.nso.gov.vn/Doi_Chieu_Moi.aspx
01,Thành phố Hà Nội,09022,Xã Mê Linh,XÃ,Mê Linh,01/07/2025,https://danhmuchanhchinh.nso.gov.vn/Doi_Chieu_Moi.aspx
01,Thành phố Hà Nội,09552,Phường Kiến Hưng,PHƯỜNG,Kiến Hưng,01/07/2025,https://danhmuchanhchinh.nso.gov.vn/Doi_Chieu_Moi.aspx
01,Thành phố Hà Nội,09556,Phường Hà Đông,PHƯỜNG,Hà Đông,01/07/2025,https://danhmuchanhchinh.nso.gov.vn/Doi_Chieu_Moi.aspx
01,Thành phố Hà Nội,09562,Phường Yên Nghĩa,PHƯỜNG,Yên Nghĩa,01/07/2025,https://danhmuchanhchinh.nso.gov.vn/Doi_Chieu_Moi.aspx
01,Thành phố Hà Nội,09568,Phường Phú Lương,PHƯỜNG,Phú Lương,01/07/2025,https://danhmuchanhchinh.nso.gov.vn/Doi_Chieu_Moi.aspx
01,Thành phố Hà Nội,09574,Phường Sơn Tây,PHƯỜNG,Sơn Tây,01/07/2025,https://danhmuchanhchinh.nso.gov.vn/Doi_Chieu_Moi.aspx
01,Thành phố Hà Nội,09604,Phường Tùng Thiện,PHƯỜNG,Tùng Thiện,01/07/2025,https://danhmuchanhchinh.nso.gov.vn/Doi_Chieu_Moi.aspx
01,Thành phố Hà Nội,09616,Xã Đoài Phương,XÃ,Đoài Phương,01/07/2025,https://danhmuchanhchinh.nso.gov.vn/Doi_Chieu_Moi.aspx
01,Thành phố Hà Nội,09619,Xã Quảng Oai,XÃ,Quảng Oai,01/07/2025,https://danhmuchanhchinh.nso.gov.vn/Doi_Chieu_Moi.aspx
01,Thành phố Hà Nội,09634,Xã Cổ Đô,XÃ,Cổ Đô,01/07/2025,https://danhmuchanhchinh.nso.gov.vn/Doi_Chieu_Moi.aspx
01,Thành phố Hà Nội,09661,Xã Minh Châu,XÃ,Minh Châu,01/07/2025,https://danhmuchanhchinh.nso.gov.vn/Doi_Chieu_Moi.aspx
01,Thành phố Hà Nội,09664,Xã Vật Lại,XÃ,Vật Lại,01/07/2025,https://danhmuchanhchinh.nso.gov.vn/Doi_Chieu_Moi.aspx
01,Thành phố Hà Nội,09676,Xã Bất Bạt,XÃ,Bất Bạt,01/07/2025,https://danhmuchanhchinh.nso.gov.vn/Doi_Chieu_Moi.aspx
01,Thành phố Hà Nội,09694,Xã Suối Hai,XÃ,Suối Hai,01/07/2025,https://danhmuchanhchinh.nso.gov.vn/Doi_Chieu_Moi.aspx
01,Thành phố Hà Nội,09700,Xã Ba Vì,XÃ,Ba Vì,01/07/2025,https://danhmuchanhchinh.nso.gov.vn/Doi_Chieu_Moi.aspx
01,Thành phố Hà Nội,09706,Xã Yên Bài,XÃ,Yên Bài,01/07/2025,https://danhmuchanhchinh.nso.gov.vn/Doi_Chieu_Moi.aspx
01,Thành phố Hà Nội,09715,Xã Phúc Thọ,XÃ,Phúc Thọ,01/07/2025,https://danhmuchanhchinh.nso.gov.vn/Doi_Chieu_Moi.aspx
01,Thành phố Hà Nội,09739,Xã Phúc Lộc,XÃ,Phúc Lộc,01/07/2025,https://danhmuchanhchinh.nso.gov.vn/Doi_Chieu_Moi.aspx
01,Thành phố Hà Nội,09772,Xã Hát Môn,XÃ,Hát Môn,01/07/2025,https://danhmuchanhchinh.nso.gov.vn/Doi_Chieu_Moi.aspx
01,Thành phố Hà Nội,09784,Xã Đan Phượng,XÃ,Đan Phượng,01/07/2025,https://danhmuchanhchinh.nso.gov.vn/Doi_Chieu_Moi.aspx
01,Thành phố Hà Nội,09787,Xã Liên Minh,XÃ,Liên Minh,01/07/2025,https://danhmuchanhchinh.nso.gov.vn/Doi_Chieu_Moi.aspx
01,Thành phố Hà Nội,09817,Xã Ô Diên,XÃ,Ô Diên,01/07/2025,https://danhmuchanhchinh.nso.gov.vn/Doi_Chieu_Moi.aspx
01,Thành phố Hà Nội,09832,Xã Hoài Đức,XÃ,Hoài Đức,01/07/2025,https://danhmuchanhchinh.nso.gov.vn/Doi_Chieu_Moi.aspx
01,Thành phố Hà Nội,09856,Xã Dương Hòa,XÃ,Dương Hòa,01/07/2025,https://danhmuchanhchinh.nso.gov.vn/Doi_Chieu_Moi.aspx
01,Thành phố Hà Nội,09871,Xã Sơn Đồng,XÃ,Sơn Đồng,01/07/2025,https://danhmuchanhchinh.nso.gov.vn/Doi_Chieu_Moi.aspx
01,Thành phố Hà Nội,09877,Xã An Khánh,XÃ,An Khánh,01/07/2025,https://danhmuchanhchinh.nso.gov.vn/Doi_Chieu_Moi.aspx
01,Thành phố Hà Nội,09886,Phường Dương Nội,PHƯỜNG,Dương Nội,01/07/2025,https://danhmuchanhchinh.nso.gov.vn/Doi_Chieu_Moi.aspx
01,Thành phố Hà Nội,09895,Xã Quốc Oai,XÃ,Quốc Oai,01/07/2025,https://danhmuchanhchinh.nso.gov.vn/Doi_Chieu_Moi.aspx
01,Thành phố Hà Nội,09910,Xã Kiều Phú,XÃ,Kiều Phú,01/07/2025,https://danhmuchanhchinh.nso.gov.vn/Doi_Chieu_Moi.aspx
01,Thành phố Hà Nội,09931,Xã Hưng Đạo,XÃ,Hưng Đạo,01/07/2025,https://danhmuchanhchinh.nso.gov.vn/Doi_Chieu_Moi.aspx
01,Thành phố Hà Nội,09952,Xã Phú Cát,XÃ,Phú Cát,01/07/2025,https://danhmuchanhchinh.nso.gov.vn/Doi_Chieu_Moi.aspx
01,Thành phố Hà Nội,09955,Xã Thạch Thất,XÃ,Thạch Thất,01/07/2025,https://danhmuchanhchinh.nso.gov.vn/Doi_Chieu_Moi.aspx
01,Thành phố Hà Nội,09982,Xã Hạ Bằng,XÃ,Hạ Bằng,01/07/2025,https://danhmuchanhchinh.nso.gov.vn/Doi_Chieu_Moi.aspx
01,Thành phố Hà Nội,09988,Xã Hòa Lạc,XÃ,Hòa Lạc,01/07/2025,https://danhmuchanhchinh.nso.gov.vn/Doi_Chieu_Moi.aspx
01,Thành phố Hà Nội,10003,Xã Tây Phương,XÃ,Tây Phương,01/07/2025,https://danhmuchanhchinh.nso.gov.vn/Doi_Chieu_Moi.aspx
01,Thành phố Hà Nội,10015,Phường Chương Mỹ,PHƯỜNG,Chương Mỹ,01/07/2025,https://danhmuchanhchinh.nso.gov.vn/Doi_Chieu_Moi.aspx
01,Thành phố Hà Nội,10030,Xã Phú Nghĩa,XÃ,Phú Nghĩa,01/07/2025,https://danhmuchanhchinh.nso.gov.vn/Doi_Chieu_Moi.aspx
01,Thành phố Hà Nội,10045,Xã Xuân Mai,XÃ,Xuân Mai,01/07/2025,https://danhmuchanhchinh.nso.gov.vn/Doi_Chieu_Moi.aspx
01,Thành phố Hà Nội,10072,Xã Quảng Bị,XÃ,Quảng Bị,01/07/2025,https://danhmuchanhchinh.nso.gov.vn/Doi_Chieu_Moi.aspx
01,Thành phố Hà Nội,10081,Xã Trần Phú,XÃ,Trần Phú,01/07/2025,https://danhmuchanhchinh.nso.gov.vn/Doi_Chieu_Moi.aspx
01,Thành phố Hà Nội,10096,Xã Hòa Phú,XÃ,Hòa Phú,01/07/2025,https://danhmuchanhchinh.nso.gov.vn/Doi_Chieu_Moi.aspx
01,Thành phố Hà Nội,10114,Xã Thanh Oai,XÃ,Thanh Oai,01/07/2025,https://danhmuchanhchinh.nso.gov.vn/Doi_Chieu_Moi.aspx
01,Thành phố Hà Nội,10126,Xã Bình Minh,XÃ,Bình Minh,01/07/2025,https://danhmuchanhchinh.nso.gov.vn/Doi_Chieu_Moi.aspx
01,Thành phố Hà Nội,10144,Xã Tam Hưng,XÃ,Tam Hưng,01/07/2025,https://danhmuchanhchinh.nso.gov.vn/Doi_Chieu_Moi.aspx
01,Thành phố Hà Nội,10180,Xã Dân Hòa,XÃ,Dân Hòa,01/07/2025,https://danhmuchanhchinh.nso.gov.vn/Doi_Chieu_Moi.aspx
01,Thành phố Hà Nội,10183,Xã Thường Tín,XÃ,Thường Tín,01/07/2025,https://danhmuchanhchinh.nso.gov.vn/Doi_Chieu_Moi.aspx
01,Thành phố Hà Nội,10210,Xã Hồng Vân,XÃ,Hồng Vân,01/07/2025,https://danhmuchanhchinh.nso.gov.vn/Doi_Chieu_Moi.aspx
01,Thành phố Hà Nội,10231,Xã Thượng Phúc,XÃ,Thượng Phúc,01/07/2025,https://danhmuchanhchinh.nso.gov.vn/Doi_Chieu_Moi.aspx
01,Thành phố Hà Nội,10237,Xã Chương Dương,XÃ,Chương Dương,01/07/2025,https://danhmuchanhchinh.nso.gov.vn/Doi_Chieu_Moi.aspx
01,Thành phố Hà Nội,10273,Xã Phú Xuyên,XÃ,Phú Xuyên,01/07/2025,https://danhmuchanhchinh.nso.gov.vn/Doi_Chieu_Moi.aspx
01,Thành phố Hà Nội,10279,Xã Phượng Dực,XÃ,Phượng Dực,01/07/2025,https://danhmuchanhchinh.nso.gov.vn/Doi_Chieu_Moi.aspx
01,Thành phố Hà Nội,10330,Xã Chuyên Mỹ,XÃ,Chuyên Mỹ,01/07/2025,https://danhmuchanhchinh.nso.gov.vn/Doi_Chieu_Moi.aspx
01,Thành phố Hà Nội,10342,Xã Đại Xuyên,XÃ,Đại Xuyên,01/07/2025,https://danhmuchanhchinh.nso.gov.vn/Doi_Chieu_Moi.aspx
01,Thành phố Hà Nội,10354,Xã Vân Đình,XÃ,Vân Đình,01/07/2025,https://danhmuchanhchinh.nso.gov.vn/Doi_Chieu_Moi.aspx
01,Thành phố Hà Nội,10369,Xã Ứng Thiên,XÃ,Ứng Thiên,01/07/2025,https://danhmuchanhchinh.nso.gov.vn/Doi_Chieu_Moi.aspx
01,Thành phố Hà Nội,10402,Xã Ứng Hòa,XÃ,Ứng Hòa,01/07/2025,https://danhmuchanhchinh.nso.gov.vn/Doi_Chieu_Moi.aspx
01,Thành phố Hà Nội,10417,Xã Hòa Xá,XÃ,Hòa Xá,01/07/2025,https://danhmuchanhchinh.nso.gov.vn/Doi_Chieu_Moi.aspx
01,Thành phố Hà Nội,10441,Xã Mỹ Đức,XÃ,Mỹ Đức,01/07/2025,https://danhmuchanhchinh.nso.gov.vn/Doi_Chieu_Moi.aspx
01,Thành phố Hà Nội,10459,Xã Phúc Sơn,XÃ,Phúc Sơn,01/07/2025,https://danhmuchanhchinh.nso.gov.vn/Doi_Chieu_Moi.aspx
01,Thành phố Hà Nội,10465,Xã Hồng Sơn,XÃ,Hồng Sơn,01/07/2025,https://danhmuchanhchinh.nso.gov.vn/Doi_Chieu_Moi.aspx
01,Thành phố Hà Nội,10489,Xã Hương Sơn,XÃ,Hương Sơn,01/07/2025,https://danhmuchanhchinh.nso.gov.vn/Doi_Chieu_Moi.aspx
04,Tỉnh Cao Bằng,01273,Phường Thục Phán,PHƯỜNG,Thục Phán,01/07/2025,https://danhmuchanhchinh.nso.gov.vn/Doi_Chieu_Moi.aspx
04,Tỉnh Cao Bằng,01279,Phường Nùng Trí Cao,PHƯỜNG,Nùng Trí Cao,01/07/2025,https://danhmuchanhchinh.nso.gov.vn/Doi_Chieu_Moi.aspx
04,Tỉnh Cao Bằng,01288,Phường Tân Giang,PHƯỜNG,Tân Giang,01/07/2025,https://danhmuchanhchinh.nso.gov.vn/Doi_Chieu_Moi.aspx
04,Tỉnh Cao Bằng,01290,Xã Bảo Lâm,XÃ,Bảo Lâm,01/07/2025,https://danhmuchanhchinh.nso.gov.vn/Doi_Chieu_Moi.aspx
04,Tỉnh Cao Bằng,01294,Xã Lý Bôn,XÃ,Lý Bôn,01/07/2025,https://danhmuchanhchinh.nso.gov.vn/Doi_Chieu_Moi.aspx
04,Tỉnh Cao Bằng,01297,Xã Nam Quang,XÃ,Nam Quang,01/07/2025,https://danhmuchanhchinh.nso.gov.vn/Doi_Chieu_Moi.aspx
04,Tỉnh Cao Bằng,01304,Xã Quảng Lâm,XÃ,Quảng Lâm,01/07/2025,https://danhmuchanhchinh.nso.gov.vn/Doi_Chieu_Moi.aspx
04,Tỉnh Cao Bằng,01318,Xã Yên Thổ,XÃ,Yên Thổ,01/07/2025,https://danhmuchanhchinh.nso.gov.vn/Doi_Chieu_Moi.aspx
04,Tỉnh Cao Bằng,01321,Xã Bảo Lạc,XÃ,Bảo Lạc,01/07/2025,https://danhmuchanhchinh.nso.gov.vn/Doi_Chieu_Moi.aspx
04,Tỉnh Cao Bằng,01324,Xã Cốc Pàng,XÃ,Cốc Pàng,01/07/2025,https://danhmuchanhchinh.nso.gov.vn/Doi_Chieu_Moi.aspx
04,Tỉnh Cao Bằng,01327,Xã Cô Ba,XÃ,Cô Ba,01/07/2025,https://danhmuchanhchinh.nso.gov.vn/Doi_Chieu_Moi.aspx
04,Tỉnh Cao Bằng,01336,Xã Khánh Xuân,XÃ,Khánh Xuân,01/07/2025,https://danhmuchanhchinh.nso.gov.vn/Doi_Chieu_Moi.aspx
04,Tỉnh Cao Bằng,01339,Xã Xuân Trường,XÃ,Xuân Trường,01/07/2025,https://danhmuchanhchinh.nso.gov.vn/Doi_Chieu_Moi.aspx
04,Tỉnh Cao Bằng,01351,Xã Hưng Đạo,XÃ,Hưng Đạo,01/07/2025,https://danhmuchanhchinh.nso.gov.vn/Doi_Chieu_Moi.aspx
04,Tỉnh Cao Bằng,01354,Xã Huy Giáp,XÃ,Huy Giáp,01/07/2025,https://danhmuchanhchinh.nso.gov.vn/Doi_Chieu_Moi.aspx
04,Tỉnh Cao Bằng,01360,Xã Sơn Lộ,XÃ,Sơn Lộ,01/07/2025,https://danhmuchanhchinh.nso.gov.vn/Doi_Chieu_Moi.aspx
04,Tỉnh Cao Bằng,01363,Xã Thông Nông,XÃ,Thông Nông,01/07/2025,https://danhmuchanhchinh.nso.gov.vn/Doi_Chieu_Moi.aspx
04,Tỉnh Cao Bằng,01366,Xã Cần Yên,XÃ,Cần Yên,01/07/2025,https://danhmuchanhchinh.nso.gov.vn/Doi_Chieu_Moi.aspx
04,Tỉnh Cao Bằng,01387,Xã Thanh Long,XÃ,Thanh Long,01/07/2025,https://danhmuchanhchinh.nso.gov.vn/Doi_Chieu_Moi.aspx
04,Tỉnh Cao Bằng,01392,Xã Trường Hà,XÃ,Trường Hà,01/07/2025,https://danhmuchanhchinh.nso.gov.vn/Doi_Chieu_Moi.aspx
04,Tỉnh Cao Bằng,01393,Xã Lũng Nặm,XÃ,Lũng Nặm,01/07/2025,https://danhmuchanhchinh.nso.gov.vn/Doi_Chieu_Moi.aspx
04,Tỉnh Cao Bằng,01414,Xã Tổng Cọt,XÃ,Tổng Cọt,01/07/2025,https://danhmuchanhchinh.nso.gov.vn/Doi_Chieu_Moi.aspx
04,Tỉnh Cao Bằng,01438,Xã Hà Quảng,XÃ,Hà Quảng,01/07/2025,https://danhmuchanhchinh.nso.gov.vn/Doi_Chieu_Moi.aspx
04,Tỉnh Cao Bằng,01447,Xã Trà Lĩnh,XÃ,Trà Lĩnh,01/07/2025,https://danhmuchanhchinh.nso.gov.vn/Doi_Chieu_Moi.aspx
04,Tỉnh Cao Bằng,01456,Xã Quang Hán,XÃ,Quang Hán,01/07/2025,https://danhmuchanhchinh.nso.gov.vn/Doi_Chieu_Moi.aspx
04,Tỉnh Cao Bằng,01465,Xã Quang Trung,XÃ,Quang Trung,01/07/2025,https://danhmuchanhchinh.nso.gov.vn/Doi_Chieu_Moi.aspx
04,Tỉnh Cao Bằng,01477,Xã Trùng Khánh,XÃ,Trùng Khánh,01/07/2025,https://danhmuchanhchinh.nso.gov.vn/Doi_Chieu_Moi.aspx
04,Tỉnh Cao Bằng,01489,Xã Đình Phong,XÃ,Đình Phong,01/07/2025,https://danhmuchanhchinh.nso.gov.vn/Doi_Chieu_Moi.aspx
04,Tỉnh Cao Bằng,01501,Xã Đàm Thủy,XÃ,Đàm Thủy,01/07/2025,https://danhmuchanhchinh.nso.gov.vn/Doi_Chieu_Moi.aspx
04,Tỉnh Cao Bằng,01525,Xã Đoài Dương,XÃ,Đoài Dương,01/07/2025,https://danhmuchanhchinh.nso.gov.vn/Doi_Chieu_Moi.aspx
04,Tỉnh Cao Bằng,01537,Xã Lý Quốc,XÃ,Lý Quốc,01/07/2025,https://danhmuchanhchinh.nso.gov.vn/Doi_Chieu_Moi.aspx
04,Tỉnh Cao Bằng,01552,Xã Quang Long,XÃ,Quang Long,01/07/2025,https://danhmuchanhchinh.nso.gov.vn/Doi_Chieu_Moi.aspx
04,Tỉnh Cao Bằng,01558,Xã Hạ Lang,XÃ,Hạ Lang,01/07/2025,https://danhmuchanhchinh.nso.gov.vn/Doi_Chieu_Moi.aspx
04,Tỉnh Cao Bằng,01561,Xã Vinh Quý,XÃ,Vinh Quý,01/07/2025,https://danhmuchanhchinh.nso.gov.vn/Doi_Chieu_Moi.aspx
04,Tỉnh Cao Bằng,01576,Xã Quảng Uyên,XÃ,Quảng Uyên,01/07/2025,https://danhmuchanhchinh.nso.gov.vn/Doi_Chieu_Moi.aspx
04,Tỉnh Cao Bằng,01594,Xã Độc Lập,XÃ,Độc Lập,01/07/2025,https://danhmuchanhchinh.nso.gov.vn/Doi_Chieu_Moi.aspx
04,Tỉnh Cao Bằng,01618,Xã Hạnh Phúc,XÃ,Hạnh Phúc,01/07/2025,https://danhmuchanhchinh.nso.gov.vn/Doi_Chieu_Moi.aspx
04,Tỉnh Cao Bằng,01636,Xã Bế Văn Đàn,XÃ,Bế Văn Đàn,01/07/2025,https://danhmuchanhchinh.nso.gov.vn/Doi_Chieu_Moi.aspx
04,Tỉnh Cao Bằng,01648,Xã Phục Hòa,XÃ,Phục Hòa,01/07/2025,https://danhmuchanhchinh.nso.gov.vn/Doi_Chieu_Moi.aspx
04,Tỉnh Cao Bằng,01654,Xã Hòa An,XÃ,Hòa An,01/07/2025,https://danhmuchanhchinh.nso.gov.vn/Doi_Chieu_Moi.aspx
04,Tỉnh Cao Bằng,01660,Xã Nam Tuấn,XÃ,Nam Tuấn,01/07/2025,https://danhmuchanhchinh.nso.gov.vn/Doi_Chieu_Moi.aspx
04,Tỉnh Cao Bằng,01699,Xã Nguyễn Huệ,XÃ,Nguyễn Huệ,01/07/2025,https://danhmuchanhchinh.nso.gov.vn/Doi_Chieu_Moi.aspx
04,Tỉnh Cao Bằng,01708,Xã Bạch Đằng,XÃ,Bạch Đằng,01/07/2025,https://danhmuchanhchinh.nso.gov.vn/Doi_Chieu_Moi.aspx
04,Tỉnh Cao Bằng,01726,Xã Nguyên Bình,XÃ,Nguyên Bình,01/07/2025,https://danhmuchanhchinh.nso.gov.vn/Doi_Chieu_Moi.aspx
04,Tỉnh Cao Bằng,01729,Xã Tĩnh Túc,XÃ,Tĩnh Túc,01/07/2025,https://danhmuchanhchinh.nso.gov.vn/Doi_Chieu_Moi.aspx
04,Tỉnh Cao Bằng,01738,Xã Ca Thành,XÃ,Ca Thành,01/07/2025,https://danhmuchanhchinh.nso.gov.vn/Doi_Chieu_Moi.aspx
04,Tỉnh Cao Bằng,01747,Xã Minh Tâm,XÃ,Minh Tâm,01/07/2025,https://danhmuchanhchinh.nso.gov.vn/Doi_Chieu_Moi.aspx
04,Tỉnh Cao Bằng,01768,Xã Phan Thanh,XÃ,Phan Thanh,01/07/2025,https://danhmuchanhchinh.nso.gov.vn/Doi_Chieu_Moi.aspx
04,Tỉnh Cao Bằng,01774,Xã Tam Kim,XÃ,Tam Kim,01/07/2025,https://danhmuchanhchinh.nso.gov.vn/Doi_Chieu_Moi.aspx
04,Tỉnh Cao Bằng,01777,Xã Thành Công,XÃ,Thành Công,01/07/2025,https://danhmuchanhchinh.nso.gov.vn/Doi_Chieu_Moi.aspx
04,Tỉnh Cao Bằng,01786,Xã Đông Khê,XÃ,Đông Khê,01/07/2025,https://danhmuchanhchinh.nso.gov.vn/Doi_Chieu_Moi.aspx
04,Tỉnh Cao Bằng,01789,Xã Canh Tân,XÃ,Canh Tân,01/07/2025,https://danhmuchanhchinh.nso.gov.vn/Doi_Chieu_Moi.aspx
04,Tỉnh Cao Bằng,01792,Xã Kim Đồng,XÃ,Kim Đồng,01/07/2025,https://danhmuchanhchinh.nso.gov.vn/Doi_Chieu_Moi.aspx
04,Tỉnh Cao Bằng,01795,Xã Minh Khai,XÃ,Minh Khai,01/07/2025,https://danhmuchanhchinh.nso.gov.vn/Doi_Chieu_Moi.aspx
04,Tỉnh Cao Bằng,01807,Xã Thạch An,XÃ,Thạch An,01/07/2025,https://danhmuchanhchinh.nso.gov.vn/Doi_Chieu_Moi.aspx
04,Tỉnh Cao Bằng,01822,Xã Đức Long,XÃ,Đức Long,01/07/2025,https://danhmuchanhchinh.nso.gov.vn/Doi_Chieu_Moi.aspx
08,Tỉnh Tuyên Quang,00691,Phường Hà Giang 2,PHƯỜNG,Hà Giang 2,01/07/2025,https://danhmuchanhchinh.nso.gov.vn/Doi_Chieu_Moi.aspx
08,Tỉnh Tuyên Quang,00694,Phường Hà Giang 1,PHƯỜNG,Hà Giang 1,01/07/2025,https://danhmuchanhchinh.nso.gov.vn/Doi_Chieu_Moi.aspx
08,Tỉnh Tuyên Quang,00700,Xã Ngọc Đường,XÃ,Ngọc Đường,01/07/2025,https://danhmuchanhchinh.nso.gov.vn/Doi_Chieu_Moi.aspx
08,Tỉnh Tuyên Quang,00706,Xã Phú Linh,XÃ,Phú Linh,01/07/2025,https://danhmuchanhchinh.nso.gov.vn/Doi_Chieu_Moi.aspx
08,Tỉnh Tuyên Quang,00715,Xã Lũng Cú,XÃ,Lũng Cú,01/07/2025,https://danhmuchanhchinh.nso.gov.vn/Doi_Chieu_Moi.aspx
08,Tỉnh Tuyên Quang,00721,Xã Đồng Văn,XÃ,Đồng Văn,01/07/2025,https://danhmuchanhchinh.nso.gov.vn/Doi_Chieu_Moi.aspx
08,Tỉnh Tuyên Quang,00733,Xã Sà Phìn,XÃ,Sà Phìn,01/07/2025,https://danhmuchanhchinh.nso.gov.vn/Doi_Chieu_Moi.aspx
08,Tỉnh Tuyên Quang,00745,Xã Phố Bảng,XÃ,Phố Bảng,01/07/2025,https://danhmuchanhchinh.nso.gov.vn/Doi_Chieu_Moi.aspx
08,Tỉnh Tuyên Quang,00763,Xã Lũng Phìn,XÃ,Lũng Phìn,01/07/2025,https://danhmuchanhchinh.nso.gov.vn/Doi_Chieu_Moi.aspx
08,Tỉnh Tuyên Quang,00769,Xã Mèo Vạc,XÃ,Mèo Vạc,01/07/2025,https://danhmuchanhchinh.nso.gov.vn/Doi_Chieu_Moi.aspx
08,Tỉnh Tuyên Quang,00778,Xã Sơn Vĩ,XÃ,Sơn Vĩ,01/07/2025,https://danhmuchanhchinh.nso.gov.vn/Doi_Chieu_Moi.aspx
08,Tỉnh Tuyên Quang,00787,Xã Sủng Máng,XÃ,Sủng Máng,01/07/2025,https://danhmuchanhchinh.nso.gov.vn/Doi_Chieu_Moi.aspx
08,Tỉnh Tuyên Quang,00802,Xã Khâu Vai,XÃ,Khâu Vai,01/07/2025,https://danhmuchanhchinh.nso.gov.vn/Doi_Chieu_Moi.aspx
08,Tỉnh Tuyên Quang,00808,Xã Tát Ngà,XÃ,Tát Ngà,01/07/2025,https://danhmuchanhchinh.nso.gov.vn/Doi_Chieu_Moi.aspx
08,Tỉnh Tuyên Quang,00817,Xã Niêm Sơn,XÃ,Niêm Sơn,01/07/2025,https://danhmuchanhchinh.nso.gov.vn/Doi_Chieu_Moi.aspx
08,Tỉnh Tuyên Quang,00820,Xã Yên Minh,XÃ,Yên Minh,01/07/2025,https://danhmuchanhchinh.nso.gov.vn/Doi_Chieu_Moi.aspx
08,Tỉnh Tuyên Quang,00829,Xã Thắng Mố,XÃ,Thắng Mố,01/07/2025,https://danhmuchanhchinh.nso.gov.vn/Doi_Chieu_Moi.aspx
08,Tỉnh Tuyên Quang,00832,Xã Bạch Đích,XÃ,Bạch Đích,01/07/2025,https://danhmuchanhchinh.nso.gov.vn/Doi_Chieu_Moi.aspx
08,Tỉnh Tuyên Quang,00847,Xã Mậu Duệ,XÃ,Mậu Duệ,01/07/2025,https://danhmuchanhchinh.nso.gov.vn/Doi_Chieu_Moi.aspx
08,Tỉnh Tuyên Quang,00859,Xã Ngọc Long,XÃ,Ngọc Long,01/07/2025,https://danhmuchanhchinh.nso.gov.vn/Doi_Chieu_Moi.aspx
08,Tỉnh Tuyên Quang,00865,Xã Đường Thượng,XÃ,Đường Thượng,01/07/2025,https://danhmuchanhchinh.nso.gov.vn/Doi_Chieu_Moi.aspx
08,Tỉnh Tuyên Quang,00871,Xã Du Già,XÃ,Du Già,01/07/2025,https://danhmuchanhchinh.nso.gov.vn/Doi_Chieu_Moi.aspx
08,Tỉnh Tuyên Quang,00874,Xã Quản Bạ,XÃ,Quản Bạ,01/07/2025,https://danhmuchanhchinh.nso.gov.vn/Doi_Chieu_Moi.aspx
08,Tỉnh Tuyên Quang,00883,Xã Cán Tỷ,XÃ,Cán Tỷ,01/07/2025,https://danhmuchanhchinh.nso.gov.vn/Doi_Chieu_Moi.aspx
08,Tỉnh Tuyên Quang,00889,Xã Nghĩa Thuận,XÃ,Nghĩa Thuận,01/07/2025,https://danhmuchanhchinh.nso.gov.vn/Doi_Chieu_Moi.aspx
08,Tỉnh Tuyên Quang,00892,Xã Tùng Vài,XÃ,Tùng Vài,01/07/2025,https://danhmuchanhchinh.nso.gov.vn/Doi_Chieu_Moi.aspx
08,Tỉnh Tuyên Quang,00901,Xã Lùng Tám,XÃ,Lùng Tám,01/07/2025,https://danhmuchanhchinh.nso.gov.vn/Doi_Chieu_Moi.aspx
08,Tỉnh Tuyên Quang,00913,Xã Vị Xuyên,XÃ,Vị Xuyên,01/07/2025,https://danhmuchanhchinh.nso.gov.vn/Doi_Chieu_Moi.aspx
08,Tỉnh Tuyên Quang,00919,Xã Minh Tân,XÃ,Minh Tân,01/07/2025,https://danhmuchanhchinh.nso.gov.vn/Doi_Chieu_Moi.aspx
08,Tỉnh Tuyên Quang,00922,Xã Thuận Hoà,XÃ,Thuận Hoà,01/07/2025,https://danhmuchanhchinh.nso.gov.vn/Doi_Chieu_Moi.aspx
08,Tỉnh Tuyên Quang,00925,Xã Tùng Bá,XÃ,Tùng Bá,01/07/2025,https://danhmuchanhchinh.nso.gov.vn/Doi_Chieu_Moi.aspx
08,Tỉnh Tuyên Quang,00928,Xã Thanh Thủy,XÃ,Thanh Thủy,01/07/2025,https://danhmuchanhchinh.nso.gov.vn/Doi_Chieu_Moi.aspx
08,Tỉnh Tuyên Quang,00937,Xã Lao Chải,XÃ,Lao Chải,01/07/2025,https://danhmuchanhchinh.nso.gov.vn/Doi_Chieu_Moi.aspx
08,Tỉnh Tuyên Quang,00952,Xã Cao Bồ,XÃ,Cao Bồ,01/07/2025,https://danhmuchanhchinh.nso.gov.vn/Doi_Chieu_Moi.aspx
08,Tỉnh Tuyên Quang,00958,Xã Thượng Sơn,XÃ,Thượng Sơn,01/07/2025,https://danhmuchanhchinh.nso.gov.vn/Doi_Chieu_Moi.aspx
08,Tỉnh Tuyên Quang,00967,Xã Việt Lâm,XÃ,Việt Lâm,01/07/2025,https://danhmuchanhchinh.nso.gov.vn/Doi_Chieu_Moi.aspx
08,Tỉnh Tuyên Quang,00970,Xã Linh Hồ,XÃ,Linh Hồ,01/07/2025,https://danhmuchanhchinh.nso.gov.vn/Doi_Chieu_Moi.aspx
08,Tỉnh Tuyên Quang,00976,Xã Bạch Ngọc,XÃ,Bạch Ngọc,01/07/2025,https://danhmuchanhchinh.nso.gov.vn/Doi_Chieu_Moi.aspx
08,Tỉnh Tuyên Quang,00982,Xã Minh Sơn,XÃ,Minh Sơn,01/07/2025,https://danhmuchanhchinh.nso.gov.vn/Doi_Chieu_Moi.aspx
08,Tỉnh Tuyên Quang,00985,Xã Giáp Trung,XÃ,Giáp Trung,01/07/2025,https://danhmuchanhchinh.nso.gov.vn/Doi_Chieu_Moi.aspx
08,Tỉnh Tuyên Quang,00991,Xã Bắc Mê,XÃ,Bắc Mê,01/07/2025,https://danhmuchanhchinh.nso.gov.vn/Doi_Chieu_Moi.aspx
08,Tỉnh Tuyên Quang,00994,Xã Minh Ngọc,XÃ,Minh Ngọc,01/07/2025,https://danhmuchanhchinh.nso.gov.vn/Doi_Chieu_Moi.aspx
08,Tỉnh Tuyên Quang,01006,Xã Yên Cường,XÃ,Yên Cường,01/07/2025,https://danhmuchanhchinh.nso.gov.vn/Doi_Chieu_Moi.aspx
08,Tỉnh Tuyên Quang,01012,Xã Đường Hồng,XÃ,Đường Hồng,01/07/2025,https://danhmuchanhchinh.nso.gov.vn/Doi_Chieu_Moi.aspx
08,Tỉnh Tuyên Quang,01021,Xã Hoàng Su Phì,XÃ,Hoàng Su Phì,01/07/2025,https://danhmuchanhchinh.nso.gov.vn/Doi_Chieu_Moi.aspx
08,Tỉnh Tuyên Quang,01024,Xã Bản Máy,XÃ,Bản Máy,01/07/2025,https://danhmuchanhchinh.nso.gov.vn/Doi_Chieu_Moi.aspx
08,Tỉnh Tuyên Quang,01033,Xã Thàng Tín,XÃ,Thàng Tín,01/07/2025,https://danhmuchanhchinh.nso.gov.vn/Doi_Chieu_Moi.aspx
08,Tỉnh Tuyên Quang,01051,Xã Tân Tiến,XÃ,Tân Tiến,01/07/2025,https://danhmuchanhchinh.nso.gov.vn/Doi_Chieu_Moi.aspx
08,Tỉnh Tuyên Quang,01057,Xã Pờ Ly Ngài,XÃ,Pờ Ly Ngài,01/07/2025,https://danhmuchanhchinh.nso.gov.vn/Doi_Chieu_Moi.aspx
08,Tỉnh Tuyên Quang,01075,Xã Nậm Dịch,XÃ,Nậm Dịch,01/07/2025,https://danhmuchanhchinh.nso.gov.vn/Doi_Chieu_Moi.aspx
08,Tỉnh Tuyên Quang,01084,Xã Hồ Thầu,XÃ,Hồ Thầu,01/07/2025,https://danhmuchanhchinh.nso.gov.vn/Doi_Chieu_Moi.aspx
08,Tỉnh Tuyên Quang,01090,Xã Thông Nguyên,XÃ,Thông Nguyên,01/07/2025,https://danhmuchanhchinh.nso.gov.vn/Doi_Chieu_Moi.aspx
08,Tỉnh Tuyên Quang,01096,Xã Pà Vầy Sủ,XÃ,Pà Vầy Sủ,01/07/2025,https://danhmuchanhchinh.nso.gov.vn/Doi_Chieu_Moi.aspx
08,Tỉnh Tuyên Quang,01108,Xã Xín Mần,XÃ,Xín Mần,01/07/2025,https://danhmuchanhchinh.nso.gov.vn/Doi_Chieu_Moi.aspx
08,Tỉnh Tuyên Quang,01117,Xã Trung Thịnh,XÃ,Trung Thịnh,01/07/2025,https://danhmuchanhchinh.nso.gov.vn/Doi_Chieu_Moi.aspx
08,Tỉnh Tuyên Quang,01141,Xã Nấm Dẩn,XÃ,Nấm Dẩn,01/07/2025,https://danhmuchanhchinh.nso.gov.vn/Doi_Chieu_Moi.aspx
08,Tỉnh Tuyên Quang,01144,Xã Quảng Nguyên,XÃ,Quảng Nguyên,01/07/2025,https://danhmuchanhchinh.nso.gov.vn/Doi_Chieu_Moi.aspx
08,Tỉnh Tuyên Quang,01147,Xã Khuôn Lùng,XÃ,Khuôn Lùng,01/07/2025,https://danhmuchanhchinh.nso.gov.vn/Doi_Chieu_Moi.aspx
08,Tỉnh Tuyên Quang,01153,Xã Bắc Quang,XÃ,Bắc Quang,01/07/2025,https://danhmuchanhchinh.nso.gov.vn/Doi_Chieu_Moi.aspx
08,Tỉnh Tuyên Quang,01156,Xã Vĩnh Tuy,XÃ,Vĩnh Tuy,01/07/2025,https://danhmuchanhchinh.nso.gov.vn/Doi_Chieu_Moi.aspx
08,Tỉnh Tuyên Quang,01165,Xã Đồng Tâm,XÃ,Đồng Tâm,01/07/2025,https://danhmuchanhchinh.nso.gov.vn/Doi_Chieu_Moi.aspx
08,Tỉnh Tuyên Quang,01171,Xã Tân Quang,XÃ,Tân Quang,01/07/2025,https://danhmuchanhchinh.nso.gov.vn/Doi_Chieu_Moi.aspx
08,Tỉnh Tuyên Quang,01180,Xã Bằng Hành,XÃ,Bằng Hành,01/07/2025,https://danhmuchanhchinh.nso.gov.vn/Doi_Chieu_Moi.aspx
08,Tỉnh Tuyên Quang,01192,Xã Liên Hiệp,XÃ,Liên Hiệp,01/07/2025,https://danhmuchanhchinh.nso.gov.vn/Doi_Chieu_Moi.aspx
08,Tỉnh Tuyên Quang,01201,Xã Hùng An,XÃ,Hùng An,01/07/2025,https://danhmuchanhchinh.nso.gov.vn/Doi_Chieu_Moi.aspx
08,Tỉnh Tuyên Quang,01216,Xã Đồng Yên,XÃ,Đồng Yên,01/07/2025,https://danhmuchanhchinh.nso.gov.vn/Doi_Chieu_Moi.aspx
08,Tỉnh Tuyên Quang,01225,Xã Tiên Nguyên,XÃ,Tiên Nguyên,01/07/2025,https://danhmuchanhchinh.nso.gov.vn/Doi_Chieu_Moi.aspx
08,Tỉnh Tuyên Quang,01234,Xã Yên Thành,XÃ,Yên Thành,01/07/2025,https://danhmuchanhchinh.nso.gov.vn/Doi_Chieu_Moi.aspx
08,Tỉnh Tuyên Quang,01237,Xã Quang Bình,XÃ,Quang Bình,01/07/2025,https://danhmuchanhchinh.nso.gov.vn/Doi_Chieu_Moi.aspx
08,Tỉnh Tuyên Quang,01243,Xã Tân Trịnh,XÃ,Tân Trịnh,01/07/2025,https://danhmuchanhchinh.nso.gov.vn/Doi_Chieu_Moi.aspx
08,Tỉnh Tuyên Quang,01246,Xã Bằng Lang,XÃ,Bằng Lang,01/07/2025,https://danhmuchanhchinh.nso.gov.vn/Doi_Chieu_Moi.aspx
08,Tỉnh Tuyên Quang,01255,Xã Xuân Giang,XÃ,Xuân Giang,01/07/2025,https://danhmuchanhchinh.nso.gov.vn/Doi_Chieu_Moi.aspx
08,Tỉnh Tuyên Quang,01261,Xã Tiên Yên,XÃ,Tiên Yên,01/07/2025,https://danhmuchanhchinh.nso.gov.vn/Doi_Chieu_Moi.aspx
08,Tỉnh Tuyên Quang,02212,Phường Nông Tiến,PHƯỜNG,Nông Tiến,01/07/2025,https://danhmuchanhchinh.nso.gov.vn/Doi_Chieu_Moi.aspx
08,Tỉnh Tuyên Quang,02215,Phường Minh Xuân,PHƯỜNG,Minh Xuân,01/07/2025,https://danhmuchanhchinh.nso.gov.vn/Doi_Chieu_Moi.aspx
08,Tỉnh Tuyên Quang,02221,Xã Nà Hang,XÃ,Nà Hang,01/07/2025,https://danhmuchanhchinh.nso.gov.vn/Doi_Chieu_Moi.aspx
08,Tỉnh Tuyên Quang,02239,Xã Thượng Nông,XÃ,Thượng Nông,01/07/2025,https://danhmuchanhchinh.nso.gov.vn/Doi_Chieu_Moi.aspx
08,Tỉnh Tuyên Quang,02245,Xã Côn Lôn,XÃ,Côn Lôn,01/07/2025,https://danhmuchanhchinh.nso.gov.vn/Doi_Chieu_Moi.aspx
08,Tỉnh Tuyên Quang,02248,Xã Yên Hoa,XÃ,Yên Hoa,01/07/2025,https://danhmuchanhchinh.nso.gov.vn/Doi_Chieu_Moi.aspx
08,Tỉnh Tuyên Quang,02260,Xã Hồng Thái,XÃ,Hồng Thái,01/07/2025,https://danhmuchanhchinh.nso.gov.vn/Doi_Chieu_Moi.aspx
08,Tỉnh Tuyên Quang,02266,Xã Lâm Bình,XÃ,Lâm Bình,01/07/2025,https://danhmuchanhchinh.nso.gov.vn/Doi_Chieu_Moi.aspx
08,Tỉnh Tuyên Quang,02269,Xã Thượng Lâm,XÃ,Thượng Lâm,01/07/2025,https://danhmuchanhchinh.nso.gov.vn/Doi_Chieu_Moi.aspx
08,Tỉnh Tuyên Quang,02287,Xã Chiêm Hoá,XÃ,Chiêm Hoá,01/07/2025,https://danhmuchanhchinh.nso.gov.vn/Doi_Chieu_Moi.aspx
08,Tỉnh Tuyên Quang,02296,Xã Bình An,XÃ,Bình An,01/07/2025,https://danhmuchanhchinh.nso.gov.vn/Doi_Chieu_Moi.aspx
08,Tỉnh Tuyên Quang,02302,Xã Minh Quang,XÃ,Minh Quang,01/07/2025,https://danhmuchanhchinh.nso.gov.vn/Doi_Chieu_Moi.aspx
08,Tỉnh Tuyên Quang,02305,Xã Trung Hà,XÃ,Trung Hà,01/07/2025,https://danhmuchanhchinh.nso.gov.vn/Doi_Chieu_Moi.aspx
08,Tỉnh Tuyên Quang,02308,Xã Tân Mỹ,XÃ,Tân Mỹ,01/07/2025,https://danhmuchanhchinh.nso.gov.vn/Doi_Chieu_Moi.aspx
08,Tỉnh Tuyên Quang,02317,Xã Yên Lập,XÃ,Yên Lập,01/07/2025,https://danhmuchanhchinh.nso.gov.vn/Doi_Chieu_Moi.aspx
08,Tỉnh Tuyên Quang,02320,Xã Tân An,XÃ,Tân An,01/07/2025,https://danhmuchanhchinh.nso.gov.vn/Doi_Chieu_Moi.aspx
08,Tỉnh Tuyên Quang,02332,Xã Kiên Đài,XÃ,Kiên Đài,01/07/2025,https://danhmuchanhchinh.nso.gov.vn/Doi_Chieu_Moi.aspx
08,Tỉnh Tuyên Quang,02350,Xã Kim Bình,XÃ,Kim Bình,01/07/2025,https://danhmuchanhchinh.nso.gov.vn/Doi_Chieu_Moi.aspx
08,Tỉnh Tuyên Quang,02353,Xã Hoà An,XÃ,Hoà An,01/07/2025,https://danhmuchanhchinh.nso.gov.vn/Doi_Chieu_Moi.aspx
08,Tỉnh Tuyên Quang,02359,Xã Tri Phú,XÃ,Tri Phú,01/07/2025,https://danhmuchanhchinh.nso.gov.vn/Doi_Chieu_Moi.aspx
08,Tỉnh Tuyên Quang,02365,Xã Yên Nguyên,XÃ,Yên Nguyên,01/07/2025,https://danhmuchanhchinh.nso.gov.vn/Doi_Chieu_Moi.aspx
08,Tỉnh Tuyên Quang,02374,Xã Hàm Yên,XÃ,Hàm Yên,01/07/2025,https://danhmuchanhchinh.nso.gov.vn/Doi_Chieu_Moi.aspx
08,Tỉnh Tuyên Quang,02380,Xã Bạch Xa,XÃ,Bạch Xa,01/07/2025,https://danhmuchanhchinh.nso.gov.vn/Doi_Chieu_Moi.aspx
08,Tỉnh Tuyên Quang,02392,Xã Phù Lưu,XÃ,Phù Lưu,01/07/2025,https://danhmuchanhchinh.nso.gov.vn/Doi_Chieu_Moi.aspx
08,Tỉnh Tuyên Quang,02398,Xã Yên Phú,XÃ,Yên Phú,01/07/2025,https://danhmuchanhchinh.nso.gov.vn/Doi_Chieu_Moi.aspx
08,Tỉnh Tuyên Quang,02404,Xã Bình Xa,XÃ,Bình Xa,01/07/2025,https://danhmuchanhchinh.nso.gov.vn/Doi_Chieu_Moi.aspx
08,Tỉnh Tuyên Quang,02407,Xã Thái Sơn,XÃ,Thái Sơn,01/07/2025,https://danhmuchanhchinh.nso.gov.vn/Doi_Chieu_Moi.aspx
08,Tỉnh Tuyên Quang,02419,Xã Thái Hoà,XÃ,Thái Hoà,01/07/2025,https://danhmuchanhchinh.nso.gov.vn/Doi_Chieu_Moi.aspx
08,Tỉnh Tuyên Quang,02425,Xã Hùng Đức,XÃ,Hùng Đức,01/07/2025,https://danhmuchanhchinh.nso.gov.vn/Doi_Chieu_Moi.aspx
08,Tỉnh Tuyên Quang,02434,Xã Lực Hành,XÃ,Lực Hành,01/07/2025,https://danhmuchanhchinh.nso.gov.vn/Doi_Chieu_Moi.aspx
08,Tỉnh Tuyên Quang,02437,Xã Kiến Thiết,XÃ,Kiến Thiết,01/07/2025,https://danhmuchanhchinh.nso.gov.vn/Doi_Chieu_Moi.aspx
08,Tỉnh Tuyên Quang,02449,Xã Xuân Vân,XÃ,Xuân Vân,01/07/2025,https://danhmuchanhchinh.nso.gov.vn/Doi_Chieu_Moi.aspx
08,Tỉnh Tuyên Quang,02455,Xã Hùng Lợi,XÃ,Hùng Lợi,01/07/2025,https://danhmuchanhchinh.nso.gov.vn/Doi_Chieu_Moi.aspx
08,Tỉnh Tuyên Quang,02458,Xã Trung Sơn,XÃ,Trung Sơn,01/07/2025,https://danhmuchanhchinh.nso.gov.vn/Doi_Chieu_Moi.aspx
08,Tỉnh Tuyên Quang,02470,Xã Tân Long,XÃ,Tân Long,01/07/2025,https://danhmuchanhchinh.nso.gov.vn/Doi_Chieu_Moi.aspx
08,Tỉnh Tuyên Quang,02473,Xã Yên Sơn,XÃ,Yên Sơn,01/07/2025,https://danhmuchanhchinh.nso.gov.vn/Doi_Chieu_Moi.aspx
08,Tỉnh Tuyên Quang,02494,Xã Thái Bình,XÃ,Thái Bình,01/07/2025,https://danhmuchanhchinh.nso.gov.vn/Doi_Chieu_Moi.aspx
08,Tỉnh Tuyên Quang,02509,Phường Mỹ Lâm,PHƯỜNG,Mỹ Lâm,01/07/2025,https://danhmuchanhchinh.nso.gov.vn/Doi_Chieu_Moi.aspx
08,Tỉnh Tuyên Quang,02512,Phường An Tường,PHƯỜNG,An Tường,01/07/2025,https://danhmuchanhchinh.nso.gov.vn/Doi_Chieu_Moi.aspx
08,Tỉnh Tuyên Quang,02524,Phường Bình Thuận,PHƯỜNG,Bình Thuận,01/07/2025,https://danhmuchanhchinh.nso.gov.vn/Doi_Chieu_Moi.aspx
08,Tỉnh Tuyên Quang,02530,Xã Nhữ Khê,XÃ,Nhữ Khê,01/07/2025,https://danhmuchanhchinh.nso.gov.vn/Doi_Chieu_Moi.aspx
08,Tỉnh Tuyên Quang,02536,Xã Sơn Dương,XÃ,Sơn Dương,01/07/2025,https://danhmuchanhchinh.nso.gov.vn/Doi_Chieu_Moi.aspx
08,Tỉnh Tuyên Quang,02545,Xã Tân Trào,XÃ,Tân Trào,01/07/2025,https://danhmuchanhchinh.nso.gov.vn/Doi_Chieu_Moi.aspx
08,Tỉnh Tuyên Quang,02548,Xã Bình Ca,XÃ,Bình Ca,01/07/2025,https://danhmuchanhchinh.nso.gov.vn/Doi_Chieu_Moi.aspx
08,Tỉnh Tuyên Quang,02554,Xã Minh Thanh,XÃ,Minh Thanh,01/07/2025,https://danhmuchanhchinh.nso.gov.vn/Doi_Chieu_Moi.aspx
08,Tỉnh Tuyên Quang,02572,Xã Đông Thọ,XÃ,Đông Thọ,01/07/2025,https://danhmuchanhchinh.nso.gov.vn/Doi_Chieu_Moi.aspx
08,Tỉnh Tuyên Quang,02578,Xã Tân Thanh,XÃ,Tân Thanh,01/07/2025,https://danhmuchanhchinh.nso.gov.vn/Doi_Chieu_Moi.aspx
08,Tỉnh Tuyên Quang,02608,Xã Hồng Sơn,XÃ,Hồng Sơn,01/07/2025,https://danhmuchanhchinh.nso.gov.vn/Doi_Chieu_Moi.aspx
08,Tỉnh Tuyên Quang,02611,Xã Phú Lương,XÃ,Phú Lương,01/07/2025,https://danhmuchanhchinh.nso.gov.vn/Doi_Chieu_Moi.aspx
08,Tỉnh Tuyên Quang,02620,Xã Sơn Thuỷ,XÃ,Sơn Thuỷ,01/07/2025,https://danhmuchanhchinh.nso.gov.vn/Doi_Chieu_Moi.aspx
08,Tỉnh Tuyên Quang,02623,Xã Trường Sinh,XÃ,Trường Sinh,01/07/2025,https://danhmuchanhchinh.nso.gov.vn/Doi_Chieu_Moi.aspx
15,Tỉnh Lào Cai,02647,Phường Lào Cai,PHƯỜNG,Lào Cai,01/07/2025,https://danhmuchanhchinh.nso.gov.vn/Doi_Chieu_Moi.aspx
15,Tỉnh Lào Cai,02671,Phường Cam Đường,PHƯỜNG,Cam Đường,01/07/2025,https://danhmuchanhchinh.nso.gov.vn/Doi_Chieu_Moi.aspx
15,Tỉnh Lào Cai,02680,Xã Hợp Thành,XÃ,Hợp Thành,01/07/2025,https://danhmuchanhchinh.nso.gov.vn/Doi_Chieu_Moi.aspx
15,Tỉnh Lào Cai,02683,Xã Bát Xát,XÃ,Bát Xát,01/07/2025,https://danhmuchanhchinh.nso.gov.vn/Doi_Chieu_Moi.aspx
15,Tỉnh Lào Cai,02686,Xã A Mú Sung,XÃ,A Mú Sung,01/07/2025,https://danhmuchanhchinh.nso.gov.vn/Doi_Chieu_Moi.aspx
15,Tỉnh Lào Cai,02695,Xã Trịnh Tường,XÃ,Trịnh Tường,01/07/2025,https://danhmuchanhchinh.nso.gov.vn/Doi_Chieu_Moi.aspx
15,Tỉnh Lào Cai,02701,Xã Y Tý,XÃ,Y Tý,01/07/2025,https://danhmuchanhchinh.nso.gov.vn/Doi_Chieu_Moi.aspx
15,Tỉnh Lào Cai,02707,Xã Dền Sáng,XÃ,Dền Sáng,01/07/2025,https://danhmuchanhchinh.nso.gov.vn/Doi_Chieu_Moi.aspx
15,Tỉnh Lào Cai,02725,Xã Bản Xèo,XÃ,Bản Xèo,01/07/2025,https://danhmuchanhchinh.nso.gov.vn/Doi_Chieu_Moi.aspx
15,Tỉnh Lào Cai,02728,Xã Mường Hum,XÃ,Mường Hum,01/07/2025,https://danhmuchanhchinh.nso.gov.vn/Doi_Chieu_Moi.aspx
15,Tỉnh Lào Cai,02746,Xã Cốc San,XÃ,Cốc San,01/07/2025,https://danhmuchanhchinh.nso.gov.vn/Doi_Chieu_Moi.aspx
15,Tỉnh Lào Cai,02752,Xã Pha Long,XÃ,Pha Long,01/07/2025,https://danhmuchanhchinh.nso.gov.vn/Doi_Chieu_Moi.aspx
15,Tỉnh Lào Cai,02761,Xã Mường Khương,XÃ,Mường Khương,01/07/2025,https://danhmuchanhchinh.nso.gov.vn/Doi_Chieu_Moi.aspx
15,Tỉnh Lào Cai,02782,Xã Cao Sơn,XÃ,Cao Sơn,01/07/2025,https://danhmuchanhchinh.nso.gov.vn/Doi_Chieu_Moi.aspx
15,Tỉnh Lào Cai,02788,Xã Bản Lầu,XÃ,Bản Lầu,01/07/2025,https://danhmuchanhchinh.nso.gov.vn/Doi_Chieu_Moi.aspx
15,Tỉnh Lào Cai,02809,Xã Si Ma Cai,XÃ,Si Ma Cai,01/07/2025,https://danhmuchanhchinh.nso.gov.vn/Doi_Chieu_Moi.aspx
15,Tỉnh Lào Cai,02824,Xã Sín Chéng,XÃ,Sín Chéng,01/07/2025,https://danhmuchanhchinh.nso.gov.vn/Doi_Chieu_Moi.aspx
15,Tỉnh Lào Cai,02839,Xã Bắc Hà,XÃ,Bắc Hà,01/07/2025,https://danhmuchanhchinh.nso.gov.vn/Doi_Chieu_Moi.aspx
15,Tỉnh Lào Cai,02842,Xã Tả Củ Tỷ,XÃ,Tả Củ Tỷ,01/07/2025,https://danhmuchanhchinh.nso.gov.vn/Doi_Chieu_Moi.aspx
15,Tỉnh Lào Cai,02848,Xã Lùng Phình,XÃ,Lùng Phình,01/07/2025,https://danhmuchanhchinh.nso.gov.vn/Doi_Chieu_Moi.aspx
15,Tỉnh Lào Cai,02869,Xã Bản Liền,XÃ,Bản Liền,01/07/2025,https://danhmuchanhchinh.nso.gov.vn/Doi_Chieu_Moi.aspx
15,Tỉnh Lào Cai,02890,Xã Bảo Nhai,XÃ,Bảo Nhai,01/07/2025,https://danhmuchanhchinh.nso.gov.vn/Doi_Chieu_Moi.aspx
15,Tỉnh Lào Cai,02896,Xã Cốc Lầu,XÃ,Cốc Lầu,01/07/2025,https://danhmuchanhchinh.nso.gov.vn/Doi_Chieu_Moi.aspx
15,Tỉnh Lào Cai,02902,Xã Phong Hải,XÃ,Phong Hải,01/07/2025,https://danhmuchanhchinh.nso.gov.vn/Doi_Chieu_Moi.aspx
15,Tỉnh Lào Cai,02905,Xã Bảo Thắng,XÃ,Bảo Thắng,01/07/2025,https://danhmuchanhchinh.nso.gov.vn/Doi_Chieu_Moi.aspx
15,Tỉnh Lào Cai,02908,Xã Tằng Loỏng,XÃ,Tằng Loỏng,01/07/2025,https://danhmuchanhchinh.nso.gov.vn/Doi_Chieu_Moi.aspx
15,Tỉnh Lào Cai,02923,Xã Gia Phú,XÃ,Gia Phú,01/07/2025,https://danhmuchanhchinh.nso.gov.vn/Doi_Chieu_Moi.aspx
15,Tỉnh Lào Cai,02926,Xã Xuân Quang,XÃ,Xuân Quang,01/07/2025,https://danhmuchanhchinh.nso.gov.vn/Doi_Chieu_Moi.aspx
15,Tỉnh Lào Cai,02947,Xã Bảo Yên,XÃ,Bảo Yên,01/07/2025,https://danhmuchanhchinh.nso.gov.vn/Doi_Chieu_Moi.aspx
15,Tỉnh Lào Cai,02953,Xã Nghĩa Đô,XÃ,Nghĩa Đô,01/07/2025,https://danhmuchanhchinh.nso.gov.vn/Doi_Chieu_Moi.aspx
15,Tỉnh Lào Cai,02962,Xã Xuân Hòa,XÃ,Xuân Hòa,01/07/2025,https://danhmuchanhchinh.nso.gov.vn/Doi_Chieu_Moi.aspx
15,Tỉnh Lào Cai,02968,Xã Thượng Hà,XÃ,Thượng Hà,01/07/2025,https://danhmuchanhchinh.nso.gov.vn/Doi_Chieu_Moi.aspx
15,Tỉnh Lào Cai,02989,Xã Bảo Hà,XÃ,Bảo Hà,01/07/2025,https://danhmuchanhchinh.nso.gov.vn/Doi_Chieu_Moi.aspx
15,Tỉnh Lào Cai,02998,Xã Phúc Khánh,XÃ,Phúc Khánh,01/07/2025,https://danhmuchanhchinh.nso.gov.vn/Doi_Chieu_Moi.aspx
15,Tỉnh Lào Cai,03004,Xã Ngũ Chỉ Sơn,XÃ,Ngũ Chỉ Sơn,01/07/2025,https://danhmuchanhchinh.nso.gov.vn/Doi_Chieu_Moi.aspx
15,Tỉnh Lào Cai,03006,Phường Sa Pa,PHƯỜNG,Sa Pa,01/07/2025,https://danhmuchanhchinh.nso.gov.vn/Doi_Chieu_Moi.aspx
15,Tỉnh Lào Cai,03013,Xã Tả Phìn,XÃ,Tả Phìn,01/07/2025,https://danhmuchanhchinh.nso.gov.vn/Doi_Chieu_Moi.aspx
15,Tỉnh Lào Cai,03037,Xã Tả Van,XÃ,Tả Van,01/07/2025,https://danhmuchanhchinh.nso.gov.vn/Doi_Chieu_Moi.aspx
15,Tỉnh Lào Cai,03043,Xã Mường Bo,XÃ,Mường Bo,01/07/2025,https://danhmuchanhchinh.nso.gov.vn/Doi_Chieu_Moi.aspx
15,Tỉnh Lào Cai,03046,Xã Bản Hồ,XÃ,Bản Hồ,01/07/2025,https://danhmuchanhchinh.nso.gov.vn/Doi_Chieu_Moi.aspx
15,Tỉnh Lào Cai,03061,Xã Võ Lao,XÃ,Võ Lao,01/07/2025,https://danhmuchanhchinh.nso.gov.vn/Doi_Chieu_Moi.aspx
15,Tỉnh Lào Cai,03076,Xã Nậm Chày,XÃ,Nậm Chày,01/07/2025,https://danhmuchanhchinh.nso.gov.vn/Doi_Chieu_Moi.aspx
15,Tỉnh Lào Cai,03082,Xã Văn Bàn,XÃ,Văn Bàn,01/07/2025,https://danhmuchanhchinh.nso.gov.vn/Doi_Chieu_Moi.aspx
15,Tỉnh Lào Cai,03085,Xã Nậm Xé,XÃ,Nậm Xé,01/07/2025,https://danhmuchanhchinh.nso.gov.vn/Doi_Chieu_Moi.aspx
15,Tỉnh Lào Cai,03091,Xã Chiềng Ken,XÃ,Chiềng Ken,01/07/2025,https://danhmuchanhchinh.nso.gov.vn/Doi_Chieu_Moi.aspx
15,Tỉnh Lào Cai,03103,Xã Khánh Yên,XÃ,Khánh Yên,01/07/2025,https://danhmuchanhchinh.nso.gov.vn/Doi_Chieu_Moi.aspx
15,Tỉnh Lào Cai,03106,Xã Dương Quỳ,XÃ,Dương Quỳ,01/07/2025,https://danhmuchanhchinh.nso.gov.vn/Doi_Chieu_Moi.aspx
15,Tỉnh Lào Cai,03121,Xã Minh Lương,XÃ,Minh Lương,01/07/2025,https://danhmuchanhchinh.nso.gov.vn/Doi_Chieu_Moi.aspx
15,Tỉnh Lào Cai,04252,Phường Yên Bái,PHƯỜNG,Yên Bái,01/07/2025,https://danhmuchanhchinh.nso.gov.vn/Doi_Chieu_Moi.aspx
15,Tỉnh Lào Cai,04273,Phường Nam Cường,PHƯỜNG,Nam Cường,01/07/2025,https://danhmuchanhchinh.nso.gov.vn/Doi_Chieu_Moi.aspx
15,Tỉnh Lào Cai,04279,Phường Văn Phú,PHƯỜNG,Văn Phú,01/07/2025,https://danhmuchanhchinh.nso.gov.vn/Doi_Chieu_Moi.aspx
15,Tỉnh Lào Cai,04288,Phường Nghĩa Lộ,PHƯỜNG,Nghĩa Lộ,01/07/2025,https://danhmuchanhchinh.nso.gov.vn/Doi_Chieu_Moi.aspx
15,Tỉnh Lào Cai,04303,Xã Lục Yên,XÃ,Lục Yên,01/07/2025,https://danhmuchanhchinh.nso.gov.vn/Doi_Chieu_Moi.aspx
15,Tỉnh Lào Cai,04309,Xã Lâm Thượng,XÃ,Lâm Thượng,01/07/2025,https://danhmuchanhchinh.nso.gov.vn/Doi_Chieu_Moi.aspx
15,Tỉnh Lào Cai,04336,Xã Tân Lĩnh,XÃ,Tân Lĩnh,01/07/2025,https://danhmuchanhchinh.nso.gov.vn/Doi_Chieu_Moi.aspx
15,Tỉnh Lào Cai,04342,Xã Khánh Hòa,XÃ,Khánh Hòa,01/07/2025,https://danhmuchanhchinh.nso.gov.vn/Doi_Chieu_Moi.aspx
15,Tỉnh Lào Cai,04345,Xã Mường Lai,XÃ,Mường Lai,01/07/2025,https://danhmuchanhchinh.nso.gov.vn/Doi_Chieu_Moi.aspx
15,Tỉnh Lào Cai,04363,Xã Phúc Lợi,XÃ,Phúc Lợi,01/07/2025,https://danhmuchanhchinh.nso.gov.vn/Doi_Chieu_Moi.aspx
15,Tỉnh Lào Cai,04375,Xã Mậu A,XÃ,Mậu A,01/07/2025,https://danhmuchanhchinh.nso.gov.vn/Doi_Chieu_Moi.aspx
15,Tỉnh Lào Cai,04381,Xã Lâm Giang,XÃ,Lâm Giang,01/07/2025,https://danhmuchanhchinh.nso.gov.vn/Doi_Chieu_Moi.aspx
15,Tỉnh Lào Cai,04387,Xã Châu Quế,XÃ,Châu Quế,01/07/2025,https://danhmuchanhchinh.nso.gov.vn/Doi_Chieu_Moi.aspx
15,Tỉnh Lào Cai,04399,Xã Đông Cuông,XÃ,Đông Cuông,01/07/2025,https://danhmuchanhchinh.nso.gov.vn/Doi_Chieu_Moi.aspx
15,Tỉnh Lào Cai,04402,Xã Phong Dụ Hạ,XÃ,Phong Dụ Hạ,01/07/2025,https://danhmuchanhchinh.nso.gov.vn/Doi_Chieu_Moi.aspx
15,Tỉnh Lào Cai,04423,Xã Phong Dụ Thượng,XÃ,Phong Dụ Thượng,01/07/2025,https://danhmuchanhchinh.nso.gov.vn/Doi_Chieu_Moi.aspx
15,Tỉnh Lào Cai,04429,Xã Tân Hợp,XÃ,Tân Hợp,01/07/2025,https://danhmuchanhchinh.nso.gov.vn/Doi_Chieu_Moi.aspx
15,Tỉnh Lào Cai,04441,Xã Xuân Ái,XÃ,Xuân Ái,01/07/2025,https://danhmuchanhchinh.nso.gov.vn/Doi_Chieu_Moi.aspx
15,Tỉnh Lào Cai,04450,Xã Mỏ Vàng,XÃ,Mỏ Vàng,01/07/2025,https://danhmuchanhchinh.nso.gov.vn/Doi_Chieu_Moi.aspx
15,Tỉnh Lào Cai,04456,Xã Mù Cang Chải,XÃ,Mù Cang Chải,01/07/2025,https://danhmuchanhchinh.nso.gov.vn/Doi_Chieu_Moi.aspx
15,Tỉnh Lào Cai,04462,Xã Nậm Có,XÃ,Nậm Có,01/07/2025,https://danhmuchanhchinh.nso.gov.vn/Doi_Chieu_Moi.aspx
15,Tỉnh Lào Cai,04465,Xã Khao Mang,XÃ,Khao Mang,01/07/2025,https://danhmuchanhchinh.nso.gov.vn/Doi_Chieu_Moi.aspx
15,Tỉnh Lào Cai,04474,Xã Lao Chải,XÃ,Lao Chải,01/07/2025,https://danhmuchanhchinh.nso.gov.vn/Doi_Chieu_Moi.aspx
15,Tỉnh Lào Cai,04489,Xã Chế Tạo,XÃ,Chế Tạo,01/07/2025,https://danhmuchanhchinh.nso.gov.vn/Doi_Chieu_Moi.aspx
15,Tỉnh Lào Cai,04492,Xã Púng Luông,XÃ,Púng Luông,01/07/2025,https://danhmuchanhchinh.nso.gov.vn/Doi_Chieu_Moi.aspx
15,Tỉnh Lào Cai,04498,Xã Trấn Yên,XÃ,Trấn Yên,01/07/2025,https://danhmuchanhchinh.nso.gov.vn/Doi_Chieu_Moi.aspx
15,Tỉnh Lào Cai,04531,Xã Quy Mông,XÃ,Quy Mông,01/07/2025,https://danhmuchanhchinh.nso.gov.vn/Doi_Chieu_Moi.aspx
15,Tỉnh Lào Cai,04537,Xã Lương Thịnh,XÃ,Lương Thịnh,01/07/2025,https://danhmuchanhchinh.nso.gov.vn/Doi_Chieu_Moi.aspx
15,Tỉnh Lào Cai,04543,Phường Âu Lâu,PHƯỜNG,Âu Lâu,01/07/2025,https://danhmuchanhchinh.nso.gov.vn/Doi_Chieu_Moi.aspx
15,Tỉnh Lào Cai,04564,Xã Việt Hồng,XÃ,Việt Hồng,01/07/2025,https://danhmuchanhchinh.nso.gov.vn/Doi_Chieu_Moi.aspx
15,Tỉnh Lào Cai,04576,Xã Hưng Khánh,XÃ,Hưng Khánh,01/07/2025,https://danhmuchanhchinh.nso.gov.vn/Doi_Chieu_Moi.aspx
15,Tỉnh Lào Cai,04585,Xã Hạnh Phúc,XÃ,Hạnh Phúc,01/07/2025,https://danhmuchanhchinh.nso.gov.vn/Doi_Chieu_Moi.aspx
15,Tỉnh Lào Cai,04603,Xã Tà Xi Láng,XÃ,Tà Xi Láng,01/07/2025,https://danhmuchanhchinh.nso.gov.vn/Doi_Chieu_Moi.aspx
15,Tỉnh Lào Cai,04606,Xã Trạm Tấu,XÃ,Trạm Tấu,01/07/2025,https://danhmuchanhchinh.nso.gov.vn/Doi_Chieu_Moi.aspx
15,Tỉnh Lào Cai,04609,Xã Phình Hồ,XÃ,Phình Hồ,01/07/2025,https://danhmuchanhchinh.nso.gov.vn/Doi_Chieu_Moi.aspx
15,Tỉnh Lào Cai,04630,Xã Tú Lệ,XÃ,Tú Lệ,01/07/2025,https://danhmuchanhchinh.nso.gov.vn/Doi_Chieu_Moi.aspx
15,Tỉnh Lào Cai,04636,Xã Gia Hội,XÃ,Gia Hội,01/07/2025,https://danhmuchanhchinh.nso.gov.vn/Doi_Chieu_Moi.aspx
15,Tỉnh Lào Cai,04651,Xã Sơn Lương,XÃ,Sơn Lương,01/07/2025,https://danhmuchanhchinh.nso.gov.vn/Doi_Chieu_Moi.aspx
15,Tỉnh Lào Cai,04660,Xã Liên Sơn,XÃ,Liên Sơn,01/07/2025,https://danhmuchanhchinh.nso.gov.vn/Doi_Chieu_Moi.aspx
15,Tỉnh Lào Cai,04663,Phường Trung Tâm,PHƯỜNG,Trung Tâm,01/07/2025,https://danhmuchanhchinh.nso.gov.vn/Doi_Chieu_Moi.aspx
15,Tỉnh Lào Cai,04672,Xã Văn Chấn,XÃ,Văn Chấn,01/07/2025,https://danhmuchanhchinh.nso.gov.vn/Doi_Chieu_Moi.aspx
15,Tỉnh Lào Cai,04681,Phường Cầu Thia,PHƯỜNG,Cầu Thia,01/07/2025,https://danhmuchanhchinh.nso.gov.vn/Doi_Chieu_Moi.aspx
15,Tỉnh Lào Cai,04693,Xã Cát Thịnh,XÃ,Cát Thịnh,01/07/2025,https://danhmuchanhchinh.nso.gov.vn/Doi_Chieu_Moi.aspx
15,Tỉnh Lào Cai,04699,Xã Chấn Thịnh,XÃ,Chấn Thịnh,01/07/2025,https://danhmuchanhchinh.nso.gov.vn/Doi_Chieu_Moi.aspx
15,Tỉnh Lào Cai,04705,Xã Thượng Bằng La,XÃ,Thượng Bằng La,01/07/2025,https://danhmuchanhchinh.nso.gov.vn/Doi_Chieu_Moi.aspx
15,Tỉnh Lào Cai,04711,Xã Nghĩa Tâm,XÃ,Nghĩa Tâm,01/07/2025,https://danhmuchanhchinh.nso.gov.vn/Doi_Chieu_Moi.aspx
15,Tỉnh Lào Cai,04714,Xã Yên Bình,XÃ,Yên Bình,01/07/2025,https://danhmuchanhchinh.nso.gov.vn/Doi_Chieu_Moi.aspx
15,Tỉnh Lào Cai,04717,Xã Thác Bà,XÃ,Thác Bà,01/07/2025,https://danhmuchanhchinh.nso.gov.vn/Doi_Chieu_Moi.aspx
15,Tỉnh Lào Cai,04726,Xã Cảm Nhân,XÃ,Cảm Nhân,01/07/2025,https://danhmuchanhchinh.nso.gov.vn/Doi_Chieu_Moi.aspx
15,Tỉnh Lào Cai,04744,Xã Yên Thành,XÃ,Yên Thành,01/07/2025,https://danhmuchanhchinh.nso.gov.vn/Doi_Chieu_Moi.aspx
15,Tỉnh Lào Cai,04750,Xã Bảo Ái,XÃ,Bảo Ái,01/07/2025,https://danhmuchanhchinh.nso.gov.vn/Doi_Chieu_Moi.aspx
11,Tỉnh Điện Biên,03127,Phường Điện Biên Phủ,PHƯỜNG,Điện Biên Phủ,01/07/2025,https://danhmuchanhchinh.nso.gov.vn/Doi_Chieu_Moi.aspx
11,Tỉnh Điện Biên,03151,Phường Mường Lay,PHƯỜNG,Mường Lay,01/07/2025,https://danhmuchanhchinh.nso.gov.vn/Doi_Chieu_Moi.aspx
11,Tỉnh Điện Biên,03158,Xã Sín Thầu,XÃ,Sín Thầu,01/07/2025,https://danhmuchanhchinh.nso.gov.vn/Doi_Chieu_Moi.aspx
11,Tỉnh Điện Biên,03160,Xã Mường Nhé,XÃ,Mường Nhé,01/07/2025,https://danhmuchanhchinh.nso.gov.vn/Doi_Chieu_Moi.aspx
11,Tỉnh Điện Biên,03162,Xã Nậm Kè,XÃ,Nậm Kè,01/07/2025,https://danhmuchanhchinh.nso.gov.vn/Doi_Chieu_Moi.aspx
11,Tỉnh Điện Biên,03163,Xã Mường Toong,XÃ,Mường Toong,01/07/2025,https://danhmuchanhchinh.nso.gov.vn/Doi_Chieu_Moi.aspx
11,Tỉnh Điện Biên,03164,Xã Quảng Lâm,XÃ,Quảng Lâm,01/07/2025,https://danhmuchanhchinh.nso.gov.vn/Doi_Chieu_Moi.aspx
11,Tỉnh Điện Biên,03166,Xã Mường Chà,XÃ,Mường Chà,01/07/2025,https://danhmuchanhchinh.nso.gov.vn/Doi_Chieu_Moi.aspx
11,Tỉnh Điện Biên,03169,Xã Nà Hỳ,XÃ,Nà Hỳ,01/07/2025,https://danhmuchanhchinh.nso.gov.vn/Doi_Chieu_Moi.aspx
11,Tỉnh Điện Biên,03172,Xã Na Sang,XÃ,Na Sang,01/07/2025,https://danhmuchanhchinh.nso.gov.vn/Doi_Chieu_Moi.aspx
11,Tỉnh Điện Biên,03175,Xã Chà Tở,XÃ,Chà Tở,01/07/2025,https://danhmuchanhchinh.nso.gov.vn/Doi_Chieu_Moi.aspx
11,Tỉnh Điện Biên,03176,Xã Nà Bủng,XÃ,Nà Bủng,01/07/2025,https://danhmuchanhchinh.nso.gov.vn/Doi_Chieu_Moi.aspx
11,Tỉnh Điện Biên,03181,Xã Mường Tùng,XÃ,Mường Tùng,01/07/2025,https://danhmuchanhchinh.nso.gov.vn/Doi_Chieu_Moi.aspx
11,Tỉnh Điện Biên,03193,Xã Pa Ham,XÃ,Pa Ham,01/07/2025,https://danhmuchanhchinh.nso.gov.vn/Doi_Chieu_Moi.aspx
11,Tỉnh Điện Biên,03194,Xã Nậm Nèn,XÃ,Nậm Nèn,01/07/2025,https://danhmuchanhchinh.nso.gov.vn/Doi_Chieu_Moi.aspx
11,Tỉnh Điện Biên,03199,Xã Si Pa Phìn,XÃ,Si Pa Phìn,01/07/2025,https://danhmuchanhchinh.nso.gov.vn/Doi_Chieu_Moi.aspx
11,Tỉnh Điện Biên,03202,Xã Mường Pồn,XÃ,Mường Pồn,01/07/2025,https://danhmuchanhchinh.nso.gov.vn/Doi_Chieu_Moi.aspx
11,Tỉnh Điện Biên,03203,Xã Na Son,XÃ,Na Son,01/07/2025,https://danhmuchanhchinh.nso.gov.vn/Doi_Chieu_Moi.aspx
11,Tỉnh Điện Biên,03208,Xã Xa Dung,XÃ,Xa Dung,01/07/2025,https://danhmuchanhchinh.nso.gov.vn/Doi_Chieu_Moi.aspx
11,Tỉnh Điện Biên,03214,Xã Mường Luân,XÃ,Mường Luân,01/07/2025,https://danhmuchanhchinh.nso.gov.vn/Doi_Chieu_Moi.aspx
11,Tỉnh Điện Biên,03217,Xã Tủa Chùa,XÃ,Tủa Chùa,01/07/2025,https://danhmuchanhchinh.nso.gov.vn/Doi_Chieu_Moi.aspx
11,Tỉnh Điện Biên,03220,Xã Tủa Thàng,XÃ,Tủa Thàng,01/07/2025,https://danhmuchanhchinh.nso.gov.vn/Doi_Chieu_Moi.aspx
11,Tỉnh Điện Biên,03226,Xã Sín Chải,XÃ,Sín Chải,01/07/2025,https://danhmuchanhchinh.nso.gov.vn/Doi_Chieu_Moi.aspx
11,Tỉnh Điện Biên,03241,Xã Sính Phình,XÃ,Sính Phình,01/07/2025,https://danhmuchanhchinh.nso.gov.vn/Doi_Chieu_Moi.aspx
11,Tỉnh Điện Biên,03244,Xã Sáng Nhè,XÃ,Sáng Nhè,01/07/2025,https://danhmuchanhchinh.nso.gov.vn/Doi_Chieu_Moi.aspx
11,Tỉnh Điện Biên,03253,Xã Tuần Giáo,XÃ,Tuần Giáo,01/07/2025,https://danhmuchanhchinh.nso.gov.vn/Doi_Chieu_Moi.aspx
11,Tỉnh Điện Biên,03256,Xã Mường Ảng,XÃ,Mường Ảng,01/07/2025,https://danhmuchanhchinh.nso.gov.vn/Doi_Chieu_Moi.aspx
11,Tỉnh Điện Biên,03260,Xã Pú Nhung,XÃ,Pú Nhung,01/07/2025,https://danhmuchanhchinh.nso.gov.vn/Doi_Chieu_Moi.aspx
11,Tỉnh Điện Biên,03268,Xã Mường Mùn,XÃ,Mường Mùn,01/07/2025,https://danhmuchanhchinh.nso.gov.vn/Doi_Chieu_Moi.aspx
11,Tỉnh Điện Biên,03283,Xã Chiềng Sinh,XÃ,Chiềng Sinh,01/07/2025,https://danhmuchanhchinh.nso.gov.vn/Doi_Chieu_Moi.aspx
11,Tỉnh Điện Biên,03295,Xã Quài Tở,XÃ,Quài Tở,01/07/2025,https://danhmuchanhchinh.nso.gov.vn/Doi_Chieu_Moi.aspx
11,Tỉnh Điện Biên,03301,Xã Búng Lao,XÃ,Búng Lao,01/07/2025,https://danhmuchanhchinh.nso.gov.vn/Doi_Chieu_Moi.aspx
11,Tỉnh Điện Biên,03313,Xã Mường Lạn,XÃ,Mường Lạn,01/07/2025,https://danhmuchanhchinh.nso.gov.vn/Doi_Chieu_Moi.aspx
11,Tỉnh Điện Biên,03316,Xã Nà Tấu,XÃ,Nà Tấu,01/07/2025,https://danhmuchanhchinh.nso.gov.vn/Doi_Chieu_Moi.aspx
11,Tỉnh Điện Biên,03325,Xã Mường Phăng,XÃ,Mường Phăng,01/07/2025,https://danhmuchanhchinh.nso.gov.vn/Doi_Chieu_Moi.aspx
11,Tỉnh Điện Biên,03328,Xã Thanh Nưa,XÃ,Thanh Nưa,01/07/2025,https://danhmuchanhchinh.nso.gov.vn/Doi_Chieu_Moi.aspx
11,Tỉnh Điện Biên,03334,Phường Mường Thanh,PHƯỜNG,Mường Thanh,01/07/2025,https://danhmuchanhchinh.nso.gov.vn/Doi_Chieu_Moi.aspx
11,Tỉnh Điện Biên,03349,Xã Thanh Yên,XÃ,Thanh Yên,01/07/2025,https://danhmuchanhchinh.nso.gov.vn/Doi_Chieu_Moi.aspx
11,Tỉnh Điện Biên,03352,Xã Thanh An,XÃ,Thanh An,01/07/2025,https://danhmuchanhchinh.nso.gov.vn/Doi_Chieu_Moi.aspx
11,Tỉnh Điện Biên,03356,Xã Sam Mứn,XÃ,Sam Mứn,01/07/2025,https://danhmuchanhchinh.nso.gov.vn/Doi_Chieu_Moi.aspx
11,Tỉnh Điện Biên,03358,Xã Núa Ngam,XÃ,Núa Ngam,01/07/2025,https://danhmuchanhchinh.nso.gov.vn/Doi_Chieu_Moi.aspx
11,Tỉnh Điện Biên,03368,Xã Mường Nhà,XÃ,Mường Nhà,01/07/2025,https://danhmuchanhchinh.nso.gov.vn/Doi_Chieu_Moi.aspx
11,Tỉnh Điện Biên,03370,Xã Pu Nhi,XÃ,Pu Nhi,01/07/2025,https://danhmuchanhchinh.nso.gov.vn/Doi_Chieu_Moi.aspx
11,Tỉnh Điện Biên,03382,Xã Phình Giàng,XÃ,Phình Giàng,01/07/2025,https://danhmuchanhchinh.nso.gov.vn/Doi_Chieu_Moi.aspx
11,Tỉnh Điện Biên,03385,Xã Tìa Dình,XÃ,Tìa Dình,01/07/2025,https://danhmuchanhchinh.nso.gov.vn/Doi_Chieu_Moi.aspx
12,Tỉnh Lai Châu,03388,Phường Đoàn Kết,PHƯỜNG,Đoàn Kết,01/07/2025,https://danhmuchanhchinh.nso.gov.vn/Doi_Chieu_Moi.aspx
12,Tỉnh Lai Châu,03390,Xã Bình Lư,XÃ,Bình Lư,01/07/2025,https://danhmuchanhchinh.nso.gov.vn/Doi_Chieu_Moi.aspx
12,Tỉnh Lai Châu,03394,Xã Sin Suối Hồ,XÃ,Sin Suối Hồ,01/07/2025,https://danhmuchanhchinh.nso.gov.vn/Doi_Chieu_Moi.aspx
12,Tỉnh Lai Châu,03405,Xã Tả Lèng,XÃ,Tả Lèng,01/07/2025,https://danhmuchanhchinh.nso.gov.vn/Doi_Chieu_Moi.aspx
12,Tỉnh Lai Châu,03408,Phường Tân Phong,PHƯỜNG,Tân Phong,01/07/2025,https://danhmuchanhchinh.nso.gov.vn/Doi_Chieu_Moi.aspx
12,Tỉnh Lai Châu,03424,Xã Bản Bo,XÃ,Bản Bo,01/07/2025,https://danhmuchanhchinh.nso.gov.vn/Doi_Chieu_Moi.aspx
12,Tỉnh Lai Châu,03430,Xã Khun Há,XÃ,Khun Há,01/07/2025,https://danhmuchanhchinh.nso.gov.vn/Doi_Chieu_Moi.aspx
12,Tỉnh Lai Châu,03433,Xã Bum Tở,XÃ,Bum Tở,01/07/2025,https://danhmuchanhchinh.nso.gov.vn/Doi_Chieu_Moi.aspx
12,Tỉnh Lai Châu,03434,Xã Nậm Hàng,XÃ,Nậm Hàng,01/07/2025,https://danhmuchanhchinh.nso.gov.vn/Doi_Chieu_Moi.aspx
12,Tỉnh Lai Châu,03439,Xã Thu Lũm,XÃ,Thu Lũm,01/07/2025,https://danhmuchanhchinh.nso.gov.vn/Doi_Chieu_Moi.aspx
12,Tỉnh Lai Châu,03442,Xã Pa Ủ,XÃ,Pa Ủ,01/07/2025,https://danhmuchanhchinh.nso.gov.vn/Doi_Chieu_Moi.aspx
12,Tỉnh Lai Châu,03445,Xã Mường Tè,XÃ,Mường Tè,01/07/2025,https://danhmuchanhchinh.nso.gov.vn/Doi_Chieu_Moi.aspx
12,Tỉnh Lai Châu,03451,Xã Mù Cả,XÃ,Mù Cả,01/07/2025,https://danhmuchanhchinh.nso.gov.vn/Doi_Chieu_Moi.aspx
12,Tỉnh Lai Châu,03460,Xã Hua Bum,XÃ,Hua Bum,01/07/2025,https://danhmuchanhchinh.nso.gov.vn/Doi_Chieu_Moi.aspx
12,Tỉnh Lai Châu,03463,Xã Tà Tổng,XÃ,Tà Tổng,01/07/2025,https://danhmuchanhchinh.nso.gov.vn/Doi_Chieu_Moi.aspx
12,Tỉnh Lai Châu,03466,Xã Bum Nưa,XÃ,Bum Nưa,01/07/2025,https://danhmuchanhchinh.nso.gov.vn/Doi_Chieu_Moi.aspx
12,Tỉnh Lai Châu,03472,Xã Mường Mô,XÃ,Mường Mô,01/07/2025,https://danhmuchanhchinh.nso.gov.vn/Doi_Chieu_Moi.aspx
12,Tỉnh Lai Châu,03478,Xã Sìn Hồ,XÃ,Sìn Hồ,01/07/2025,https://danhmuchanhchinh.nso.gov.vn/Doi_Chieu_Moi.aspx
12,Tỉnh Lai Châu,03487,Xã Lê Lợi,XÃ,Lê Lợi,01/07/2025,https://danhmuchanhchinh.nso.gov.vn/Doi_Chieu_Moi.aspx
12,Tỉnh Lai Châu,03503,Xã Pa Tần,XÃ,Pa Tần,01/07/2025,https://danhmuchanhchinh.nso.gov.vn/Doi_Chieu_Moi.aspx
12,Tỉnh Lai Châu,03508,Xã Hồng Thu,XÃ,Hồng Thu,01/07/2025,https://danhmuchanhchinh.nso.gov.vn/Doi_Chieu_Moi.aspx
12,Tỉnh Lai Châu,03517,Xã Nậm Tăm,XÃ,Nậm Tăm,01/07/2025,https://danhmuchanhchinh.nso.gov.vn/Doi_Chieu_Moi.aspx
12,Tỉnh Lai Châu,03529,Xã Tủa Sín Chải,XÃ,Tủa Sín Chải,01/07/2025,https://danhmuchanhchinh.nso.gov.vn/Doi_Chieu_Moi.aspx
12,Tỉnh Lai Châu,03532,Xã Pu Sam Cáp,XÃ,Pu Sam Cáp,01/07/2025,https://danhmuchanhchinh.nso.gov.vn/Doi_Chieu_Moi.aspx
12,Tỉnh Lai Châu,03538,Xã Nậm Mạ,XÃ,Nậm Mạ,01/07/2025,https://danhmuchanhchinh.nso.gov.vn/Doi_Chieu_Moi.aspx
12,Tỉnh Lai Châu,03544,Xã Nậm Cuổi,XÃ,Nậm Cuổi,01/07/2025,https://danhmuchanhchinh.nso.gov.vn/Doi_Chieu_Moi.aspx
12,Tỉnh Lai Châu,03549,Xã Phong Thổ,XÃ,Phong Thổ,01/07/2025,https://danhmuchanhchinh.nso.gov.vn/Doi_Chieu_Moi.aspx
12,Tỉnh Lai Châu,03562,Xã Sì Lở Lầu,XÃ,Sì Lở Lầu,01/07/2025,https://danhmuchanhchinh.nso.gov.vn/Doi_Chieu_Moi.aspx
12,Tỉnh Lai Châu,03571,Xã Dào San,XÃ,Dào San,01/07/2025,https://danhmuchanhchinh.nso.gov.vn/Doi_Chieu_Moi.aspx
12,Tỉnh Lai Châu,03583,Xã Khổng Lào,XÃ,Khổng Lào,01/07/2025,https://danhmuchanhchinh.nso.gov.vn/Doi_Chieu_Moi.aspx
12,Tỉnh Lai Châu,03595,Xã Than Uyên,XÃ,Than Uyên,01/07/2025,https://danhmuchanhchinh.nso.gov.vn/Doi_Chieu_Moi.aspx
12,Tỉnh Lai Châu,03598,Xã Tân Uyên,XÃ,Tân Uyên,01/07/2025,https://danhmuchanhchinh.nso.gov.vn/Doi_Chieu_Moi.aspx
12,Tỉnh Lai Châu,03601,Xã Mường Khoa,XÃ,Mường Khoa,01/07/2025,https://danhmuchanhchinh.nso.gov.vn/Doi_Chieu_Moi.aspx
12,Tỉnh Lai Châu,03613,Xã Nậm Sỏ,XÃ,Nậm Sỏ,01/07/2025,https://danhmuchanhchinh.nso.gov.vn/Doi_Chieu_Moi.aspx
12,Tỉnh Lai Châu,03616,Xã Pắc Ta,XÃ,Pắc Ta,01/07/2025,https://danhmuchanhchinh.nso.gov.vn/Doi_Chieu_Moi.aspx
12,Tỉnh Lai Châu,03618,Xã Mường Than,XÃ,Mường Than,01/07/2025,https://danhmuchanhchinh.nso.gov.vn/Doi_Chieu_Moi.aspx
12,Tỉnh Lai Châu,03637,Xã Mường Kim,XÃ,Mường Kim,01/07/2025,https://danhmuchanhchinh.nso.gov.vn/Doi_Chieu_Moi.aspx
12,Tỉnh Lai Châu,03640,Xã Khoen On,XÃ,Khoen On,01/07/2025,https://danhmuchanhchinh.nso.gov.vn/Doi_Chieu_Moi.aspx
14,Tỉnh Sơn La,03646,Phường Tô Hiệu,PHƯỜNG,Tô Hiệu,01/07/2025,https://danhmuchanhchinh.nso.gov.vn/Doi_Chieu_Moi.aspx
14,Tỉnh Sơn La,03664,Phường Chiềng An,PHƯỜNG,Chiềng An,01/07/2025,https://danhmuchanhchinh.nso.gov.vn/Doi_Chieu_Moi.aspx
14,Tỉnh Sơn La,03670,Phường Chiềng Cơi,PHƯỜNG,Chiềng Cơi,01/07/2025,https://danhmuchanhchinh.nso.gov.vn/Doi_Chieu_Moi.aspx
14,Tỉnh Sơn La,03679,Phường Chiềng Sinh,PHƯỜNG,Chiềng Sinh,01/07/2025,https://danhmuchanhchinh.nso.gov.vn/Doi_Chieu_Moi.aspx
14,Tỉnh Sơn La,03688,Xã Mường Chiên,XÃ,Mường Chiên,01/07/2025,https://danhmuchanhchinh.nso.gov.vn/Doi_Chieu_Moi.aspx
14,Tỉnh Sơn La,03694,Xã Mường Giôn,XÃ,Mường Giôn,01/07/2025,https://danhmuchanhchinh.nso.gov.vn/Doi_Chieu_Moi.aspx
14,Tỉnh Sơn La,03703,Xã Quỳnh Nhai,XÃ,Quỳnh Nhai,01/07/2025,https://danhmuchanhchinh.nso.gov.vn/Doi_Chieu_Moi.aspx
14,Tỉnh Sơn La,03712,Xã Mường Sại,XÃ,Mường Sại,01/07/2025,https://danhmuchanhchinh.nso.gov.vn/Doi_Chieu_Moi.aspx
14,Tỉnh Sơn La,03721,Xã Thuận Châu,XÃ,Thuận Châu,01/07/2025,https://danhmuchanhchinh.nso.gov.vn/Doi_Chieu_Moi.aspx
14,Tỉnh Sơn La,03724,Xã Bình Thuận,XÃ,Bình Thuận,01/07/2025,https://danhmuchanhchinh.nso.gov.vn/Doi_Chieu_Moi.aspx
14,Tỉnh Sơn La,03727,Xã Mường É,XÃ,Mường É,01/07/2025,https://danhmuchanhchinh.nso.gov.vn/Doi_Chieu_Moi.aspx
14,Tỉnh Sơn La,03754,Xã Chiềng La,XÃ,Chiềng La,01/07/2025,https://danhmuchanhchinh.nso.gov.vn/Doi_Chieu_Moi.aspx
14,Tỉnh Sơn La,03757,Xã Mường Khiêng,XÃ,Mường Khiêng,01/07/2025,https://danhmuchanhchinh.nso.gov.vn/Doi_Chieu_Moi.aspx
14,Tỉnh Sơn La,03760,Xã Mường Bám,XÃ,Mường Bám,01/07/2025,https://danhmuchanhchinh.nso.gov.vn/Doi_Chieu_Moi.aspx
14,Tỉnh Sơn La,03763,Xã Long Hẹ,XÃ,Long Hẹ,01/07/2025,https://danhmuchanhchinh.nso.gov.vn/Doi_Chieu_Moi.aspx
14,Tỉnh Sơn La,03781,Xã Co Mạ,XÃ,Co Mạ,01/07/2025,https://danhmuchanhchinh.nso.gov.vn/Doi_Chieu_Moi.aspx
14,Tỉnh Sơn La,03784,Xã Nậm Lầu,XÃ,Nậm Lầu,01/07/2025,https://danhmuchanhchinh.nso.gov.vn/Doi_Chieu_Moi.aspx
14,Tỉnh Sơn La,03799,Xã Muổi Nọi,XÃ,Muổi Nọi,01/07/2025,https://danhmuchanhchinh.nso.gov.vn/Doi_Chieu_Moi.aspx
14,Tỉnh Sơn La,03808,Xã Mường La,XÃ,Mường La,01/07/2025,https://danhmuchanhchinh.nso.gov.vn/Doi_Chieu_Moi.aspx
14,Tỉnh Sơn La,03814,Xã Chiềng Lao,XÃ,Chiềng Lao,01/07/2025,https://danhmuchanhchinh.nso.gov.vn/Doi_Chieu_Moi.aspx
14,Tỉnh Sơn La,03820,Xã Ngọc Chiến,XÃ,Ngọc Chiến,01/07/2025,https://danhmuchanhchinh.nso.gov.vn/Doi_Chieu_Moi.aspx
14,Tỉnh Sơn La,03847,Xã Mường Bú,XÃ,Mường Bú,01/07/2025,https://danhmuchanhchinh.nso.gov.vn/Doi_Chieu_Moi.aspx
14,Tỉnh Sơn La,03850,Xã Chiềng Hoa,XÃ,Chiềng Hoa,01/07/2025,https://danhmuchanhchinh.nso.gov.vn/Doi_Chieu_Moi.aspx
14,Tỉnh Sơn La,03856,Xã Bắc Yên,XÃ,Bắc Yên,01/07/2025,https://danhmuchanhchinh.nso.gov.vn/Doi_Chieu_Moi.aspx
14,Tỉnh Sơn La,03862,Xã Xím Vàng,XÃ,Xím Vàng,01/07/2025,https://danhmuchanhchinh.nso.gov.vn/Doi_Chieu_Moi.aspx
14,Tỉnh Sơn La,03868,Xã Tà Xùa,XÃ,Tà Xùa,01/07/2025,https://danhmuchanhchinh.nso.gov.vn/Doi_Chieu_Moi.aspx
14,Tỉnh Sơn La,03871,Xã Pắc Ngà,XÃ,Pắc Ngà,01/07/2025,https://danhmuchanhchinh.nso.gov.vn/Doi_Chieu_Moi.aspx
14,Tỉnh Sơn La,03880,Xã Tạ Khoa,XÃ,Tạ Khoa,01/07/2025,https://danhmuchanhchinh.nso.gov.vn/Doi_Chieu_Moi.aspx
14,Tỉnh Sơn La,03892,Xã Chiềng Sại,XÃ,Chiềng Sại,01/07/2025,https://danhmuchanhchinh.nso.gov.vn/Doi_Chieu_Moi.aspx
14,Tỉnh Sơn La,03901,Xã Suối Tọ,XÃ,Suối Tọ,01/07/2025,https://danhmuchanhchinh.nso.gov.vn/Doi_Chieu_Moi.aspx
14,Tỉnh Sơn La,03907,Xã Mường Cơi,XÃ,Mường Cơi,01/07/2025,https://danhmuchanhchinh.nso.gov.vn/Doi_Chieu_Moi.aspx
14,Tỉnh Sơn La,03910,Xã Phù Yên,XÃ,Phù Yên,01/07/2025,https://danhmuchanhchinh.nso.gov.vn/Doi_Chieu_Moi.aspx
14,Tỉnh Sơn La,03922,Xã Gia Phù,XÃ,Gia Phù,01/07/2025,https://danhmuchanhchinh.nso.gov.vn/Doi_Chieu_Moi.aspx
14,Tỉnh Sơn La,03943,Xã Mường Bang,XÃ,Mường Bang,01/07/2025,https://danhmuchanhchinh.nso.gov.vn/Doi_Chieu_Moi.aspx
14,Tỉnh Sơn La,03958,Xã Tường Hạ,XÃ,Tường Hạ,01/07/2025,https://danhmuchanhchinh.nso.gov.vn/Doi_Chieu_Moi.aspx
14,Tỉnh Sơn La,03961,Xã Kim Bon,XÃ,Kim Bon,01/07/2025,https://danhmuchanhchinh.nso.gov.vn/Doi_Chieu_Moi.aspx
14,Tỉnh Sơn La,03970,Xã Tân Phong,XÃ,Tân Phong,01/07/2025,https://danhmuchanhchinh.nso.gov.vn/Doi_Chieu_Moi.aspx
14,Tỉnh Sơn La,03979,Phường Mộc Sơn,PHƯỜNG,Mộc Sơn,01/07/2025,https://danhmuchanhchinh.nso.gov.vn/Doi_Chieu_Moi.aspx
14,Tỉnh Sơn La,03980,Phường Mộc Châu,PHƯỜNG,Mộc Châu,01/07/2025,https://danhmuchanhchinh.nso.gov.vn/Doi_Chieu_Moi.aspx
14,Tỉnh Sơn La,03982,Phường Thảo Nguyên,PHƯỜNG,Thảo Nguyên,01/07/2025,https://danhmuchanhchinh.nso.gov.vn/Doi_Chieu_Moi.aspx
14,Tỉnh Sơn La,03985,Xã Chiềng Sơn,XÃ,Chiềng Sơn,01/07/2025,https://danhmuchanhchinh.nso.gov.vn/Doi_Chieu_Moi.aspx
14,Tỉnh Sơn La,03997,Xã Tân Yên,XÃ,Tân Yên,01/07/2025,https://danhmuchanhchinh.nso.gov.vn/Doi_Chieu_Moi.aspx
14,Tỉnh Sơn La,04000,Xã Đoàn Kết,XÃ,Đoàn Kết,01/07/2025,https://danhmuchanhchinh.nso.gov.vn/Doi_Chieu_Moi.aspx
14,Tỉnh Sơn La,04006,Xã Song Khủa,XÃ,Song Khủa,01/07/2025,https://danhmuchanhchinh.nso.gov.vn/Doi_Chieu_Moi.aspx
14,Tỉnh Sơn La,04018,Xã Tô Múa,XÃ,Tô Múa,01/07/2025,https://danhmuchanhchinh.nso.gov.vn/Doi_Chieu_Moi.aspx
14,Tỉnh Sơn La,04033,Phường Vân Sơn,PHƯỜNG,Vân Sơn,01/07/2025,https://danhmuchanhchinh.nso.gov.vn/Doi_Chieu_Moi.aspx
14,Tỉnh Sơn La,04045,Xã Lóng Sập,XÃ,Lóng Sập,01/07/2025,https://danhmuchanhchinh.nso.gov.vn/Doi_Chieu_Moi.aspx
14,Tỉnh Sơn La,04048,Xã Vân Hồ,XÃ,Vân Hồ,01/07/2025,https://danhmuchanhchinh.nso.gov.vn/Doi_Chieu_Moi.aspx
14,Tỉnh Sơn La,04057,Xã Xuân Nha,XÃ,Xuân Nha,01/07/2025,https://danhmuchanhchinh.nso.gov.vn/Doi_Chieu_Moi.aspx
14,Tỉnh Sơn La,04075,Xã Yên Châu,XÃ,Yên Châu,01/07/2025,https://danhmuchanhchinh.nso.gov.vn/Doi_Chieu_Moi.aspx
14,Tỉnh Sơn La,04078,Xã Chiềng Hặc,XÃ,Chiềng Hặc,01/07/2025,https://danhmuchanhchinh.nso.gov.vn/Doi_Chieu_Moi.aspx
14,Tỉnh Sơn La,04087,Xã Yên Sơn,XÃ,Yên Sơn,01/07/2025,https://danhmuchanhchinh.nso.gov.vn/Doi_Chieu_Moi.aspx
14,Tỉnh Sơn La,04096,Xã Lóng Phiêng,XÃ,Lóng Phiêng,01/07/2025,https://danhmuchanhchinh.nso.gov.vn/Doi_Chieu_Moi.aspx
14,Tỉnh Sơn La,04099,Xã Phiêng Khoài,XÃ,Phiêng Khoài,01/07/2025,https://danhmuchanhchinh.nso.gov.vn/Doi_Chieu_Moi.aspx
14,Tỉnh Sơn La,04105,Xã Mai Sơn,XÃ,Mai Sơn,01/07/2025,https://danhmuchanhchinh.nso.gov.vn/Doi_Chieu_Moi.aspx
14,Tỉnh Sơn La,04108,Xã Chiềng Sung,XÃ,Chiềng Sung,01/07/2025,https://danhmuchanhchinh.nso.gov.vn/Doi_Chieu_Moi.aspx
14,Tỉnh Sơn La,04117,Xã Mường Chanh,XÃ,Mường Chanh,01/07/2025,https://danhmuchanhchinh.nso.gov.vn/Doi_Chieu_Moi.aspx
14,Tỉnh Sơn La,04123,Xã Chiềng Mung,XÃ,Chiềng Mung,01/07/2025,https://danhmuchanhchinh.nso.gov.vn/Doi_Chieu_Moi.aspx
14,Tỉnh Sơn La,04132,Xã Chiềng Mai,XÃ,Chiềng Mai,01/07/2025,https://danhmuchanhchinh.nso.gov.vn/Doi_Chieu_Moi.aspx
14,Tỉnh Sơn La,04136,Xã Tà Hộc,XÃ,Tà Hộc,01/07/2025,https://danhmuchanhchinh.nso.gov.vn/Doi_Chieu_Moi.aspx
14,Tỉnh Sơn La,04144,Xã Phiêng Cằm,XÃ,Phiêng Cằm,01/07/2025,https://danhmuchanhchinh.nso.gov.vn/Doi_Chieu_Moi.aspx
14,Tỉnh Sơn La,04159,Xã Phiêng Pằn,XÃ,Phiêng Pằn,01/07/2025,https://danhmuchanhchinh.nso.gov.vn/Doi_Chieu_Moi.aspx
14,Tỉnh Sơn La,04168,Xã Sông Mã,XÃ,Sông Mã,01/07/2025,https://danhmuchanhchinh.nso.gov.vn/Doi_Chieu_Moi.aspx
14,Tỉnh Sơn La,04171,Xã Bó Sinh,XÃ,Bó Sinh,01/07/2025,https://danhmuchanhchinh.nso.gov.vn/Doi_Chieu_Moi.aspx
14,Tỉnh Sơn La,04183,Xã Mường Lầm,XÃ,Mường Lầm,01/07/2025,https://danhmuchanhchinh.nso.gov.vn/Doi_Chieu_Moi.aspx
14,Tỉnh Sơn La,04186,Xã Nậm Ty,XÃ,Nậm Ty,01/07/2025,https://danhmuchanhchinh.nso.gov.vn/Doi_Chieu_Moi.aspx
14,Tỉnh Sơn La,04195,Xã Chiềng Sơ,XÃ,Chiềng Sơ,01/07/2025,https://danhmuchanhchinh.nso.gov.vn/Doi_Chieu_Moi.aspx
14,Tỉnh Sơn La,04204,Xã Chiềng Khoong,XÃ,Chiềng Khoong,01/07/2025,https://danhmuchanhchinh.nso.gov.vn/Doi_Chieu_Moi.aspx
14,Tỉnh Sơn La,04210,Xã Huổi Một,XÃ,Huổi Một,01/07/2025,https://danhmuchanhchinh.nso.gov.vn/Doi_Chieu_Moi.aspx
14,Tỉnh Sơn La,04219,Xã Mường Hung,XÃ,Mường Hung,01/07/2025,https://danhmuchanhchinh.nso.gov.vn/Doi_Chieu_Moi.aspx
14,Tỉnh Sơn La,04222,Xã Chiềng Khương,XÃ,Chiềng Khương,01/07/2025,https://danhmuchanhchinh.nso.gov.vn/Doi_Chieu_Moi.aspx
14,Tỉnh Sơn La,04228,Xã Púng Bánh,XÃ,Púng Bánh,01/07/2025,https://danhmuchanhchinh.nso.gov.vn/Doi_Chieu_Moi.aspx
14,Tỉnh Sơn La,04231,Xã Sốp Cộp,XÃ,Sốp Cộp,01/07/2025,https://danhmuchanhchinh.nso.gov.vn/Doi_Chieu_Moi.aspx
14,Tỉnh Sơn La,04240,Xã Mường Lèo,XÃ,Mường Lèo,01/07/2025,https://danhmuchanhchinh.nso.gov.vn/Doi_Chieu_Moi.aspx
14,Tỉnh Sơn La,04246,Xã Mường Lạn,XÃ,Mường Lạn,01/07/2025,https://danhmuchanhchinh.nso.gov.vn/Doi_Chieu_Moi.aspx
19,Tỉnh Thái Nguyên,01840,Phường Đức Xuân,PHƯỜNG,Đức Xuân,01/07/2025,https://danhmuchanhchinh.nso.gov.vn/Doi_Chieu_Moi.aspx
19,Tỉnh Thái Nguyên,01843,Phường Bắc Kạn,PHƯỜNG,Bắc Kạn,01/07/2025,https://danhmuchanhchinh.nso.gov.vn/Doi_Chieu_Moi.aspx
19,Tỉnh Thái Nguyên,01849,Xã Phong Quang,XÃ,Phong Quang,01/07/2025,https://danhmuchanhchinh.nso.gov.vn/Doi_Chieu_Moi.aspx
19,Tỉnh Thái Nguyên,01864,Xã Bằng Thành,XÃ,Bằng Thành,01/07/2025,https://danhmuchanhchinh.nso.gov.vn/Doi_Chieu_Moi.aspx
19,Tỉnh Thái Nguyên,01879,Xã Cao Minh,XÃ,Cao Minh,01/07/2025,https://danhmuchanhchinh.nso.gov.vn/Doi_Chieu_Moi.aspx
19,Tỉnh Thái Nguyên,01882,Xã Nghiên Loan,XÃ,Nghiên Loan,01/07/2025,https://danhmuchanhchinh.nso.gov.vn/Doi_Chieu_Moi.aspx
19,Tỉnh Thái Nguyên,01894,Xã Phúc Lộc,XÃ,Phúc Lộc,01/07/2025,https://danhmuchanhchinh.nso.gov.vn/Doi_Chieu_Moi.aspx
19,Tỉnh Thái Nguyên,01906,Xã Ba Bể,XÃ,Ba Bể,01/07/2025,https://danhmuchanhchinh.nso.gov.vn/Doi_Chieu_Moi.aspx
19,Tỉnh Thái Nguyên,01912,Xã Chợ Rã,XÃ,Chợ Rã,01/07/2025,https://danhmuchanhchinh.nso.gov.vn/Doi_Chieu_Moi.aspx
19,Tỉnh Thái Nguyên,01921,Xã Thượng Minh,XÃ,Thượng Minh,01/07/2025,https://danhmuchanhchinh.nso.gov.vn/Doi_Chieu_Moi.aspx
19,Tỉnh Thái Nguyên,01933,Xã Đồng Phúc,XÃ,Đồng Phúc,01/07/2025,https://danhmuchanhchinh.nso.gov.vn/Doi_Chieu_Moi.aspx
19,Tỉnh Thái Nguyên,01936,Xã Nà Phặc,XÃ,Nà Phặc,01/07/2025,https://danhmuchanhchinh.nso.gov.vn/Doi_Chieu_Moi.aspx
19,Tỉnh Thái Nguyên,01942,Xã Bằng Vân,XÃ,Bằng Vân,01/07/2025,https://danhmuchanhchinh.nso.gov.vn/Doi_Chieu_Moi.aspx
19,Tỉnh Thái Nguyên,01954,Xã Ngân Sơn,XÃ,Ngân Sơn,01/07/2025,https://danhmuchanhchinh.nso.gov.vn/Doi_Chieu_Moi.aspx
19,Tỉnh Thái Nguyên,01957,Xã Thượng Quan,XÃ,Thượng Quan,01/07/2025,https://danhmuchanhchinh.nso.gov.vn/Doi_Chieu_Moi.aspx
19,Tỉnh Thái Nguyên,01960,Xã Hiệp Lực,XÃ,Hiệp Lực,01/07/2025,https://danhmuchanhchinh.nso.gov.vn/Doi_Chieu_Moi.aspx
19,Tỉnh Thái Nguyên,01969,Xã Phủ Thông,XÃ,Phủ Thông,01/07/2025,https://danhmuchanhchinh.nso.gov.vn/Doi_Chieu_Moi.aspx
19,Tỉnh Thái Nguyên,01981,Xã Vĩnh Thông,XÃ,Vĩnh Thông,01/07/2025,https://danhmuchanhchinh.nso.gov.vn/Doi_Chieu_Moi.aspx
19,Tỉnh Thái Nguyên,02008,Xã Cẩm Giàng,XÃ,Cẩm Giàng,01/07/2025,https://danhmuchanhchinh.nso.gov.vn/Doi_Chieu_Moi.aspx
19,Tỉnh Thái Nguyên,02014,Xã Bạch Thông,XÃ,Bạch Thông,01/07/2025,https://danhmuchanhchinh.nso.gov.vn/Doi_Chieu_Moi.aspx
19,Tỉnh Thái Nguyên,02020,Xã Chợ Đồn,XÃ,Chợ Đồn,01/07/2025,https://danhmuchanhchinh.nso.gov.vn/Doi_Chieu_Moi.aspx
19,Tỉnh Thái Nguyên,02026,Xã Nam Cường,XÃ,Nam Cường,01/07/2025,https://danhmuchanhchinh.nso.gov.vn/Doi_Chieu_Moi.aspx
19,Tỉnh Thái Nguyên,02038,Xã Quảng Bạch,XÃ,Quảng Bạch,01/07/2025,https://danhmuchanhchinh.nso.gov.vn/Doi_Chieu_Moi.aspx
19,Tỉnh Thái Nguyên,02044,Xã Yên Thịnh,XÃ,Yên Thịnh,01/07/2025,https://danhmuchanhchinh.nso.gov.vn/Doi_Chieu_Moi.aspx
19,Tỉnh Thái Nguyên,02071,Xã Nghĩa Tá,XÃ,Nghĩa Tá,01/07/2025,https://danhmuchanhchinh.nso.gov.vn/Doi_Chieu_Moi.aspx
19,Tỉnh Thái Nguyên,02083,Xã Yên Phong,XÃ,Yên Phong,01/07/2025,https://danhmuchanhchinh.nso.gov.vn/Doi_Chieu_Moi.aspx
19,Tỉnh Thái Nguyên,02086,Xã Chợ Mới,XÃ,Chợ Mới,01/07/2025,https://danhmuchanhchinh.nso.gov.vn/Doi_Chieu_Moi.aspx
19,Tỉnh Thái Nguyên,02101,Xã Thanh Mai,XÃ,Thanh Mai,01/07/2025,https://danhmuchanhchinh.nso.gov.vn/Doi_Chieu_Moi.aspx
19,Tỉnh Thái Nguyên,02104,Xã Tân Kỳ,XÃ,Tân Kỳ,01/07/2025,https://danhmuchanhchinh.nso.gov.vn/Doi_Chieu_Moi.aspx
19,Tỉnh Thái Nguyên,02107,Xã Thanh Thịnh,XÃ,Thanh Thịnh,01/07/2025,https://danhmuchanhchinh.nso.gov.vn/Doi_Chieu_Moi.aspx
19,Tỉnh Thái Nguyên,02116,Xã Yên Bình,XÃ,Yên Bình,01/07/2025,https://danhmuchanhchinh.nso.gov.vn/Doi_Chieu_Moi.aspx
19,Tỉnh Thái Nguyên,02143,Xã Văn Lang,XÃ,Văn Lang,01/07/2025,https://danhmuchanhchinh.nso.gov.vn/Doi_Chieu_Moi.aspx
19,Tỉnh Thái Nguyên,02152,Xã Cường Lợi,XÃ,Cường Lợi,01/07/2025,https://danhmuchanhchinh.nso.gov.vn/Doi_Chieu_Moi.aspx
19,Tỉnh Thái Nguyên,02155,Xã Na Rì,XÃ,Na Rì,01/07/2025,https://danhmuchanhchinh.nso.gov.vn/Doi_Chieu_Moi.aspx
19,Tỉnh Thái Nguyên,02176,Xã Trần Phú,XÃ,Trần Phú,01/07/2025,https://danhmuchanhchinh.nso.gov.vn/Doi_Chieu_Moi.aspx
19,Tỉnh Thái Nguyên,02185,Xã Côn Minh,XÃ,Côn Minh,01/07/2025,https://danhmuchanhchinh.nso.gov.vn/Doi_Chieu_Moi.aspx
19,Tỉnh Thái Nguyên,02191,Xã Xuân Dương,XÃ,Xuân Dương,01/07/2025,https://danhmuchanhchinh.nso.gov.vn/Doi_Chieu_Moi.aspx
19,Tỉnh Thái Nguyên,05443,Phường Phan Đình Phùng,PHƯỜNG,Phan Đình Phùng,01/07/2025,https://danhmuchanhchinh.nso.gov.vn/Doi_Chieu_Moi.aspx
19,Tỉnh Thái Nguyên,05455,Phường Quyết Thắng,PHƯỜNG,Quyết Thắng,01/07/2025,https://danhmuchanhchinh.nso.gov.vn/Doi_Chieu_Moi.aspx
19,Tỉnh Thái Nguyên,05467,Phường Gia Sàng,PHƯỜNG,Gia Sàng,01/07/2025,https://danhmuchanhchinh.nso.gov.vn/Doi_Chieu_Moi.aspx
19,Tỉnh Thái Nguyên,05482,Phường Quan Triều,PHƯỜNG,Quan Triều,01/07/2025,https://danhmuchanhchinh.nso.gov.vn/Doi_Chieu_Moi.aspx
19,Tỉnh Thái Nguyên,05488,Xã Đại Phúc,XÃ,Đại Phúc,01/07/2025,https://danhmuchanhchinh.nso.gov.vn/Doi_Chieu_Moi.aspx
19,Tỉnh Thái Nguyên,05500,Phường Tích Lương,PHƯỜNG,Tích Lương,01/07/2025,https://danhmuchanhchinh.nso.gov.vn/Doi_Chieu_Moi.aspx
19,Tỉnh Thái Nguyên,05503,Xã Tân Cương,XÃ,Tân Cương,01/07/2025,https://danhmuchanhchinh.nso.gov.vn/Doi_Chieu_Moi.aspx
19,Tỉnh Thái Nguyên,05518,Phường Sông Công,PHƯỜNG,Sông Công,01/07/2025,https://danhmuchanhchinh.nso.gov.vn/Doi_Chieu_Moi.aspx
19,Tỉnh Thái Nguyên,05528,Phường Bách Quang,PHƯỜNG,Bách Quang,01/07/2025,https://danhmuchanhchinh.nso.gov.vn/Doi_Chieu_Moi.aspx
19,Tỉnh Thái Nguyên,05533,Phường Bá Xuyên,PHƯỜNG,Bá Xuyên,01/07/2025,https://danhmuchanhchinh.nso.gov.vn/Doi_Chieu_Moi.aspx
19,Tỉnh Thái Nguyên,05542,Xã Lam Vỹ,XÃ,Lam Vỹ,01/07/2025,https://danhmuchanhchinh.nso.gov.vn/Doi_Chieu_Moi.aspx
19,Tỉnh Thái Nguyên,05551,Xã Kim Phượng,XÃ,Kim Phượng,01/07/2025,https://danhmuchanhchinh.nso.gov.vn/Doi_Chieu_Moi.aspx
19,Tỉnh Thái Nguyên,05563,Xã Phượng Tiến,XÃ,Phượng Tiến,01/07/2025,https://danhmuchanhchinh.nso.gov.vn/Doi_Chieu_Moi.aspx
19,Tỉnh Thái Nguyên,05569,Xã Định Hóa,XÃ,Định Hóa,01/07/2025,https://danhmuchanhchinh.nso.gov.vn/Doi_Chieu_Moi.aspx
19,Tỉnh Thái Nguyên,05581,Xã Trung Hội,XÃ,Trung Hội,01/07/2025,https://danhmuchanhchinh.nso.gov.vn/Doi_Chieu_Moi.aspx
19,Tỉnh Thái Nguyên,05587,Xã Bình Yên,XÃ,Bình Yên,01/07/2025,https://danhmuchanhchinh.nso.gov.vn/Doi_Chieu_Moi.aspx
19,Tỉnh Thái Nguyên,05602,Xã Phú Đình,XÃ,Phú Đình,01/07/2025,https://danhmuchanhchinh.nso.gov.vn/Doi_Chieu_Moi.aspx
19,Tỉnh Thái Nguyên,05605,Xã Bình Thành,XÃ,Bình Thành,01/07/2025,https://danhmuchanhchinh.nso.gov.vn/Doi_Chieu_Moi.aspx
19,Tỉnh Thái Nguyên,05611,Xã Phú Lương,XÃ,Phú Lương,01/07/2025,https://danhmuchanhchinh.nso.gov.vn/Doi_Chieu_Moi.aspx
19,Tỉnh Thái Nguyên,05620,Xã Yên Trạch,XÃ,Yên Trạch,01/07/2025,https://danhmuchanhchinh.nso.gov.vn/Doi_Chieu_Moi.aspx
19,Tỉnh Thái Nguyên,05632,Xã Hợp Thành,XÃ,Hợp Thành,01/07/2025,https://danhmuchanhchinh.nso.gov.vn/Doi_Chieu_Moi.aspx
19,Tỉnh Thái Nguyên,05641,Xã Vô Tranh,XÃ,Vô Tranh,01/07/2025,https://danhmuchanhchinh.nso.gov.vn/Doi_Chieu_Moi.aspx
19,Tỉnh Thái Nguyên,05662,Xã Trại Cau,XÃ,Trại Cau,01/07/2025,https://danhmuchanhchinh.nso.gov.vn/Doi_Chieu_Moi.aspx
19,Tỉnh Thái Nguyên,05665,Xã Văn Lăng,XÃ,Văn Lăng,01/07/2025,https://danhmuchanhchinh.nso.gov.vn/Doi_Chieu_Moi.aspx
19,Tỉnh Thái Nguyên,05674,Xã Quang Sơn,XÃ,Quang Sơn,01/07/2025,https://danhmuchanhchinh.nso.gov.vn/Doi_Chieu_Moi.aspx
19,Tỉnh Thái Nguyên,05680,Xã Văn Hán,XÃ,Văn Hán,01/07/2025,https://danhmuchanhchinh.nso.gov.vn/Doi_Chieu_Moi.aspx
19,Tỉnh Thái Nguyên,05692,Xã Đồng Hỷ,XÃ,Đồng Hỷ,01/07/2025,https://danhmuchanhchinh.nso.gov.vn/Doi_Chieu_Moi.aspx
19,Tỉnh Thái Nguyên,05707,Xã Nam Hòa,XÃ,Nam Hòa,01/07/2025,https://danhmuchanhchinh.nso.gov.vn/Doi_Chieu_Moi.aspx
19,Tỉnh Thái Nguyên,05710,Phường Linh Sơn,PHƯỜNG,Linh Sơn,01/07/2025,https://danhmuchanhchinh.nso.gov.vn/Doi_Chieu_Moi.aspx
19,Tỉnh Thái Nguyên,05716,Xã Võ Nhai,XÃ,Võ Nhai,01/07/2025,https://danhmuchanhchinh.nso.gov.vn/Doi_Chieu_Moi.aspx
19,Tỉnh Thái Nguyên,05719,Xã Sảng Mộc,XÃ,Sảng Mộc,01/07/2025,https://danhmuchanhchinh.nso.gov.vn/Doi_Chieu_Moi.aspx
19,Tỉnh Thái Nguyên,05722,Xã Nghinh Tường,XÃ,Nghinh Tường,01/07/2025,https://danhmuchanhchinh.nso.gov.vn/Doi_Chieu_Moi.aspx
19,Tỉnh Thái Nguyên,05725,Xã Thần Sa,XÃ,Thần Sa,01/07/2025,https://danhmuchanhchinh.nso.gov.vn/Doi_Chieu_Moi.aspx
19,Tỉnh Thái Nguyên,05740,Xã La Hiên,XÃ,La Hiên,01/07/2025,https://danhmuchanhchinh.nso.gov.vn/Doi_Chieu_Moi.aspx
19,Tỉnh Thái Nguyên,05746,Xã Tràng Xá,XÃ,Tràng Xá,01/07/2025,https://danhmuchanhchinh.nso.gov.vn/Doi_Chieu_Moi.aspx
19,Tỉnh Thái Nguyên,05755,Xã Dân Tiến,XÃ,Dân Tiến,01/07/2025,https://danhmuchanhchinh.nso.gov.vn/Doi_Chieu_Moi.aspx
19,Tỉnh Thái Nguyên,05773,Xã Phú Xuyên,XÃ,Phú Xuyên,01/07/2025,https://danhmuchanhchinh.nso.gov.vn/Doi_Chieu_Moi.aspx
19,Tỉnh Thái Nguyên,05776,Xã Đức Lương,XÃ,Đức Lương,01/07/2025,https://danhmuchanhchinh.nso.gov.vn/Doi_Chieu_Moi.aspx
19,Tỉnh Thái Nguyên,05788,Xã Phú Lạc,XÃ,Phú Lạc,01/07/2025,https://danhmuchanhchinh.nso.gov.vn/Doi_Chieu_Moi.aspx
19,Tỉnh Thái Nguyên,05800,Xã Phú Thịnh,XÃ,Phú Thịnh,01/07/2025,https://danhmuchanhchinh.nso.gov.vn/Doi_Chieu_Moi.aspx
19,Tỉnh Thái Nguyên,05809,Xã An Khánh,XÃ,An Khánh,01/07/2025,https://danhmuchanhchinh.nso.gov.vn/Doi_Chieu_Moi.aspx
19,Tỉnh Thái Nguyên,05818,Xã La Bằng,XÃ,La Bằng,01/07/2025,https://danhmuchanhchinh.nso.gov.vn/Doi_Chieu_Moi.aspx
19,Tỉnh Thái Nguyên,05830,Xã Đại Từ,XÃ,Đại Từ,01/07/2025,https://danhmuchanhchinh.nso.gov.vn/Doi_Chieu_Moi.aspx
19,Tỉnh Thái Nguyên,05845,Xã Vạn Phú,XÃ,Vạn Phú,01/07/2025,https://danhmuchanhchinh.nso.gov.vn/Doi_Chieu_Moi.aspx
19,Tỉnh Thái Nguyên,05851,Xã Quân Chu,XÃ,Quân Chu,01/07/2025,https://danhmuchanhchinh.nso.gov.vn/Doi_Chieu_Moi.aspx
19,Tỉnh Thái Nguyên,05857,Phường Phúc Thuận,PHƯỜNG,Phúc Thuận,01/07/2025,https://danhmuchanhchinh.nso.gov.vn/Doi_Chieu_Moi.aspx
19,Tỉnh Thái Nguyên,05860,Phường Phổ Yên,PHƯỜNG,Phổ Yên,01/07/2025,https://danhmuchanhchinh.nso.gov.vn/Doi_Chieu_Moi.aspx
19,Tỉnh Thái Nguyên,05881,Xã Thành Công,XÃ,Thành Công,01/07/2025,https://danhmuchanhchinh.nso.gov.vn/Doi_Chieu_Moi.aspx
19,Tỉnh Thái Nguyên,05890,Phường Vạn Xuân,PHƯỜNG,Vạn Xuân,01/07/2025,https://danhmuchanhchinh.nso.gov.vn/Doi_Chieu_Moi.aspx
19,Tỉnh Thái Nguyên,05899,Phường Trung Thành,PHƯỜNG,Trung Thành,01/07/2025,https://danhmuchanhchinh.nso.gov.vn/Doi_Chieu_Moi.aspx
19,Tỉnh Thái Nguyên,05908,Xã Phú Bình,XÃ,Phú Bình,01/07/2025,https://danhmuchanhchinh.nso.gov.vn/Doi_Chieu_Moi.aspx
19,Tỉnh Thái Nguyên,05917,Xã Tân Khánh,XÃ,Tân Khánh,01/07/2025,https://danhmuchanhchinh.nso.gov.vn/Doi_Chieu_Moi.aspx
19,Tỉnh Thái Nguyên,05923,Xã Tân Thành,XÃ,Tân Thành,01/07/2025,https://danhmuchanhchinh.nso.gov.vn/Doi_Chieu_Moi.aspx
19,Tỉnh Thái Nguyên,05941,Xã Điềm Thụy,XÃ,Điềm Thụy,01/07/2025,https://danhmuchanhchinh.nso.gov.vn/Doi_Chieu_Moi.aspx
19,Tỉnh Thái Nguyên,05953,Xã Kha Sơn,XÃ,Kha Sơn,01/07/2025,https://danhmuchanhchinh.nso.gov.vn/Doi_Chieu_Moi.aspx
20,Tỉnh Lạng Sơn,05977,Phường Đông Kinh,PHƯỜNG,Đông Kinh,01/07/2025,https://danhmuchanhchinh.nso.gov.vn/Doi_Chieu_Moi.aspx
20,Tỉnh Lạng Sơn,05983,Phường Lương Văn Tri,PHƯỜNG,Lương Văn Tri,01/07/2025,https://danhmuchanhchinh.nso.gov.vn/Doi_Chieu_Moi.aspx
20,Tỉnh Lạng Sơn,05986,Phường Tam Thanh,PHƯỜNG,Tam Thanh,01/07/2025,https://danhmuchanhchinh.nso.gov.vn/Doi_Chieu_Moi.aspx
20,Tỉnh Lạng Sơn,06001,Xã Đoàn Kết,XÃ,Đoàn Kết,01/07/2025,https://danhmuchanhchinh.nso.gov.vn/Doi_Chieu_Moi.aspx
20,Tỉnh Lạng Sơn,06004,Xã Quốc Khánh,XÃ,Quốc Khánh,01/07/2025,https://danhmuchanhchinh.nso.gov.vn/Doi_Chieu_Moi.aspx
20,Tỉnh Lạng Sơn,06019,Xã Tân Tiến,XÃ,Tân Tiến,01/07/2025,https://danhmuchanhchinh.nso.gov.vn/Doi_Chieu_Moi.aspx
20,Tỉnh Lạng Sơn,06037,Xã Kháng Chiến,XÃ,Kháng Chiến,01/07/2025,https://danhmuchanhchinh.nso.gov.vn/Doi_Chieu_Moi.aspx
20,Tỉnh Lạng Sơn,06040,Xã Thất Khê,XÃ,Thất Khê,01/07/2025,https://danhmuchanhchinh.nso.gov.vn/Doi_Chieu_Moi.aspx
20,Tỉnh Lạng Sơn,06046,Xã Tràng Định,XÃ,Tràng Định,01/07/2025,https://danhmuchanhchinh.nso.gov.vn/Doi_Chieu_Moi.aspx
20,Tỉnh Lạng Sơn,06058,Xã Quốc Việt,XÃ,Quốc Việt,01/07/2025,https://danhmuchanhchinh.nso.gov.vn/Doi_Chieu_Moi.aspx
20,Tỉnh Lạng Sơn,06073,Xã Hoa Thám,XÃ,Hoa Thám,01/07/2025,https://danhmuchanhchinh.nso.gov.vn/Doi_Chieu_Moi.aspx
20,Tỉnh Lạng Sơn,06076,Xã Quý Hòa,XÃ,Quý Hòa,01/07/2025,https://danhmuchanhchinh.nso.gov.vn/Doi_Chieu_Moi.aspx
20,Tỉnh Lạng Sơn,06079,Xã Hồng Phong,XÃ,Hồng Phong,01/07/2025,https://danhmuchanhchinh.nso.gov.vn/Doi_Chieu_Moi.aspx
20,Tỉnh Lạng Sơn,06085,Xã Thiện Hòa,XÃ,Thiện Hòa,01/07/2025,https://danhmuchanhchinh.nso.gov.vn/Doi_Chieu_Moi.aspx
20,Tỉnh Lạng Sơn,06091,Xã Thiện Thuật,XÃ,Thiện Thuật,01/07/2025,https://danhmuchanhchinh.nso.gov.vn/Doi_Chieu_Moi.aspx
20,Tỉnh Lạng Sơn,06103,Xã Thiện Long,XÃ,Thiện Long,01/07/2025,https://danhmuchanhchinh.nso.gov.vn/Doi_Chieu_Moi.aspx
20,Tỉnh Lạng Sơn,06112,Xã Bình Gia,XÃ,Bình Gia,01/07/2025,https://danhmuchanhchinh.nso.gov.vn/Doi_Chieu_Moi.aspx
20,Tỉnh Lạng Sơn,06115,Xã Tân Văn,XÃ,Tân Văn,01/07/2025,https://danhmuchanhchinh.nso.gov.vn/Doi_Chieu_Moi.aspx
20,Tỉnh Lạng Sơn,06124,Xã Na Sầm,XÃ,Na Sầm,01/07/2025,https://danhmuchanhchinh.nso.gov.vn/Doi_Chieu_Moi.aspx
20,Tỉnh Lạng Sơn,06148,Xã Thụy Hùng,XÃ,Thụy Hùng,01/07/2025,https://danhmuchanhchinh.nso.gov.vn/Doi_Chieu_Moi.aspx
20,Tỉnh Lạng Sơn,06151,Xã Hội Hoan,XÃ,Hội Hoan,01/07/2025,https://danhmuchanhchinh.nso.gov.vn/Doi_Chieu_Moi.aspx
20,Tỉnh Lạng Sơn,06154,Xã Văn Lãng,XÃ,Văn Lãng,01/07/2025,https://danhmuchanhchinh.nso.gov.vn/Doi_Chieu_Moi.aspx
20,Tỉnh Lạng Sơn,06172,Xã Hoàng Văn Thụ,XÃ,Hoàng Văn Thụ,01/07/2025,https://danhmuchanhchinh.nso.gov.vn/Doi_Chieu_Moi.aspx
20,Tỉnh Lạng Sơn,06184,Xã Đồng Đăng,XÃ,Đồng Đăng,01/07/2025,https://danhmuchanhchinh.nso.gov.vn/Doi_Chieu_Moi.aspx
20,Tỉnh Lạng Sơn,06187,Phường Kỳ Lừa,PHƯỜNG,Kỳ Lừa,01/07/2025,https://danhmuchanhchinh.nso.gov.vn/Doi_Chieu_Moi.aspx
20,Tỉnh Lạng Sơn,06196,Xã Ba Sơn,XÃ,Ba Sơn,01/07/2025,https://danhmuchanhchinh.nso.gov.vn/Doi_Chieu_Moi.aspx
20,Tỉnh Lạng Sơn,06211,Xã Cao Lộc,XÃ,Cao Lộc,01/07/2025,https://danhmuchanhchinh.nso.gov.vn/Doi_Chieu_Moi.aspx
20,Tỉnh Lạng Sơn,06220,Xã Công Sơn,XÃ,Công Sơn,01/07/2025,https://danhmuchanhchinh.nso.gov.vn/Doi_Chieu_Moi.aspx
20,Tỉnh Lạng Sơn,06253,Xã Văn Quan,XÃ,Văn Quan,01/07/2025,https://danhmuchanhchinh.nso.gov.vn/Doi_Chieu_Moi.aspx
20,Tỉnh Lạng Sơn,06280,Xã Điềm He,XÃ,Điềm He,01/07/2025,https://danhmuchanhchinh.nso.gov.vn/Doi_Chieu_Moi.aspx
20,Tỉnh Lạng Sơn,06286,Xã Khánh Khê,XÃ,Khánh Khê,01/07/2025,https://danhmuchanhchinh.nso.gov.vn/Doi_Chieu_Moi.aspx
20,Tỉnh Lạng Sơn,06298,Xã Yên Phúc,XÃ,Yên Phúc,01/07/2025,https://danhmuchanhchinh.nso.gov.vn/Doi_Chieu_Moi.aspx
20,Tỉnh Lạng Sơn,06313,Xã Tri Lễ,XÃ,Tri Lễ,01/07/2025,https://danhmuchanhchinh.nso.gov.vn/Doi_Chieu_Moi.aspx
20,Tỉnh Lạng Sơn,06316,Xã Tân Đoàn,XÃ,Tân Đoàn,01/07/2025,https://danhmuchanhchinh.nso.gov.vn/Doi_Chieu_Moi.aspx
20,Tỉnh Lạng Sơn,06325,xã Bắc Sơn,XÃ,Bắc Sơn,01/07/2025,https://danhmuchanhchinh.nso.gov.vn/Doi_Chieu_Moi.aspx
20,Tỉnh Lạng Sơn,06337,Xã Tân Tri,XÃ,Tân Tri,01/07/2025,https://danhmuchanhchinh.nso.gov.vn/Doi_Chieu_Moi.aspx
20,Tỉnh Lạng Sơn,06349,Xã Hưng Vũ,XÃ,Hưng Vũ,01/07/2025,https://danhmuchanhchinh.nso.gov.vn/Doi_Chieu_Moi.aspx
20,Tỉnh Lạng Sơn,06364,Xã Vũ Lễ,XÃ,Vũ Lễ,01/07/2025,https://danhmuchanhchinh.nso.gov.vn/Doi_Chieu_Moi.aspx
20,Tỉnh Lạng Sơn,06367,Xã Vũ Lăng,XÃ,Vũ Lăng,01/07/2025,https://danhmuchanhchinh.nso.gov.vn/Doi_Chieu_Moi.aspx
20,Tỉnh Lạng Sơn,06376,Xã Nhất Hòa,XÃ,Nhất Hòa,01/07/2025,https://danhmuchanhchinh.nso.gov.vn/Doi_Chieu_Moi.aspx
20,Tỉnh Lạng Sơn,06385,Xã Hữu Lũng,XÃ,Hữu Lũng,01/07/2025,https://danhmuchanhchinh.nso.gov.vn/Doi_Chieu_Moi.aspx
20,Tỉnh Lạng Sơn,06391,Xã Yên Bình,XÃ,Yên Bình,01/07/2025,https://danhmuchanhchinh.nso.gov.vn/Doi_Chieu_Moi.aspx
20,Tỉnh Lạng Sơn,06400,Xã Hữu Liên,XÃ,Hữu Liên,01/07/2025,https://danhmuchanhchinh.nso.gov.vn/Doi_Chieu_Moi.aspx
20,Tỉnh Lạng Sơn,06415,Xã Vân Nham,XÃ,Vân Nham,01/07/2025,https://danhmuchanhchinh.nso.gov.vn/Doi_Chieu_Moi.aspx
20,Tỉnh Lạng Sơn,06427,Xã Cai Kinh,XÃ,Cai Kinh,01/07/2025,https://danhmuchanhchinh.nso.gov.vn/Doi_Chieu_Moi.aspx
20,Tỉnh Lạng Sơn,06436,Xã Thiện Tân,XÃ,Thiện Tân,01/07/2025,https://danhmuchanhchinh.nso.gov.vn/Doi_Chieu_Moi.aspx
20,Tỉnh Lạng Sơn,06445,Xã Tân Thành,XÃ,Tân Thành,01/07/2025,https://danhmuchanhchinh.nso.gov.vn/Doi_Chieu_Moi.aspx
20,Tỉnh Lạng Sơn,06457,Xã Tuấn Sơn,XÃ,Tuấn Sơn,01/07/2025,https://danhmuchanhchinh.nso.gov.vn/Doi_Chieu_Moi.aspx
20,Tỉnh Lạng Sơn,06463,Xã Chi Lăng,XÃ,Chi Lăng,01/07/2025,https://danhmuchanhchinh.nso.gov.vn/Doi_Chieu_Moi.aspx
20,Tỉnh Lạng Sơn,06475,Xã Bằng Mạc,XÃ,Bằng Mạc,01/07/2025,https://danhmuchanhchinh.nso.gov.vn/Doi_Chieu_Moi.aspx
20,Tỉnh Lạng Sơn,06481,Xã Chiến Thắng,XÃ,Chiến Thắng,01/07/2025,https://danhmuchanhchinh.nso.gov.vn/Doi_Chieu_Moi.aspx
20,Tỉnh Lạng Sơn,06496,Xã Nhân Lý,XÃ,Nhân Lý,01/07/2025,https://danhmuchanhchinh.nso.gov.vn/Doi_Chieu_Moi.aspx
20,Tỉnh Lạng Sơn,06505,Xã Vạn Linh,XÃ,Vạn Linh,01/07/2025,https://danhmuchanhchinh.nso.gov.vn/Doi_Chieu_Moi.aspx
20,Tỉnh Lạng Sơn,06517,Xã Quan Sơn,XÃ,Quan Sơn,01/07/2025,https://danhmuchanhchinh.nso.gov.vn/Doi_Chieu_Moi.aspx
20,Tỉnh Lạng Sơn,06526,Xã Na Dương,XÃ,Na Dương,01/07/2025,https://danhmuchanhchinh.nso.gov.vn/Doi_Chieu_Moi.aspx
20,Tỉnh Lạng Sơn,06529,Xã Lộc Bình,XÃ,Lộc Bình,01/07/2025,https://danhmuchanhchinh.nso.gov.vn/Doi_Chieu_Moi.aspx
20,Tỉnh Lạng Sơn,06541,Xã Mẫu Sơn,XÃ,Mẫu Sơn,01/07/2025,https://danhmuchanhchinh.nso.gov.vn/Doi_Chieu_Moi.aspx
20,Tỉnh Lạng Sơn,06565,Xã Khuất Xá,XÃ,Khuất Xá,01/07/2025,https://danhmuchanhchinh.nso.gov.vn/Doi_Chieu_Moi.aspx
20,Tỉnh Lạng Sơn,06577,Xã Thống Nhất,XÃ,Thống Nhất,01/07/2025,https://danhmuchanhchinh.nso.gov.vn/Doi_Chieu_Moi.aspx
20,Tỉnh Lạng Sơn,06601,Xã Lợi Bác,XÃ,Lợi Bác,01/07/2025,https://danhmuchanhchinh.nso.gov.vn/Doi_Chieu_Moi.aspx
20,Tỉnh Lạng Sơn,06607,Xã Xuân Dương,XÃ,Xuân Dương,01/07/2025,https://danhmuchanhchinh.nso.gov.vn/Doi_Chieu_Moi.aspx
20,Tỉnh Lạng Sơn,06613,Xã Đình Lập,XÃ,Đình Lập,01/07/2025,https://danhmuchanhchinh.nso.gov.vn/Doi_Chieu_Moi.aspx
20,Tỉnh Lạng Sơn,06616,Xã Thái Bình,XÃ,Thái Bình,01/07/2025,https://danhmuchanhchinh.nso.gov.vn/Doi_Chieu_Moi.aspx
20,Tỉnh Lạng Sơn,06625,Xã Kiên Mộc,XÃ,Kiên Mộc,01/07/2025,https://danhmuchanhchinh.nso.gov.vn/Doi_Chieu_Moi.aspx
20,Tỉnh Lạng Sơn,06637,Xã Châu Sơn,XÃ,Châu Sơn,01/07/2025,https://danhmuchanhchinh.nso.gov.vn/Doi_Chieu_Moi.aspx
22,Tỉnh Quảng Ninh,06652,Phường Hà Tu,PHƯỜNG,Hà Tu,01/07/2025,https://danhmuchanhchinh.nso.gov.vn/Doi_Chieu_Moi.aspx
22,Tỉnh Quảng Ninh,06658,Phường Cao Xanh,PHƯỜNG,Cao Xanh,01/07/2025,https://danhmuchanhchinh.nso.gov.vn/Doi_Chieu_Moi.aspx
22,Tỉnh Quảng Ninh,06661,Phường Việt Hưng,PHƯỜNG,Việt Hưng,01/07/2025,https://danhmuchanhchinh.nso.gov.vn/Doi_Chieu_Moi.aspx
22,Tỉnh Quảng Ninh,06673,Phường Bãi Cháy,PHƯỜNG,Bãi Cháy,01/07/2025,https://danhmuchanhchinh.nso.gov.vn/Doi_Chieu_Moi.aspx
22,Tỉnh Quảng Ninh,06676,Phường Hà Lầm,PHƯỜNG,Hà Lầm,01/07/2025,https://danhmuchanhchinh.nso.gov.vn/Doi_Chieu_Moi.aspx
22,Tỉnh Quảng Ninh,06685,Phường Hồng Gai,PHƯỜNG,Hồng Gai,01/07/2025,https://danhmuchanhchinh.nso.gov.vn/Doi_Chieu_Moi.aspx
22,Tỉnh Quảng Ninh,06688,Phường Hạ Long,PHƯỜNG,Hạ Long,01/07/2025,https://danhmuchanhchinh.nso.gov.vn/Doi_Chieu_Moi.aspx
22,Tỉnh Quảng Ninh,06706,Phường Tuần Châu,PHƯỜNG,Tuần Châu,01/07/2025,https://danhmuchanhchinh.nso.gov.vn/Doi_Chieu_Moi.aspx
22,Tỉnh Quảng Ninh,06709,Phường Móng Cái 2,PHƯỜNG,Móng Cái 2,01/07/2025,https://danhmuchanhchinh.nso.gov.vn/Doi_Chieu_Moi.aspx
22,Tỉnh Quảng Ninh,06712,Phường Móng Cái 1,PHƯỜNG,Móng Cái 1,01/07/2025,https://danhmuchanhchinh.nso.gov.vn/Doi_Chieu_Moi.aspx
22,Tỉnh Quảng Ninh,06724,Xã Hải Sơn,XÃ,Hải Sơn,01/07/2025,https://danhmuchanhchinh.nso.gov.vn/Doi_Chieu_Moi.aspx
22,Tỉnh Quảng Ninh,06733,Xã Hải Ninh,XÃ,Hải Ninh,01/07/2025,https://danhmuchanhchinh.nso.gov.vn/Doi_Chieu_Moi.aspx
22,Tỉnh Quảng Ninh,06736,Phường Móng Cái 3,PHƯỜNG,Móng Cái 3,01/07/2025,https://danhmuchanhchinh.nso.gov.vn/Doi_Chieu_Moi.aspx
22,Tỉnh Quảng Ninh,06757,Xã Vĩnh Thực,XÃ,Vĩnh Thực,01/07/2025,https://danhmuchanhchinh.nso.gov.vn/Doi_Chieu_Moi.aspx
22,Tỉnh Quảng Ninh,06760,Phường Mông Dương,PHƯỜNG,Mông Dương,01/07/2025,https://danhmuchanhchinh.nso.gov.vn/Doi_Chieu_Moi.aspx
22,Tỉnh Quảng Ninh,06778,Phường Quang Hanh,PHƯỜNG,Quang Hanh,01/07/2025,https://danhmuchanhchinh.nso.gov.vn/Doi_Chieu_Moi.aspx
22,Tỉnh Quảng Ninh,06781,Phường Cửa Ông,PHƯỜNG,Cửa Ông,01/07/2025,https://danhmuchanhchinh.nso.gov.vn/Doi_Chieu_Moi.aspx
22,Tỉnh Quảng Ninh,06793,Phường Cẩm Phả,PHƯỜNG,Cẩm Phả,01/07/2025,https://danhmuchanhchinh.nso.gov.vn/Doi_Chieu_Moi.aspx
22,Tỉnh Quảng Ninh,06799,Xã Hải Hòa,XÃ,Hải Hòa,01/07/2025,https://danhmuchanhchinh.nso.gov.vn/Doi_Chieu_Moi.aspx
22,Tỉnh Quảng Ninh,06811,Phường Uông Bí,PHƯỜNG,Uông Bí,01/07/2025,https://danhmuchanhchinh.nso.gov.vn/Doi_Chieu_Moi.aspx
22,Tỉnh Quảng Ninh,06820,Phường Vàng Danh,PHƯỜNG,Vàng Danh,01/07/2025,https://danhmuchanhchinh.nso.gov.vn/Doi_Chieu_Moi.aspx
22,Tỉnh Quảng Ninh,06832,Phường Yên Tử,PHƯỜNG,Yên Tử,01/07/2025,https://danhmuchanhchinh.nso.gov.vn/Doi_Chieu_Moi.aspx
22,Tỉnh Quảng Ninh,06838,Xã Bình Liêu,XÃ,Bình Liêu,01/07/2025,https://danhmuchanhchinh.nso.gov.vn/Doi_Chieu_Moi.aspx
22,Tỉnh Quảng Ninh,06841,Xã Hoành Mô,XÃ,Hoành Mô,01/07/2025,https://danhmuchanhchinh.nso.gov.vn/Doi_Chieu_Moi.aspx
22,Tỉnh Quảng Ninh,06856,Xã Lục Hồn,XÃ,Lục Hồn,01/07/2025,https://danhmuchanhchinh.nso.gov.vn/Doi_Chieu_Moi.aspx
22,Tỉnh Quảng Ninh,06862,Xã Tiên Yên,XÃ,Tiên Yên,01/07/2025,https://danhmuchanhchinh.nso.gov.vn/Doi_Chieu_Moi.aspx
22,Tỉnh Quảng Ninh,06874,Xã Điền Xá,XÃ,Điền Xá,01/07/2025,https://danhmuchanhchinh.nso.gov.vn/Doi_Chieu_Moi.aspx
22,Tỉnh Quảng Ninh,06877,Xã Đông Ngũ,XÃ,Đông Ngũ,01/07/2025,https://danhmuchanhchinh.nso.gov.vn/Doi_Chieu_Moi.aspx
22,Tỉnh Quảng Ninh,06886,Xã Hải Lạng,XÃ,Hải Lạng,01/07/2025,https://danhmuchanhchinh.nso.gov.vn/Doi_Chieu_Moi.aspx
22,Tỉnh Quảng Ninh,06895,Xã Đầm Hà,XÃ,Đầm Hà,01/07/2025,https://danhmuchanhchinh.nso.gov.vn/Doi_Chieu_Moi.aspx
22,Tỉnh Quảng Ninh,06913,Xã Quảng Tân,XÃ,Quảng Tân,01/07/2025,https://danhmuchanhchinh.nso.gov.vn/Doi_Chieu_Moi.aspx
22,Tỉnh Quảng Ninh,06922,Xã Quảng Hà,XÃ,Quảng Hà,01/07/2025,https://danhmuchanhchinh.nso.gov.vn/Doi_Chieu_Moi.aspx
22,Tỉnh Quảng Ninh,06931,Xã Quảng Đức,XÃ,Quảng Đức,01/07/2025,https://danhmuchanhchinh.nso.gov.vn/Doi_Chieu_Moi.aspx
22,Tỉnh Quảng Ninh,06946,Xã Đường Hoa,XÃ,Đường Hoa,01/07/2025,https://danhmuchanhchinh.nso.gov.vn/Doi_Chieu_Moi.aspx
22,Tỉnh Quảng Ninh,06967,Xã Cái Chiên,XÃ,Cái Chiên,01/07/2025,https://danhmuchanhchinh.nso.gov.vn/Doi_Chieu_Moi.aspx
22,Tỉnh Quảng Ninh,06970,Xã Ba Chẽ,XÃ,Ba Chẽ,01/07/2025,https://danhmuchanhchinh.nso.gov.vn/Doi_Chieu_Moi.aspx
22,Tỉnh Quảng Ninh,06979,Xã Kỳ Thượng,XÃ,Kỳ Thượng,01/07/2025,https://danhmuchanhchinh.nso.gov.vn/Doi_Chieu_Moi.aspx
22,Tỉnh Quảng Ninh,06985,Xã Lương Minh,XÃ,Lương Minh,01/07/2025,https://danhmuchanhchinh.nso.gov.vn/Doi_Chieu_Moi.aspx
22,Tỉnh Quảng Ninh,06994,Đặc khu Vân Đồn,ĐẶC KHU,Vân Đồn,01/07/2025,https://danhmuchanhchinh.nso.gov.vn/Doi_Chieu_Moi.aspx
22,Tỉnh Quảng Ninh,07030,Phường Hoành Bồ,PHƯỜNG,Hoành Bồ,01/07/2025,https://danhmuchanhchinh.nso.gov.vn/Doi_Chieu_Moi.aspx
22,Tỉnh Quảng Ninh,07054,Xã Quảng La,XÃ,Quảng La,01/07/2025,https://danhmuchanhchinh.nso.gov.vn/Doi_Chieu_Moi.aspx
22,Tỉnh Quảng Ninh,07060,Xã Thống Nhất,XÃ,Thống Nhất,01/07/2025,https://danhmuchanhchinh.nso.gov.vn/Doi_Chieu_Moi.aspx
22,Tỉnh Quảng Ninh,07069,Phường Mạo Khê,PHƯỜNG,Mạo Khê,01/07/2025,https://danhmuchanhchinh.nso.gov.vn/Doi_Chieu_Moi.aspx
22,Tỉnh Quảng Ninh,07081,Phường Bình Khê,PHƯỜNG,Bình Khê,01/07/2025,https://danhmuchanhchinh.nso.gov.vn/Doi_Chieu_Moi.aspx
22,Tỉnh Quảng Ninh,07090,Phường An Sinh,PHƯỜNG,An Sinh,01/07/2025,https://danhmuchanhchinh.nso.gov.vn/Doi_Chieu_Moi.aspx
22,Tỉnh Quảng Ninh,07093,Phường Đông Triều,PHƯỜNG,Đông Triều,01/07/2025,https://danhmuchanhchinh.nso.gov.vn/Doi_Chieu_Moi.aspx
22,Tỉnh Quảng Ninh,07114,Phường Hoàng Quế,PHƯỜNG,Hoàng Quế,01/07/2025,https://danhmuchanhchinh.nso.gov.vn/Doi_Chieu_Moi.aspx
22,Tỉnh Quảng Ninh,07132,Phường Quảng Yên,PHƯỜNG,Quảng Yên,01/07/2025,https://danhmuchanhchinh.nso.gov.vn/Doi_Chieu_Moi.aspx
22,Tỉnh Quảng Ninh,07135,Phường Đông Mai,PHƯỜNG,Đông Mai,01/07/2025,https://danhmuchanhchinh.nso.gov.vn/Doi_Chieu_Moi.aspx
22,Tỉnh Quảng Ninh,07147,Phường Hiệp Hòa,PHƯỜNG,Hiệp Hòa,01/07/2025,https://danhmuchanhchinh.nso.gov.vn/Doi_Chieu_Moi.aspx
22,Tỉnh Quảng Ninh,07168,Phường Hà An,PHƯỜNG,Hà An,01/07/2025,https://danhmuchanhchinh.nso.gov.vn/Doi_Chieu_Moi.aspx
22,Tỉnh Quảng Ninh,07180,Phường Liên Hòa,PHƯỜNG,Liên Hòa,01/07/2025,https://danhmuchanhchinh.nso.gov.vn/Doi_Chieu_Moi.aspx
22,Tỉnh Quảng Ninh,07183,Phường Phong Cốc,PHƯỜNG,Phong Cốc,01/07/2025,https://danhmuchanhchinh.nso.gov.vn/Doi_Chieu_Moi.aspx
22,Tỉnh Quảng Ninh,07192,Đặc khu Cô Tô,ĐẶC KHU,Cô Tô,01/07/2025,https://danhmuchanhchinh.nso.gov.vn/Doi_Chieu_Moi.aspx
25,Tỉnh Phú Thọ,04792,Phường Tân Hòa,PHƯỜNG,Tân Hòa,01/07/2025,https://danhmuchanhchinh.nso.gov.vn/Doi_Chieu_Moi.aspx
25,Tỉnh Phú Thọ,04795,Phường Hòa Bình,PHƯỜNG,Hòa Bình,01/07/2025,https://danhmuchanhchinh.nso.gov.vn/Doi_Chieu_Moi.aspx
25,Tỉnh Phú Thọ,04828,Phường Thống Nhất,PHƯỜNG,Thống Nhất,01/07/2025,https://danhmuchanhchinh.nso.gov.vn/Doi_Chieu_Moi.aspx
25,Tỉnh Phú Thọ,04831,Xã Đà Bắc,XÃ,Đà Bắc,01/07/2025,https://danhmuchanhchinh.nso.gov.vn/Doi_Chieu_Moi.aspx
25,Tỉnh Phú Thọ,04846,Xã Đức Nhàn,XÃ,Đức Nhàn,01/07/2025,https://danhmuchanhchinh.nso.gov.vn/Doi_Chieu_Moi.aspx
25,Tỉnh Phú Thọ,04849,Xã Tân Pheo,XÃ,Tân Pheo,01/07/2025,https://danhmuchanhchinh.nso.gov.vn/Doi_Chieu_Moi.aspx
25,Tỉnh Phú Thọ,04873,Xã Quy Đức,XÃ,Quy Đức,01/07/2025,https://danhmuchanhchinh.nso.gov.vn/Doi_Chieu_Moi.aspx
25,Tỉnh Phú Thọ,04876,Xã Cao Sơn,XÃ,Cao Sơn,01/07/2025,https://danhmuchanhchinh.nso.gov.vn/Doi_Chieu_Moi.aspx
25,Tỉnh Phú Thọ,04891,Xã Tiền Phong,XÃ,Tiền Phong,01/07/2025,https://danhmuchanhchinh.nso.gov.vn/Doi_Chieu_Moi.aspx
25,Tỉnh Phú Thọ,04894,Phường Kỳ Sơn,PHƯỜNG,Kỳ Sơn,01/07/2025,https://danhmuchanhchinh.nso.gov.vn/Doi_Chieu_Moi.aspx
25,Tỉnh Phú Thọ,04897,Xã Thịnh Minh,XÃ,Thịnh Minh,01/07/2025,https://danhmuchanhchinh.nso.gov.vn/Doi_Chieu_Moi.aspx
25,Tỉnh Phú Thọ,04924,Xã Lương Sơn,XÃ,Lương Sơn,01/07/2025,https://danhmuchanhchinh.nso.gov.vn/Doi_Chieu_Moi.aspx
25,Tỉnh Phú Thọ,04960,Xã Liên Sơn,XÃ,Liên Sơn,01/07/2025,https://danhmuchanhchinh.nso.gov.vn/Doi_Chieu_Moi.aspx
25,Tỉnh Phú Thọ,04978,Xã Kim Bôi,XÃ,Kim Bôi,01/07/2025,https://danhmuchanhchinh.nso.gov.vn/Doi_Chieu_Moi.aspx
25,Tỉnh Phú Thọ,04990,Xã Nật Sơn,XÃ,Nật Sơn,01/07/2025,https://danhmuchanhchinh.nso.gov.vn/Doi_Chieu_Moi.aspx
25,Tỉnh Phú Thọ,05014,Xã Mường Động,XÃ,Mường Động,01/07/2025,https://danhmuchanhchinh.nso.gov.vn/Doi_Chieu_Moi.aspx
25,Tỉnh Phú Thọ,05047,Xã Cao Dương,XÃ,Cao Dương,01/07/2025,https://danhmuchanhchinh.nso.gov.vn/Doi_Chieu_Moi.aspx
25,Tỉnh Phú Thọ,05068,Xã Hợp Kim,XÃ,Hợp Kim,01/07/2025,https://danhmuchanhchinh.nso.gov.vn/Doi_Chieu_Moi.aspx
25,Tỉnh Phú Thọ,05086,Xã Dũng Tiến,XÃ,Dũng Tiến,01/07/2025,https://danhmuchanhchinh.nso.gov.vn/Doi_Chieu_Moi.aspx
25,Tỉnh Phú Thọ,05089,Xã Cao Phong,XÃ,Cao Phong,01/07/2025,https://danhmuchanhchinh.nso.gov.vn/Doi_Chieu_Moi.aspx
25,Tỉnh Phú Thọ,05092,Xã Thung Nai,XÃ,Thung Nai,01/07/2025,https://danhmuchanhchinh.nso.gov.vn/Doi_Chieu_Moi.aspx
25,Tỉnh Phú Thọ,05116,Xã Mường Thàng,XÃ,Mường Thàng,01/07/2025,https://danhmuchanhchinh.nso.gov.vn/Doi_Chieu_Moi.aspx
25,Tỉnh Phú Thọ,05128,Xã Tân Lạc,XÃ,Tân Lạc,01/07/2025,https://danhmuchanhchinh.nso.gov.vn/Doi_Chieu_Moi.aspx
25,Tỉnh Phú Thọ,05134,Xã Mường Hoa,XÃ,Mường Hoa,01/07/2025,https://danhmuchanhchinh.nso.gov.vn/Doi_Chieu_Moi.aspx
25,Tỉnh Phú Thọ,05152,Xã Vân Sơn,XÃ,Vân Sơn,01/07/2025,https://danhmuchanhchinh.nso.gov.vn/Doi_Chieu_Moi.aspx
25,Tỉnh Phú Thọ,05158,Xã Mường Bi,XÃ,Mường Bi,01/07/2025,https://danhmuchanhchinh.nso.gov.vn/Doi_Chieu_Moi.aspx
25,Tỉnh Phú Thọ,05191,Xã Toàn Thắng,XÃ,Toàn Thắng,01/07/2025,https://danhmuchanhchinh.nso.gov.vn/Doi_Chieu_Moi.aspx
25,Tỉnh Phú Thọ,05200,Xã Mai Châu,XÃ,Mai Châu,01/07/2025,https://danhmuchanhchinh.nso.gov.vn/Doi_Chieu_Moi.aspx
25,Tỉnh Phú Thọ,05206,Xã Tân Mai,XÃ,Tân Mai,01/07/2025,https://danhmuchanhchinh.nso.gov.vn/Doi_Chieu_Moi.aspx
25,Tỉnh Phú Thọ,05212,Xã Pà Cò,XÃ,Pà Cò,01/07/2025,https://danhmuchanhchinh.nso.gov.vn/Doi_Chieu_Moi.aspx
25,Tỉnh Phú Thọ,05245,Xã Bao La,XÃ,Bao La,01/07/2025,https://danhmuchanhchinh.nso.gov.vn/Doi_Chieu_Moi.aspx
25,Tỉnh Phú Thọ,05251,Xã Mai Hạ,XÃ,Mai Hạ,01/07/2025,https://danhmuchanhchinh.nso.gov.vn/Doi_Chieu_Moi.aspx
25,Tỉnh Phú Thọ,05266,Xã Lạc Sơn,XÃ,Lạc Sơn,01/07/2025,https://danhmuchanhchinh.nso.gov.vn/Doi_Chieu_Moi.aspx
25,Tỉnh Phú Thọ,05287,Xã Mường Vang,XÃ,Mường Vang,01/07/2025,https://danhmuchanhchinh.nso.gov.vn/Doi_Chieu_Moi.aspx
25,Tỉnh Phú Thọ,05290,Xã Nhân Nghĩa,XÃ,Nhân Nghĩa,01/07/2025,https://danhmuchanhchinh.nso.gov.vn/Doi_Chieu_Moi.aspx
25,Tỉnh Phú Thọ,05293,Xã Thượng Cốc,XÃ,Thượng Cốc,01/07/2025,https://danhmuchanhchinh.nso.gov.vn/Doi_Chieu_Moi.aspx
25,Tỉnh Phú Thọ,05305,Xã Yên Phú,XÃ,Yên Phú,01/07/2025,https://danhmuchanhchinh.nso.gov.vn/Doi_Chieu_Moi.aspx
25,Tỉnh Phú Thọ,05323,Xã Quyết Thắng,XÃ,Quyết Thắng,01/07/2025,https://danhmuchanhchinh.nso.gov.vn/Doi_Chieu_Moi.aspx
25,Tỉnh Phú Thọ,05329,Xã Ngọc Sơn,XÃ,Ngọc Sơn,01/07/2025,https://danhmuchanhchinh.nso.gov.vn/Doi_Chieu_Moi.aspx
25,Tỉnh Phú Thọ,05347,Xã Đại Đồng,XÃ,Đại Đồng,01/07/2025,https://danhmuchanhchinh.nso.gov.vn/Doi_Chieu_Moi.aspx
25,Tỉnh Phú Thọ,05353,Xã Yên Thủy,XÃ,Yên Thủy,01/07/2025,https://danhmuchanhchinh.nso.gov.vn/Doi_Chieu_Moi.aspx
25,Tỉnh Phú Thọ,05362,Xã Lạc Lương,XÃ,Lạc Lương,01/07/2025,https://danhmuchanhchinh.nso.gov.vn/Doi_Chieu_Moi.aspx
25,Tỉnh Phú Thọ,05386,Xã Yên Trị,XÃ,Yên Trị,01/07/2025,https://danhmuchanhchinh.nso.gov.vn/Doi_Chieu_Moi.aspx
25,Tỉnh Phú Thọ,05392,Xã Lạc Thủy,XÃ,Lạc Thủy,01/07/2025,https://danhmuchanhchinh.nso.gov.vn/Doi_Chieu_Moi.aspx
25,Tỉnh Phú Thọ,05395,Xã An Nghĩa,XÃ,An Nghĩa,01/07/2025,https://danhmuchanhchinh.nso.gov.vn/Doi_Chieu_Moi.aspx
25,Tỉnh Phú Thọ,05425,Xã An Bình,XÃ,An Bình,01/07/2025,https://danhmuchanhchinh.nso.gov.vn/Doi_Chieu_Moi.aspx
25,Tỉnh Phú Thọ,07894,Phường Nông Trang,PHƯỜNG,Nông Trang,01/07/2025,https://danhmuchanhchinh.nso.gov.vn/Doi_Chieu_Moi.aspx
25,Tỉnh Phú Thọ,07900,Phường Việt Trì,PHƯỜNG,Việt Trì,01/07/2025,https://danhmuchanhchinh.nso.gov.vn/Doi_Chieu_Moi.aspx
25,Tỉnh Phú Thọ,07909,Phường Thanh Miếu,PHƯỜNG,Thanh Miếu,01/07/2025,https://danhmuchanhchinh.nso.gov.vn/Doi_Chieu_Moi.aspx
25,Tỉnh Phú Thọ,07918,Phường Vân Phú,PHƯỜNG,Vân Phú,01/07/2025,https://danhmuchanhchinh.nso.gov.vn/Doi_Chieu_Moi.aspx
25,Tỉnh Phú Thọ,07942,Phường Phú Thọ,PHƯỜNG,Phú Thọ,01/07/2025,https://danhmuchanhchinh.nso.gov.vn/Doi_Chieu_Moi.aspx
25,Tỉnh Phú Thọ,07948,Phường Âu Cơ,PHƯỜNG,Âu Cơ,01/07/2025,https://danhmuchanhchinh.nso.gov.vn/Doi_Chieu_Moi.aspx
25,Tỉnh Phú Thọ,07954,Phường Phong Châu,PHƯỜNG,Phong Châu,01/07/2025,https://danhmuchanhchinh.nso.gov.vn/Doi_Chieu_Moi.aspx
25,Tỉnh Phú Thọ,07969,Xã Đoan Hùng,XÃ,Đoan Hùng,01/07/2025,https://danhmuchanhchinh.nso.gov.vn/Doi_Chieu_Moi.aspx
25,Tỉnh Phú Thọ,07996,Xã Bằng Luân,XÃ,Bằng Luân,01/07/2025,https://danhmuchanhchinh.nso.gov.vn/Doi_Chieu_Moi.aspx
25,Tỉnh Phú Thọ,07999,Xã Chí Đám,XÃ,Chí Đám,01/07/2025,https://danhmuchanhchinh.nso.gov.vn/Doi_Chieu_Moi.aspx
25,Tỉnh Phú Thọ,08023,Xã Tây Cốc,XÃ,Tây Cốc,01/07/2025,https://danhmuchanhchinh.nso.gov.vn/Doi_Chieu_Moi.aspx
25,Tỉnh Phú Thọ,08038,Xã Chân Mộng,XÃ,Chân Mộng,01/07/2025,https://danhmuchanhchinh.nso.gov.vn/Doi_Chieu_Moi.aspx
25,Tỉnh Phú Thọ,08053,Xã Hạ Hòa,XÃ,Hạ Hòa,01/07/2025,https://danhmuchanhchinh.nso.gov.vn/Doi_Chieu_Moi.aspx
25,Tỉnh Phú Thọ,08071,Xã Đan Thượng,XÃ,Đan Thượng,01/07/2025,https://danhmuchanhchinh.nso.gov.vn/Doi_Chieu_Moi.aspx
25,Tỉnh Phú Thọ,08110,Xã Hiền Lương,XÃ,Hiền Lương,01/07/2025,https://danhmuchanhchinh.nso.gov.vn/Doi_Chieu_Moi.aspx
25,Tỉnh Phú Thọ,08113,Xã Yên Kỳ,XÃ,Yên Kỳ,01/07/2025,https://danhmuchanhchinh.nso.gov.vn/Doi_Chieu_Moi.aspx
25,Tỉnh Phú Thọ,08134,Xã Văn Lang,XÃ,Văn Lang,01/07/2025,https://danhmuchanhchinh.nso.gov.vn/Doi_Chieu_Moi.aspx
25,Tỉnh Phú Thọ,08143,Xã Vĩnh Chân,XÃ,Vĩnh Chân,01/07/2025,https://danhmuchanhchinh.nso.gov.vn/Doi_Chieu_Moi.aspx
25,Tỉnh Phú Thọ,08152,Xã Thanh Ba,XÃ,Thanh Ba,01/07/2025,https://danhmuchanhchinh.nso.gov.vn/Doi_Chieu_Moi.aspx
25,Tỉnh Phú Thọ,08173,Xã Quảng Yên,XÃ,Quảng Yên,01/07/2025,https://danhmuchanhchinh.nso.gov.vn/Doi_Chieu_Moi.aspx
25,Tỉnh Phú Thọ,08203,Xã Hoàng Cương,XÃ,Hoàng Cương,01/07/2025,https://danhmuchanhchinh.nso.gov.vn/Doi_Chieu_Moi.aspx
25,Tỉnh Phú Thọ,08209,Xã Đông Thành,XÃ,Đông Thành,01/07/2025,https://danhmuchanhchinh.nso.gov.vn/Doi_Chieu_Moi.aspx
25,Tỉnh Phú Thọ,08218,Xã Chí Tiên,XÃ,Chí Tiên,01/07/2025,https://danhmuchanhchinh.nso.gov.vn/Doi_Chieu_Moi.aspx
25,Tỉnh Phú Thọ,08227,Xã Liên Minh,XÃ,Liên Minh,01/07/2025,https://danhmuchanhchinh.nso.gov.vn/Doi_Chieu_Moi.aspx
25,Tỉnh Phú Thọ,08230,Xã Phù Ninh,XÃ,Phù Ninh,01/07/2025,https://danhmuchanhchinh.nso.gov.vn/Doi_Chieu_Moi.aspx
25,Tỉnh Phú Thọ,08236,Xã Phú Mỹ,XÃ,Phú Mỹ,01/07/2025,https://danhmuchanhchinh.nso.gov.vn/Doi_Chieu_Moi.aspx
25,Tỉnh Phú Thọ,08245,Xã Trạm Thản,XÃ,Trạm Thản,01/07/2025,https://danhmuchanhchinh.nso.gov.vn/Doi_Chieu_Moi.aspx
25,Tỉnh Phú Thọ,08254,Xã Dân Chủ,XÃ,Dân Chủ,01/07/2025,https://danhmuchanhchinh.nso.gov.vn/Doi_Chieu_Moi.aspx
25,Tỉnh Phú Thọ,08275,Xã Bình Phú,XÃ,Bình Phú,01/07/2025,https://danhmuchanhchinh.nso.gov.vn/Doi_Chieu_Moi.aspx
25,Tỉnh Phú Thọ,08290,Xã Yên Lập,XÃ,Yên Lập,01/07/2025,https://danhmuchanhchinh.nso.gov.vn/Doi_Chieu_Moi.aspx
25,Tỉnh Phú Thọ,08296,Xã Sơn Lương,XÃ,Sơn Lương,01/07/2025,https://danhmuchanhchinh.nso.gov.vn/Doi_Chieu_Moi.aspx
25,Tỉnh Phú Thọ,08305,Xã Xuân Viên,XÃ,Xuân Viên,01/07/2025,https://danhmuchanhchinh.nso.gov.vn/Doi_Chieu_Moi.aspx
25,Tỉnh Phú Thọ,08311,Xã Trung Sơn,XÃ,Trung Sơn,01/07/2025,https://danhmuchanhchinh.nso.gov.vn/Doi_Chieu_Moi.aspx
25,Tỉnh Phú Thọ,08323,Xã Thượng Long,XÃ,Thượng Long,01/07/2025,https://danhmuchanhchinh.nso.gov.vn/Doi_Chieu_Moi.aspx
25,Tỉnh Phú Thọ,08338,Xã Minh Hòa,XÃ,Minh Hòa,01/07/2025,https://danhmuchanhchinh.nso.gov.vn/Doi_Chieu_Moi.aspx
25,Tỉnh Phú Thọ,08341,Xã Cẩm Khê,XÃ,Cẩm Khê,01/07/2025,https://danhmuchanhchinh.nso.gov.vn/Doi_Chieu_Moi.aspx
25,Tỉnh Phú Thọ,08344,Xã Tiên Lương,XÃ,Tiên Lương,01/07/2025,https://danhmuchanhchinh.nso.gov.vn/Doi_Chieu_Moi.aspx
25,Tỉnh Phú Thọ,08377,Xã Vân Bán,XÃ,Vân Bán,01/07/2025,https://danhmuchanhchinh.nso.gov.vn/Doi_Chieu_Moi.aspx
25,Tỉnh Phú Thọ,08398,Xã Phú Khê,XÃ,Phú Khê,01/07/2025,https://danhmuchanhchinh.nso.gov.vn/Doi_Chieu_Moi.aspx
25,Tỉnh Phú Thọ,08416,Xã Hùng Việt,XÃ,Hùng Việt,01/07/2025,https://danhmuchanhchinh.nso.gov.vn/Doi_Chieu_Moi.aspx
25,Tỉnh Phú Thọ,08431,Xã Đồng Lương,XÃ,Đồng Lương,01/07/2025,https://danhmuchanhchinh.nso.gov.vn/Doi_Chieu_Moi.aspx
25,Tỉnh Phú Thọ,08434,Xã Tam Nông,XÃ,Tam Nông,01/07/2025,https://danhmuchanhchinh.nso.gov.vn/Doi_Chieu_Moi.aspx
25,Tỉnh Phú Thọ,08443,Xã Hiền Quan,XÃ,Hiền Quan,01/07/2025,https://danhmuchanhchinh.nso.gov.vn/Doi_Chieu_Moi.aspx
25,Tỉnh Phú Thọ,08467,Xã Vạn Xuân,XÃ,Vạn Xuân,01/07/2025,https://danhmuchanhchinh.nso.gov.vn/Doi_Chieu_Moi.aspx
25,Tỉnh Phú Thọ,08479,Xã Thọ Văn,XÃ,Thọ Văn,01/07/2025,https://danhmuchanhchinh.nso.gov.vn/Doi_Chieu_Moi.aspx
25,Tỉnh Phú Thọ,08494,Xã Lâm Thao,XÃ,Lâm Thao,01/07/2025,https://danhmuchanhchinh.nso.gov.vn/Doi_Chieu_Moi.aspx
25,Tỉnh Phú Thọ,08500,Xã Xuân Lũng,XÃ,Xuân Lũng,01/07/2025,https://danhmuchanhchinh.nso.gov.vn/Doi_Chieu_Moi.aspx
25,Tỉnh Phú Thọ,08515,Xã Hy Cương,XÃ,Hy Cương,01/07/2025,https://danhmuchanhchinh.nso.gov.vn/Doi_Chieu_Moi.aspx
25,Tỉnh Phú Thọ,08521,Xã Phùng Nguyên,XÃ,Phùng Nguyên,01/07/2025,https://danhmuchanhchinh.nso.gov.vn/Doi_Chieu_Moi.aspx
25,Tỉnh Phú Thọ,08527,Xã Bản Nguyên,XÃ,Bản Nguyên,01/07/2025,https://danhmuchanhchinh.nso.gov.vn/Doi_Chieu_Moi.aspx
25,Tỉnh Phú Thọ,08542,Xã Thanh Sơn,XÃ,Thanh Sơn,01/07/2025,https://danhmuchanhchinh.nso.gov.vn/Doi_Chieu_Moi.aspx
25,Tỉnh Phú Thọ,08545,Xã Thu Cúc,XÃ,Thu Cúc,01/07/2025,https://danhmuchanhchinh.nso.gov.vn/Doi_Chieu_Moi.aspx
25,Tỉnh Phú Thọ,08560,Xã Lai Đồng,XÃ,Lai Đồng,01/07/2025,https://danhmuchanhchinh.nso.gov.vn/Doi_Chieu_Moi.aspx
25,Tỉnh Phú Thọ,08566,Xã Tân Sơn,XÃ,Tân Sơn,01/07/2025,https://danhmuchanhchinh.nso.gov.vn/Doi_Chieu_Moi.aspx
25,Tỉnh Phú Thọ,08584,Xã Võ Miếu,XÃ,Võ Miếu,01/07/2025,https://danhmuchanhchinh.nso.gov.vn/Doi_Chieu_Moi.aspx
25,Tỉnh Phú Thọ,08590,Xã Xuân Đài,XÃ,Xuân Đài,01/07/2025,https://danhmuchanhchinh.nso.gov.vn/Doi_Chieu_Moi.aspx
25,Tỉnh Phú Thọ,08593,Xã Minh Đài,XÃ,Minh Đài,01/07/2025,https://danhmuchanhchinh.nso.gov.vn/Doi_Chieu_Moi.aspx
25,Tỉnh Phú Thọ,08611,Xã Văn Miếu,XÃ,Văn Miếu,01/07/2025,https://danhmuchanhchinh.nso.gov.vn/Doi_Chieu_Moi.aspx
25,Tỉnh Phú Thọ,08614,Xã Cự Đồng,XÃ,Cự Đồng,01/07/2025,https://danhmuchanhchinh.nso.gov.vn/Doi_Chieu_Moi.aspx
25,Tỉnh Phú Thọ,08620,Xã Long Cốc,XÃ,Long Cốc,01/07/2025,https://danhmuchanhchinh.nso.gov.vn/Doi_Chieu_Moi.aspx
25,Tỉnh Phú Thọ,08632,Xã Hương Cần,XÃ,Hương Cần,01/07/2025,https://danhmuchanhchinh.nso.gov.vn/Doi_Chieu_Moi.aspx
25,Tỉnh Phú Thọ,08635,Xã Khả Cửu,XÃ,Khả Cửu,01/07/2025,https://danhmuchanhchinh.nso.gov.vn/Doi_Chieu_Moi.aspx
25,Tỉnh Phú Thọ,08656,Xã Yên Sơn,XÃ,Yên Sơn,01/07/2025,https://danhmuchanhchinh.nso.gov.vn/Doi_Chieu_Moi.aspx
25,Tỉnh Phú Thọ,08662,Xã Đào Xá,XÃ,Đào Xá,01/07/2025,https://danhmuchanhchinh.nso.gov.vn/Doi_Chieu_Moi.aspx
25,Tỉnh Phú Thọ,08674,Xã Thanh Thủy,XÃ,Thanh Thủy,01/07/2025,https://danhmuchanhchinh.nso.gov.vn/Doi_Chieu_Moi.aspx
25,Tỉnh Phú Thọ,08686,Xã Tu Vũ,XÃ,Tu Vũ,01/07/2025,https://danhmuchanhchinh.nso.gov.vn/Doi_Chieu_Moi.aspx
25,Tỉnh Phú Thọ,08707,Phường Vĩnh Yên,PHƯỜNG,Vĩnh Yên,01/07/2025,https://danhmuchanhchinh.nso.gov.vn/Doi_Chieu_Moi.aspx
25,Tỉnh Phú Thọ,08716,Phường Vĩnh Phúc,PHƯỜNG,Vĩnh Phúc,01/07/2025,https://danhmuchanhchinh.nso.gov.vn/Doi_Chieu_Moi.aspx
25,Tỉnh Phú Thọ,08740,Phường Phúc Yên,PHƯỜNG,Phúc Yên,01/07/2025,https://danhmuchanhchinh.nso.gov.vn/Doi_Chieu_Moi.aspx
25,Tỉnh Phú Thọ,08746,Phường Xuân Hòa,PHƯỜNG,Xuân Hòa,01/07/2025,https://danhmuchanhchinh.nso.gov.vn/Doi_Chieu_Moi.aspx
25,Tỉnh Phú Thọ,08761,Xã Lập Thạch,XÃ,Lập Thạch,01/07/2025,https://danhmuchanhchinh.nso.gov.vn/Doi_Chieu_Moi.aspx
25,Tỉnh Phú Thọ,08770,Xã Hợp Lý,XÃ,Hợp Lý,01/07/2025,https://danhmuchanhchinh.nso.gov.vn/Doi_Chieu_Moi.aspx
25,Tỉnh Phú Thọ,08773,Xã Yên Lãng,XÃ,Yên Lãng,01/07/2025,https://danhmuchanhchinh.nso.gov.vn/Doi_Chieu_Moi.aspx
25,Tỉnh Phú Thọ,08782,Xã Hải Lựu,XÃ,Hải Lựu,01/07/2025,https://danhmuchanhchinh.nso.gov.vn/Doi_Chieu_Moi.aspx
25,Tỉnh Phú Thọ,08788,Xã Thái Hòa,XÃ,Thái Hòa,01/07/2025,https://danhmuchanhchinh.nso.gov.vn/Doi_Chieu_Moi.aspx
25,Tỉnh Phú Thọ,08812,Xã Liên Hòa,XÃ,Liên Hòa,01/07/2025,https://danhmuchanhchinh.nso.gov.vn/Doi_Chieu_Moi.aspx
25,Tỉnh Phú Thọ,08824,Xã Tam Sơn,XÃ,Tam Sơn,01/07/2025,https://danhmuchanhchinh.nso.gov.vn/Doi_Chieu_Moi.aspx
25,Tỉnh Phú Thọ,08842,Xã Tiên Lữ,XÃ,Tiên Lữ,01/07/2025,https://danhmuchanhchinh.nso.gov.vn/Doi_Chieu_Moi.aspx
25,Tỉnh Phú Thọ,08848,Xã Sông Lô,XÃ,Sông Lô,01/07/2025,https://danhmuchanhchinh.nso.gov.vn/Doi_Chieu_Moi.aspx
25,Tỉnh Phú Thọ,08866,Xã Sơn Đông,XÃ,Sơn Đông,01/07/2025,https://danhmuchanhchinh.nso.gov.vn/Doi_Chieu_Moi.aspx
25,Tỉnh Phú Thọ,08869,Xã Tam Dương,XÃ,Tam Dương,01/07/2025,https://danhmuchanhchinh.nso.gov.vn/Doi_Chieu_Moi.aspx
25,Tỉnh Phú Thọ,08872,Xã Tam Dương Bắc,XÃ,Tam Dương Bắc,01/07/2025,https://danhmuchanhchinh.nso.gov.vn/Doi_Chieu_Moi.aspx
25,Tỉnh Phú Thọ,08896,Xã Hoàng An,XÃ,Hoàng An,01/07/2025,https://danhmuchanhchinh.nso.gov.vn/Doi_Chieu_Moi.aspx
25,Tỉnh Phú Thọ,08905,Xã Hội Thịnh,XÃ,Hội Thịnh,01/07/2025,https://danhmuchanhchinh.nso.gov.vn/Doi_Chieu_Moi.aspx
25,Tỉnh Phú Thọ,08911,Xã Tam Đảo,XÃ,Tam Đảo,01/07/2025,https://danhmuchanhchinh.nso.gov.vn/Doi_Chieu_Moi.aspx
25,Tỉnh Phú Thọ,08914,Xã Đạo Trù,XÃ,Đạo Trù,01/07/2025,https://danhmuchanhchinh.nso.gov.vn/Doi_Chieu_Moi.aspx
25,Tỉnh Phú Thọ,08923,Xã Đại Đình,XÃ,Đại Đình,01/07/2025,https://danhmuchanhchinh.nso.gov.vn/Doi_Chieu_Moi.aspx
25,Tỉnh Phú Thọ,08935,Xã Bình Nguyên,XÃ,Bình Nguyên,01/07/2025,https://danhmuchanhchinh.nso.gov.vn/Doi_Chieu_Moi.aspx
25,Tỉnh Phú Thọ,08944,Xã Bình Tuyền,XÃ,Bình Tuyền,01/07/2025,https://danhmuchanhchinh.nso.gov.vn/Doi_Chieu_Moi.aspx
25,Tỉnh Phú Thọ,08950,Xã Bình Xuyên,XÃ,Bình Xuyên,01/07/2025,https://danhmuchanhchinh.nso.gov.vn/Doi_Chieu_Moi.aspx
25,Tỉnh Phú Thọ,08971,Xã Xuân Lãng,XÃ,Xuân Lãng,01/07/2025,https://danhmuchanhchinh.nso.gov.vn/Doi_Chieu_Moi.aspx
25,Tỉnh Phú Thọ,09025,Xã Yên Lạc,XÃ,Yên Lạc,01/07/2025,https://danhmuchanhchinh.nso.gov.vn/Doi_Chieu_Moi.aspx
25,Tỉnh Phú Thọ,09040,Xã Tề Lỗ,XÃ,Tề Lỗ,01/07/2025,https://danhmuchanhchinh.nso.gov.vn/Doi_Chieu_Moi.aspx
25,Tỉnh Phú Thọ,09043,Xã Tam Hồng,XÃ,Tam Hồng,01/07/2025,https://danhmuchanhchinh.nso.gov.vn/Doi_Chieu_Moi.aspx
25,Tỉnh Phú Thọ,09052,Xã Nguyệt Đức,XÃ,Nguyệt Đức,01/07/2025,https://danhmuchanhchinh.nso.gov.vn/Doi_Chieu_Moi.aspx
25,Tỉnh Phú Thọ,09064,Xã Liên Châu,XÃ,Liên Châu,01/07/2025,https://danhmuchanhchinh.nso.gov.vn/Doi_Chieu_Moi.aspx
25,Tỉnh Phú Thọ,09076,Xã Vĩnh Tường,XÃ,Vĩnh Tường,01/07/2025,https://danhmuchanhchinh.nso.gov.vn/Doi_Chieu_Moi.aspx
25,Tỉnh Phú Thọ,09079,Xã Vĩnh An,XÃ,Vĩnh An,01/07/2025,https://danhmuchanhchinh.nso.gov.vn/Doi_Chieu_Moi.aspx
25,Tỉnh Phú Thọ,09100,Xã Vĩnh Hưng,XÃ,Vĩnh Hưng,01/07/2025,https://danhmuchanhchinh.nso.gov.vn/Doi_Chieu_Moi.aspx
25,Tỉnh Phú Thọ,09106,Xã Vĩnh Thành,XÃ,Vĩnh Thành,01/07/2025,https://danhmuchanhchinh.nso.gov.vn/Doi_Chieu_Moi.aspx
25,Tỉnh Phú Thọ,09112,Xã Thổ Tang,XÃ,Thổ Tang,01/07/2025,https://danhmuchanhchinh.nso.gov.vn/Doi_Chieu_Moi.aspx
25,Tỉnh Phú Thọ,09154,Xã Vĩnh Phú,XÃ,Vĩnh Phú,01/07/2025,https://danhmuchanhchinh.nso.gov.vn/Doi_Chieu_Moi.aspx
24,Tỉnh Bắc Ninh,07210,Phường Bắc Giang,PHƯỜNG,Bắc Giang,01/07/2025,https://danhmuchanhchinh.nso.gov.vn/Doi_Chieu_Moi.aspx
24,Tỉnh Bắc Ninh,07228,Phường Đa Mai,PHƯỜNG,Đa Mai,01/07/2025,https://danhmuchanhchinh.nso.gov.vn/Doi_Chieu_Moi.aspx
24,Tỉnh Bắc Ninh,07246,Xã Xuân Lương,XÃ,Xuân Lương,01/07/2025,https://danhmuchanhchinh.nso.gov.vn/Doi_Chieu_Moi.aspx
24,Tỉnh Bắc Ninh,07264,Xã Tam Tiến,XÃ,Tam Tiến,01/07/2025,https://danhmuchanhchinh.nso.gov.vn/Doi_Chieu_Moi.aspx
24,Tỉnh Bắc Ninh,07282,Xã Đồng Kỳ,XÃ,Đồng Kỳ,01/07/2025,https://danhmuchanhchinh.nso.gov.vn/Doi_Chieu_Moi.aspx
24,Tỉnh Bắc Ninh,07288,Xã Yên Thế,XÃ,Yên Thế,01/07/2025,https://danhmuchanhchinh.nso.gov.vn/Doi_Chieu_Moi.aspx
24,Tỉnh Bắc Ninh,07294,Xã Bố Hạ,XÃ,Bố Hạ,01/07/2025,https://danhmuchanhchinh.nso.gov.vn/Doi_Chieu_Moi.aspx
24,Tỉnh Bắc Ninh,07306,Xã Nhã Nam,XÃ,Nhã Nam,01/07/2025,https://danhmuchanhchinh.nso.gov.vn/Doi_Chieu_Moi.aspx
24,Tỉnh Bắc Ninh,07330,Xã Phúc Hòa,XÃ,Phúc Hòa,01/07/2025,https://danhmuchanhchinh.nso.gov.vn/Doi_Chieu_Moi.aspx
24,Tỉnh Bắc Ninh,07333,Xã Quang Trung,XÃ,Quang Trung,01/07/2025,https://danhmuchanhchinh.nso.gov.vn/Doi_Chieu_Moi.aspx
24,Tỉnh Bắc Ninh,07339,Xã Tân Yên,XÃ,Tân Yên,01/07/2025,https://danhmuchanhchinh.nso.gov.vn/Doi_Chieu_Moi.aspx
24,Tỉnh Bắc Ninh,07351,Xã Ngọc Thiện,XÃ,Ngọc Thiện,01/07/2025,https://danhmuchanhchinh.nso.gov.vn/Doi_Chieu_Moi.aspx
24,Tỉnh Bắc Ninh,07375,Xã Lạng Giang,XÃ,Lạng Giang,01/07/2025,https://danhmuchanhchinh.nso.gov.vn/Doi_Chieu_Moi.aspx
24,Tỉnh Bắc Ninh,07381,Xã Tiên Lục,XÃ,Tiên Lục,01/07/2025,https://danhmuchanhchinh.nso.gov.vn/Doi_Chieu_Moi.aspx
24,Tỉnh Bắc Ninh,07399,Xã Kép,XÃ,Kép,01/07/2025,https://danhmuchanhchinh.nso.gov.vn/Doi_Chieu_Moi.aspx
24,Tỉnh Bắc Ninh,07420,Xã Mỹ Thái,XÃ,Mỹ Thái,01/07/2025,https://danhmuchanhchinh.nso.gov.vn/Doi_Chieu_Moi.aspx
24,Tỉnh Bắc Ninh,07432,Xã Tân Dĩnh,XÃ,Tân Dĩnh,01/07/2025,https://danhmuchanhchinh.nso.gov.vn/Doi_Chieu_Moi.aspx
24,Tỉnh Bắc Ninh,07444,Xã Lục Nam,XÃ,Lục Nam,01/07/2025,https://danhmuchanhchinh.nso.gov.vn/Doi_Chieu_Moi.aspx
24,Tỉnh Bắc Ninh,07450,Xã Đông Phú,XÃ,Đông Phú,01/07/2025,https://danhmuchanhchinh.nso.gov.vn/Doi_Chieu_Moi.aspx
24,Tỉnh Bắc Ninh,07462,Xã Bảo Đài,XÃ,Bảo Đài,01/07/2025,https://danhmuchanhchinh.nso.gov.vn/Doi_Chieu_Moi.aspx
24,Tỉnh Bắc Ninh,07486,Xã Nghĩa Phương,XÃ,Nghĩa Phương,01/07/2025,https://danhmuchanhchinh.nso.gov.vn/Doi_Chieu_Moi.aspx
24,Tỉnh Bắc Ninh,07489,Xã Trường Sơn,XÃ,Trường Sơn,01/07/2025,https://danhmuchanhchinh.nso.gov.vn/Doi_Chieu_Moi.aspx
24,Tỉnh Bắc Ninh,07492,Xã Lục Sơn,XÃ,Lục Sơn,01/07/2025,https://danhmuchanhchinh.nso.gov.vn/Doi_Chieu_Moi.aspx
24,Tỉnh Bắc Ninh,07498,Xã Bắc Lũng,XÃ,Bắc Lũng,01/07/2025,https://danhmuchanhchinh.nso.gov.vn/Doi_Chieu_Moi.aspx
24,Tỉnh Bắc Ninh,07519,Xã Cẩm Lý,XÃ,Cẩm Lý,01/07/2025,https://danhmuchanhchinh.nso.gov.vn/Doi_Chieu_Moi.aspx
24,Tỉnh Bắc Ninh,07525,Phường Chũ,PHƯỜNG,Chũ,01/07/2025,https://danhmuchanhchinh.nso.gov.vn/Doi_Chieu_Moi.aspx
24,Tỉnh Bắc Ninh,07531,Xã Tân Sơn,XÃ,Tân Sơn,01/07/2025,https://danhmuchanhchinh.nso.gov.vn/Doi_Chieu_Moi.aspx
24,Tỉnh Bắc Ninh,07534,Xã Sa Lý,XÃ,Sa Lý,01/07/2025,https://danhmuchanhchinh.nso.gov.vn/Doi_Chieu_Moi.aspx
24,Tỉnh Bắc Ninh,07537,Xã Biên Sơn,XÃ,Biên Sơn,01/07/2025,https://danhmuchanhchinh.nso.gov.vn/Doi_Chieu_Moi.aspx
24,Tỉnh Bắc Ninh,07543,Xã Sơn Hải,XÃ,Sơn Hải,01/07/2025,https://danhmuchanhchinh.nso.gov.vn/Doi_Chieu_Moi.aspx
24,Tỉnh Bắc Ninh,07552,Xã Kiên Lao,XÃ,Kiên Lao,01/07/2025,https://danhmuchanhchinh.nso.gov.vn/Doi_Chieu_Moi.aspx
24,Tỉnh Bắc Ninh,07573,Xã Biển Động,XÃ,Biển Động,01/07/2025,https://danhmuchanhchinh.nso.gov.vn/Doi_Chieu_Moi.aspx
24,Tỉnh Bắc Ninh,07582,Xã Lục Ngạn,XÃ,Lục Ngạn,01/07/2025,https://danhmuchanhchinh.nso.gov.vn/Doi_Chieu_Moi.aspx
24,Tỉnh Bắc Ninh,07594,Xã Đèo Gia,XÃ,Đèo Gia,01/07/2025,https://danhmuchanhchinh.nso.gov.vn/Doi_Chieu_Moi.aspx
24,Tỉnh Bắc Ninh,07603,Xã Nam Dương,XÃ,Nam Dương,01/07/2025,https://danhmuchanhchinh.nso.gov.vn/Doi_Chieu_Moi.aspx
24,Tỉnh Bắc Ninh,07612,Phường Phượng Sơn,PHƯỜNG,Phượng Sơn,01/07/2025,https://danhmuchanhchinh.nso.gov.vn/Doi_Chieu_Moi.aspx
24,Tỉnh Bắc Ninh,07615,Xã Sơn Động,XÃ,Sơn Động,01/07/2025,https://danhmuchanhchinh.nso.gov.vn/Doi_Chieu_Moi.aspx
24,Tỉnh Bắc Ninh,07616,Xã Tây Yên Tử,XÃ,Tây Yên Tử,01/07/2025,https://danhmuchanhchinh.nso.gov.vn/Doi_Chieu_Moi.aspx
24,Tỉnh Bắc Ninh,07621,Xã Vân Sơn,XÃ,Vân Sơn,01/07/2025,https://danhmuchanhchinh.nso.gov.vn/Doi_Chieu_Moi.aspx
24,Tỉnh Bắc Ninh,07627,Xã Đại Sơn,XÃ,Đại Sơn,01/07/2025,https://danhmuchanhchinh.nso.gov.vn/Doi_Chieu_Moi.aspx
24,Tỉnh Bắc Ninh,07642,Xã Yên Định,XÃ,Yên Định,01/07/2025,https://danhmuchanhchinh.nso.gov.vn/Doi_Chieu_Moi.aspx
24,Tỉnh Bắc Ninh,07654,Xã An Lạc,XÃ,An Lạc,01/07/2025,https://danhmuchanhchinh.nso.gov.vn/Doi_Chieu_Moi.aspx
24,Tỉnh Bắc Ninh,07663,Xã Tuấn Đạo,XÃ,Tuấn Đạo,01/07/2025,https://danhmuchanhchinh.nso.gov.vn/Doi_Chieu_Moi.aspx
24,Tỉnh Bắc Ninh,07672,Xã Dương Hưu,XÃ,Dương Hưu,01/07/2025,https://danhmuchanhchinh.nso.gov.vn/Doi_Chieu_Moi.aspx
24,Tỉnh Bắc Ninh,07681,Phường Yên Dũng,PHƯỜNG,Yên Dũng,01/07/2025,https://danhmuchanhchinh.nso.gov.vn/Doi_Chieu_Moi.aspx
24,Tỉnh Bắc Ninh,07682,Phường Tân An,PHƯỜNG,Tân An,01/07/2025,https://danhmuchanhchinh.nso.gov.vn/Doi_Chieu_Moi.aspx
24,Tỉnh Bắc Ninh,07696,Phường Tiền Phong,PHƯỜNG,Tiền Phong,01/07/2025,https://danhmuchanhchinh.nso.gov.vn/Doi_Chieu_Moi.aspx
24,Tỉnh Bắc Ninh,07699,Phường Tân Tiến,PHƯỜNG,Tân Tiến,01/07/2025,https://danhmuchanhchinh.nso.gov.vn/Doi_Chieu_Moi.aspx
24,Tỉnh Bắc Ninh,07735,Xã Đồng Việt,XÃ,Đồng Việt,01/07/2025,https://danhmuchanhchinh.nso.gov.vn/Doi_Chieu_Moi.aspx
24,Tỉnh Bắc Ninh,07738,Phường Cảnh Thụy,PHƯỜNG,Cảnh Thụy,01/07/2025,https://danhmuchanhchinh.nso.gov.vn/Doi_Chieu_Moi.aspx
24,Tỉnh Bắc Ninh,07774,Phường Tự Lạn,PHƯỜNG,Tự Lạn,01/07/2025,https://danhmuchanhchinh.nso.gov.vn/Doi_Chieu_Moi.aspx
24,Tỉnh Bắc Ninh,07777,Phường Việt Yên,PHƯỜNG,Việt Yên,01/07/2025,https://danhmuchanhchinh.nso.gov.vn/Doi_Chieu_Moi.aspx
24,Tỉnh Bắc Ninh,07795,Phường Nếnh,PHƯỜNG,Nếnh,01/07/2025,https://danhmuchanhchinh.nso.gov.vn/Doi_Chieu_Moi.aspx
24,Tỉnh Bắc Ninh,07798,Phường Vân Hà,PHƯỜNG,Vân Hà,01/07/2025,https://danhmuchanhchinh.nso.gov.vn/Doi_Chieu_Moi.aspx
24,Tỉnh Bắc Ninh,07822,Xã Hoàng Vân,XÃ,Hoàng Vân,01/07/2025,https://danhmuchanhchinh.nso.gov.vn/Doi_Chieu_Moi.aspx
24,Tỉnh Bắc Ninh,07840,Xã Hiệp Hoà,XÃ,Hiệp Hoà,01/07/2025,https://danhmuchanhchinh.nso.gov.vn/Doi_Chieu_Moi.aspx
24,Tỉnh Bắc Ninh,07864,Xã Hợp Thịnh,XÃ,Hợp Thịnh,01/07/2025,https://danhmuchanhchinh.nso.gov.vn/Doi_Chieu_Moi.aspx
24,Tỉnh Bắc Ninh,07870,Xã Xuân Cẩm,XÃ,Xuân Cẩm,01/07/2025,https://danhmuchanhchinh.nso.gov.vn/Doi_Chieu_Moi.aspx
24,Tỉnh Bắc Ninh,09169,Phường Vũ Ninh,PHƯỜNG,Vũ Ninh,01/07/2025,https://danhmuchanhchinh.nso.gov.vn/Doi_Chieu_Moi.aspx
24,Tỉnh Bắc Ninh,09187,Phường Kinh Bắc,PHƯỜNG,Kinh Bắc,01/07/2025,https://danhmuchanhchinh.nso.gov.vn/Doi_Chieu_Moi.aspx
24,Tỉnh Bắc Ninh,09190,Phường Võ Cường,PHƯỜNG,Võ Cường,01/07/2025,https://danhmuchanhchinh.nso.gov.vn/Doi_Chieu_Moi.aspx
24,Tỉnh Bắc Ninh,09193,Xã Yên Phong,XÃ,Yên Phong,01/07/2025,https://danhmuchanhchinh.nso.gov.vn/Doi_Chieu_Moi.aspx
24,Tỉnh Bắc Ninh,09202,Xã Tam Giang,XÃ,Tam Giang,01/07/2025,https://danhmuchanhchinh.nso.gov.vn/Doi_Chieu_Moi.aspx
24,Tỉnh Bắc Ninh,09205,Xã Yên Trung,XÃ,Yên Trung,01/07/2025,https://danhmuchanhchinh.nso.gov.vn/Doi_Chieu_Moi.aspx
24,Tỉnh Bắc Ninh,09208,Xã Tam Đa,XÃ,Tam Đa,01/07/2025,https://danhmuchanhchinh.nso.gov.vn/Doi_Chieu_Moi.aspx
24,Tỉnh Bắc Ninh,09238,Xã Văn Môn,XÃ,Văn Môn,01/07/2025,https://danhmuchanhchinh.nso.gov.vn/Doi_Chieu_Moi.aspx
24,Tỉnh Bắc Ninh,09247,Phường Quế Võ,PHƯỜNG,Quế Võ,01/07/2025,https://danhmuchanhchinh.nso.gov.vn/Doi_Chieu_Moi.aspx
24,Tỉnh Bắc Ninh,09253,Phường Nhân Hòa,PHƯỜNG,Nhân Hòa,01/07/2025,https://danhmuchanhchinh.nso.gov.vn/Doi_Chieu_Moi.aspx
24,Tỉnh Bắc Ninh,09265,Phường Phương Liễu,PHƯỜNG,Phương Liễu,01/07/2025,https://danhmuchanhchinh.nso.gov.vn/Doi_Chieu_Moi.aspx
24,Tỉnh Bắc Ninh,09286,Phường Nam Sơn,PHƯỜNG,Nam Sơn,01/07/2025,https://danhmuchanhchinh.nso.gov.vn/Doi_Chieu_Moi.aspx
24,Tỉnh Bắc Ninh,09292,Xã Phù Lãng,XÃ,Phù Lãng,01/07/2025,https://danhmuchanhchinh.nso.gov.vn/Doi_Chieu_Moi.aspx
24,Tỉnh Bắc Ninh,09295,Phường Bồng Lai,PHƯỜNG,Bồng Lai,01/07/2025,https://danhmuchanhchinh.nso.gov.vn/Doi_Chieu_Moi.aspx
24,Tỉnh Bắc Ninh,09301,Phường Đào Viên,PHƯỜNG,Đào Viên,01/07/2025,https://danhmuchanhchinh.nso.gov.vn/Doi_Chieu_Moi.aspx
24,Tỉnh Bắc Ninh,09313,Xã Chi Lăng,XÃ,Chi Lăng,01/07/2025,https://danhmuchanhchinh.nso.gov.vn/Doi_Chieu_Moi.aspx
24,Tỉnh Bắc Ninh,09319,Xã Tiên Du,XÃ,Tiên Du,01/07/2025,https://danhmuchanhchinh.nso.gov.vn/Doi_Chieu_Moi.aspx
24,Tỉnh Bắc Ninh,09325,Phường Hạp Lĩnh,PHƯỜNG,Hạp Lĩnh,01/07/2025,https://danhmuchanhchinh.nso.gov.vn/Doi_Chieu_Moi.aspx
24,Tỉnh Bắc Ninh,09334,Xã Liên Bão,XÃ,Liên Bão,01/07/2025,https://danhmuchanhchinh.nso.gov.vn/Doi_Chieu_Moi.aspx
24,Tỉnh Bắc Ninh,09340,Xã Đại Đồng,XÃ,Đại Đồng,01/07/2025,https://danhmuchanhchinh.nso.gov.vn/Doi_Chieu_Moi.aspx
24,Tỉnh Bắc Ninh,09343,Xã Tân Chi,XÃ,Tân Chi,01/07/2025,https://danhmuchanhchinh.nso.gov.vn/Doi_Chieu_Moi.aspx
24,Tỉnh Bắc Ninh,09349,Xã Phật Tích,XÃ,Phật Tích,01/07/2025,https://danhmuchanhchinh.nso.gov.vn/Doi_Chieu_Moi.aspx
24,Tỉnh Bắc Ninh,09367,Phường Từ Sơn,PHƯỜNG,Từ Sơn,01/07/2025,https://danhmuchanhchinh.nso.gov.vn/Doi_Chieu_Moi.aspx
24,Tỉnh Bắc Ninh,09370,Phường Tam Sơn,PHƯỜNG,Tam Sơn,01/07/2025,https://danhmuchanhchinh.nso.gov.vn/Doi_Chieu_Moi.aspx
24,Tỉnh Bắc Ninh,09379,Phường Phù Khê,PHƯỜNG,Phù Khê,01/07/2025,https://danhmuchanhchinh.nso.gov.vn/Doi_Chieu_Moi.aspx
24,Tỉnh Bắc Ninh,09385,Phường Đồng Nguyên,PHƯỜNG,Đồng Nguyên,01/07/2025,https://danhmuchanhchinh.nso.gov.vn/Doi_Chieu_Moi.aspx
24,Tỉnh Bắc Ninh,09400,Phường Thuận Thành,PHƯỜNG,Thuận Thành,01/07/2025,https://danhmuchanhchinh.nso.gov.vn/Doi_Chieu_Moi.aspx
24,Tỉnh Bắc Ninh,09409,Phường Mão Điền,PHƯỜNG,Mão Điền,01/07/2025,https://danhmuchanhchinh.nso.gov.vn/Doi_Chieu_Moi.aspx
24,Tỉnh Bắc Ninh,09427,Phường Trí Quả,PHƯỜNG,Trí Quả,01/07/2025,https://danhmuchanhchinh.nso.gov.vn/Doi_Chieu_Moi.aspx
24,Tỉnh Bắc Ninh,09430,Phường Trạm Lộ,PHƯỜNG,Trạm Lộ,01/07/2025,https://danhmuchanhchinh.nso.gov.vn/Doi_Chieu_Moi.aspx
24,Tỉnh Bắc Ninh,09433,Phường Song Liễu,PHƯỜNG,Song Liễu,01/07/2025,https://danhmuchanhchinh.nso.gov.vn/Doi_Chieu_Moi.aspx
24,Tỉnh Bắc Ninh,09445,Phường Ninh Xá,PHƯỜNG,Ninh Xá,01/07/2025,https://danhmuchanhchinh.nso.gov.vn/Doi_Chieu_Moi.aspx
24,Tỉnh Bắc Ninh,09454,Xã Gia Bình,XÃ,Gia Bình,01/07/2025,https://danhmuchanhchinh.nso.gov.vn/Doi_Chieu_Moi.aspx
24,Tỉnh Bắc Ninh,09466,Xã Cao Đức,XÃ,Cao Đức,01/07/2025,https://danhmuchanhchinh.nso.gov.vn/Doi_Chieu_Moi.aspx
24,Tỉnh Bắc Ninh,09469,Xã Đại Lai,XÃ,Đại Lai,01/07/2025,https://danhmuchanhchinh.nso.gov.vn/Doi_Chieu_Moi.aspx
24,Tỉnh Bắc Ninh,09475,Xã Nhân Thắng,XÃ,Nhân Thắng,01/07/2025,https://danhmuchanhchinh.nso.gov.vn/Doi_Chieu_Moi.aspx
24,Tỉnh Bắc Ninh,09487,Xã Đông Cứu,XÃ,Đông Cứu,01/07/2025,https://danhmuchanhchinh.nso.gov.vn/Doi_Chieu_Moi.aspx
24,Tỉnh Bắc Ninh,09496,Xã Lương Tài,XÃ,Lương Tài,01/07/2025,https://danhmuchanhchinh.nso.gov.vn/Doi_Chieu_Moi.aspx
24,Tỉnh Bắc Ninh,09499,Xã Trung Kênh,XÃ,Trung Kênh,01/07/2025,https://danhmuchanhchinh.nso.gov.vn/Doi_Chieu_Moi.aspx
24,Tỉnh Bắc Ninh,09523,Xã Trung Chính,XÃ,Trung Chính,01/07/2025,https://danhmuchanhchinh.nso.gov.vn/Doi_Chieu_Moi.aspx
24,Tỉnh Bắc Ninh,09529,Xã Lâm Thao,XÃ,Lâm Thao,01/07/2025,https://danhmuchanhchinh.nso.gov.vn/Doi_Chieu_Moi.aspx
31,Thành phố Hải Phòng,10507,Phường Thành Đông,PHƯỜNG,Thành Đông,01/07/2025,https://danhmuchanhchinh.nso.gov.vn/Doi_Chieu_Moi.aspx
31,Thành phố Hải Phòng,10525,Phường Hải Dương,PHƯỜNG,Hải Dương,01/07/2025,https://danhmuchanhchinh.nso.gov.vn/Doi_Chieu_Moi.aspx
31,Thành phố Hải Phòng,10532,Phường Lê Thanh Nghị,PHƯỜNG,Lê Thanh Nghị,01/07/2025,https://danhmuchanhchinh.nso.gov.vn/Doi_Chieu_Moi.aspx
31,Thành phố Hải Phòng,10537,Phường Tân Hưng,PHƯỜNG,Tân Hưng,01/07/2025,https://danhmuchanhchinh.nso.gov.vn/Doi_Chieu_Moi.aspx
31,Thành phố Hải Phòng,10543,Phường Việt Hòa,PHƯỜNG,Việt Hòa,01/07/2025,https://danhmuchanhchinh.nso.gov.vn/Doi_Chieu_Moi.aspx
31,Thành phố Hải Phòng,10546,Phường Chí Linh,PHƯỜNG,Chí Linh,01/07/2025,https://danhmuchanhchinh.nso.gov.vn/Doi_Chieu_Moi.aspx
31,Thành phố Hải Phòng,10549,Phường Chu Văn An,PHƯỜNG,Chu Văn An,01/07/2025,https://danhmuchanhchinh.nso.gov.vn/Doi_Chieu_Moi.aspx
31,Thành phố Hải Phòng,10552,Phường Nguyễn Trãi,PHƯỜNG,Nguyễn Trãi,01/07/2025,https://danhmuchanhchinh.nso.gov.vn/Doi_Chieu_Moi.aspx
31,Thành phố Hải Phòng,10570,Phường Trần Hưng Đạo,PHƯỜNG,Trần Hưng Đạo,01/07/2025,https://danhmuchanhchinh.nso.gov.vn/Doi_Chieu_Moi.aspx
31,Thành phố Hải Phòng,10573,Phường Trần Nhân Tông,PHƯỜNG,Trần Nhân Tông,01/07/2025,https://danhmuchanhchinh.nso.gov.vn/Doi_Chieu_Moi.aspx
31,Thành phố Hải Phòng,10603,Phường Lê Đại Hành,PHƯỜNG,Lê Đại Hành,01/07/2025,https://danhmuchanhchinh.nso.gov.vn/Doi_Chieu_Moi.aspx
31,Thành phố Hải Phòng,10606,Xã Nam Sách,XÃ,Nam Sách,01/07/2025,https://danhmuchanhchinh.nso.gov.vn/Doi_Chieu_Moi.aspx
31,Thành phố Hải Phòng,10615,Xã Hợp Tiến,XÃ,Hợp Tiến,01/07/2025,https://danhmuchanhchinh.nso.gov.vn/Doi_Chieu_Moi.aspx
31,Thành phố Hải Phòng,10633,Xã Trần Phú,XÃ,Trần Phú,01/07/2025,https://danhmuchanhchinh.nso.gov.vn/Doi_Chieu_Moi.aspx
31,Thành phố Hải Phòng,10642,Xã Thái Tân,XÃ,Thái Tân,01/07/2025,https://danhmuchanhchinh.nso.gov.vn/Doi_Chieu_Moi.aspx
31,Thành phố Hải Phòng,10645,Xã An Phú,XÃ,An Phú,01/07/2025,https://danhmuchanhchinh.nso.gov.vn/Doi_Chieu_Moi.aspx
31,Thành phố Hải Phòng,10660,Phường Ái Quốc,PHƯỜNG,Ái Quốc,01/07/2025,https://danhmuchanhchinh.nso.gov.vn/Doi_Chieu_Moi.aspx
31,Thành phố Hải Phòng,10675,Phường Kinh Môn,PHƯỜNG,Kinh Môn,01/07/2025,https://danhmuchanhchinh.nso.gov.vn/Doi_Chieu_Moi.aspx
31,Thành phố Hải Phòng,10678,Phường Bắc An Phụ,PHƯỜNG,Bắc An Phụ,01/07/2025,https://danhmuchanhchinh.nso.gov.vn/Doi_Chieu_Moi.aspx
31,Thành phố Hải Phòng,10705,Xã Nam An Phụ,XÃ,Nam An Phụ,01/07/2025,https://danhmuchanhchinh.nso.gov.vn/Doi_Chieu_Moi.aspx
31,Thành phố Hải Phòng,10714,Phường Nhị Chiểu,PHƯỜNG,Nhị Chiểu,01/07/2025,https://danhmuchanhchinh.nso.gov.vn/Doi_Chieu_Moi.aspx
31,Thành phố Hải Phòng,10726,Phường Phạm Sư Mạnh,PHƯỜNG,Phạm Sư Mạnh,01/07/2025,https://danhmuchanhchinh.nso.gov.vn/Doi_Chieu_Moi.aspx
31,Thành phố Hải Phòng,10729,Phường Trần Liễu,PHƯỜNG,Trần Liễu,01/07/2025,https://danhmuchanhchinh.nso.gov.vn/Doi_Chieu_Moi.aspx
31,Thành phố Hải Phòng,10744,Phường Nguyễn Đại Năng,PHƯỜNG,Nguyễn Đại Năng,01/07/2025,https://danhmuchanhchinh.nso.gov.vn/Doi_Chieu_Moi.aspx
31,Thành phố Hải Phòng,10750,Xã Phú Thái,XÃ,Phú Thái,01/07/2025,https://danhmuchanhchinh.nso.gov.vn/Doi_Chieu_Moi.aspx
31,Thành phố Hải Phòng,10756,Xã Lai Khê,XÃ,Lai Khê,01/07/2025,https://danhmuchanhchinh.nso.gov.vn/Doi_Chieu_Moi.aspx
31,Thành phố Hải Phòng,10792,Xã An Thành,XÃ,An Thành,01/07/2025,https://danhmuchanhchinh.nso.gov.vn/Doi_Chieu_Moi.aspx
31,Thành phố Hải Phòng,10804,Xã Kim Thành,XÃ,Kim Thành,01/07/2025,https://danhmuchanhchinh.nso.gov.vn/Doi_Chieu_Moi.aspx
31,Thành phố Hải Phòng,10813,Xã Thanh Hà,XÃ,Thanh Hà,01/07/2025,https://danhmuchanhchinh.nso.gov.vn/Doi_Chieu_Moi.aspx
31,Thành phố Hải Phòng,10816,Xã Hà Bắc,XÃ,Hà Bắc,01/07/2025,https://danhmuchanhchinh.nso.gov.vn/Doi_Chieu_Moi.aspx
31,Thành phố Hải Phòng,10837,Phường Nam Đồng,PHƯỜNG,Nam Đồng,01/07/2025,https://danhmuchanhchinh.nso.gov.vn/Doi_Chieu_Moi.aspx
31,Thành phố Hải Phòng,10843,Xã Hà Nam,XÃ,Hà Nam,01/07/2025,https://danhmuchanhchinh.nso.gov.vn/Doi_Chieu_Moi.aspx
31,Thành phố Hải Phòng,10846,Xã Hà Tây,XÃ,Hà Tây,01/07/2025,https://danhmuchanhchinh.nso.gov.vn/Doi_Chieu_Moi.aspx
31,Thành phố Hải Phòng,10882,Xã Hà Đông,XÃ,Hà Đông,01/07/2025,https://danhmuchanhchinh.nso.gov.vn/Doi_Chieu_Moi.aspx
31,Thành phố Hải Phòng,10888,Xã Cẩm Giang,XÃ,Cẩm Giang,01/07/2025,https://danhmuchanhchinh.nso.gov.vn/Doi_Chieu_Moi.aspx
31,Thành phố Hải Phòng,10891,Phường Tứ Minh,PHƯỜNG,Tứ Minh,01/07/2025,https://danhmuchanhchinh.nso.gov.vn/Doi_Chieu_Moi.aspx
31,Thành phố Hải Phòng,10903,Xã Cẩm Giàng,XÃ,Cẩm Giàng,01/07/2025,https://danhmuchanhchinh.nso.gov.vn/Doi_Chieu_Moi.aspx
31,Thành phố Hải Phòng,10909,Xã Tuệ Tĩnh,XÃ,Tuệ Tĩnh,01/07/2025,https://danhmuchanhchinh.nso.gov.vn/Doi_Chieu_Moi.aspx
31,Thành phố Hải Phòng,10930,Xã Mao Điền,XÃ,Mao Điền,01/07/2025,https://danhmuchanhchinh.nso.gov.vn/Doi_Chieu_Moi.aspx
31,Thành phố Hải Phòng,10945,Xã Kẻ Sặt,XÃ,Kẻ Sặt,01/07/2025,https://danhmuchanhchinh.nso.gov.vn/Doi_Chieu_Moi.aspx
31,Thành phố Hải Phòng,10966,Xã Bình Giang,XÃ,Bình Giang,01/07/2025,https://danhmuchanhchinh.nso.gov.vn/Doi_Chieu_Moi.aspx
31,Thành phố Hải Phòng,10972,Xã Đường An,XÃ,Đường An,01/07/2025,https://danhmuchanhchinh.nso.gov.vn/Doi_Chieu_Moi.aspx
31,Thành phố Hải Phòng,10993,Xã Thượng Hồng,XÃ,Thượng Hồng,01/07/2025,https://danhmuchanhchinh.nso.gov.vn/Doi_Chieu_Moi.aspx
31,Thành phố Hải Phòng,10999,Xã Gia Lộc,XÃ,Gia Lộc,01/07/2025,https://danhmuchanhchinh.nso.gov.vn/Doi_Chieu_Moi.aspx
31,Thành phố Hải Phòng,11002,Phường Thạch Khôi,PHƯỜNG,Thạch Khôi,01/07/2025,https://danhmuchanhchinh.nso.gov.vn/Doi_Chieu_Moi.aspx
31,Thành phố Hải Phòng,11020,Xã Yết Kiêu,XÃ,Yết Kiêu,01/07/2025,https://danhmuchanhchinh.nso.gov.vn/Doi_Chieu_Moi.aspx
31,Thành phố Hải Phòng,11050,Xã Gia Phúc,XÃ,Gia Phúc,01/07/2025,https://danhmuchanhchinh.nso.gov.vn/Doi_Chieu_Moi.aspx
31,Thành phố Hải Phòng,11065,Xã Trường Tân,XÃ,Trường Tân,01/07/2025,https://danhmuchanhchinh.nso.gov.vn/Doi_Chieu_Moi.aspx
31,Thành phố Hải Phòng,11074,Xã Tứ Kỳ,XÃ,Tứ Kỳ,01/07/2025,https://danhmuchanhchinh.nso.gov.vn/Doi_Chieu_Moi.aspx
31,Thành phố Hải Phòng,11086,Xã Đại Sơn,XÃ,Đại Sơn,01/07/2025,https://danhmuchanhchinh.nso.gov.vn/Doi_Chieu_Moi.aspx
31,Thành phố Hải Phòng,11113,Xã Tân Kỳ,XÃ,Tân Kỳ,01/07/2025,https://danhmuchanhchinh.nso.gov.vn/Doi_Chieu_Moi.aspx
31,Thành phố Hải Phòng,11131,Xã Chí Minh,XÃ,Chí Minh,01/07/2025,https://danhmuchanhchinh.nso.gov.vn/Doi_Chieu_Moi.aspx
31,Thành phố Hải Phòng,11140,Xã Lạc Phượng,XÃ,Lạc Phượng,01/07/2025,https://danhmuchanhchinh.nso.gov.vn/Doi_Chieu_Moi.aspx
31,Thành phố Hải Phòng,11146,Xã Nguyên Giáp,XÃ,Nguyên Giáp,01/07/2025,https://danhmuchanhchinh.nso.gov.vn/Doi_Chieu_Moi.aspx
31,Thành phố Hải Phòng,11164,Xã Vĩnh Lại,XÃ,Vĩnh Lại,01/07/2025,https://danhmuchanhchinh.nso.gov.vn/Doi_Chieu_Moi.aspx
31,Thành phố Hải Phòng,11167,Xã Tân An,XÃ,Tân An,01/07/2025,https://danhmuchanhchinh.nso.gov.vn/Doi_Chieu_Moi.aspx
31,Thành phố Hải Phòng,11203,Xã Ninh Giang,XÃ,Ninh Giang,01/07/2025,https://danhmuchanhchinh.nso.gov.vn/Doi_Chieu_Moi.aspx
31,Thành phố Hải Phòng,11218,Xã Hồng Châu,XÃ,Hồng Châu,01/07/2025,https://danhmuchanhchinh.nso.gov.vn/Doi_Chieu_Moi.aspx
31,Thành phố Hải Phòng,11224,Xã Khúc Thừa Dụ,XÃ,Khúc Thừa Dụ,01/07/2025,https://danhmuchanhchinh.nso.gov.vn/Doi_Chieu_Moi.aspx
31,Thành phố Hải Phòng,11239,Xã Thanh Miện,XÃ,Thanh Miện,01/07/2025,https://danhmuchanhchinh.nso.gov.vn/Doi_Chieu_Moi.aspx
31,Thành phố Hải Phòng,11242,Xã Nguyễn Lương Bằng,XÃ,Nguyễn Lương Bằng,01/07/2025,https://danhmuchanhchinh.nso.gov.vn/Doi_Chieu_Moi.aspx
31,Thành phố Hải Phòng,11254,Xã Bắc Thanh Miện,XÃ,Bắc Thanh Miện,01/07/2025,https://danhmuchanhchinh.nso.gov.vn/Doi_Chieu_Moi.aspx
31,Thành phố Hải Phòng,11257,Xã Hải Hưng,XÃ,Hải Hưng,01/07/2025,https://danhmuchanhchinh.nso.gov.vn/Doi_Chieu_Moi.aspx
31,Thành phố Hải Phòng,11284,Xã Nam Thanh Miện,XÃ,Nam Thanh Miện,01/07/2025,https://danhmuchanhchinh.nso.gov.vn/Doi_Chieu_Moi.aspx
31,Thành phố Hải Phòng,11311,Phường Hồng Bàng,PHƯỜNG,Hồng Bàng,01/07/2025,https://danhmuchanhchinh.nso.gov.vn/Doi_Chieu_Moi.aspx
31,Thành phố Hải Phòng,11329,Phường Ngô Quyền,PHƯỜNG,Ngô Quyền,01/07/2025,https://danhmuchanhchinh.nso.gov.vn/Doi_Chieu_Moi.aspx
31,Thành phố Hải Phòng,11359,Phường Gia Viên,PHƯỜNG,Gia Viên,01/07/2025,https://danhmuchanhchinh.nso.gov.vn/Doi_Chieu_Moi.aspx
31,Thành phố Hải Phòng,11383,Phường Lê Chân,PHƯỜNG,Lê Chân,01/07/2025,https://danhmuchanhchinh.nso.gov.vn/Doi_Chieu_Moi.aspx
31,Thành phố Hải Phòng,11407,Phường An Biên,PHƯỜNG,An Biên,01/07/2025,https://danhmuchanhchinh.nso.gov.vn/Doi_Chieu_Moi.aspx
31,Thành phố Hải Phòng,11411,Phường Đông Hải,PHƯỜNG,Đông Hải,01/07/2025,https://danhmuchanhchinh.nso.gov.vn/Doi_Chieu_Moi.aspx
31,Thành phố Hải Phòng,11413,Phường Hải An,PHƯỜNG,Hải An,01/07/2025,https://danhmuchanhchinh.nso.gov.vn/Doi_Chieu_Moi.aspx
31,Thành phố Hải Phòng,11443,Phường Kiến An,PHƯỜNG,Kiến An,01/07/2025,https://danhmuchanhchinh.nso.gov.vn/Doi_Chieu_Moi.aspx
31,Thành phố Hải Phòng,11446,Phường Phù Liễn,PHƯỜNG,Phù Liễn,01/07/2025,https://danhmuchanhchinh.nso.gov.vn/Doi_Chieu_Moi.aspx
31,Thành phố Hải Phòng,11455,Phường Đồ Sơn,PHƯỜNG,Đồ Sơn,01/07/2025,https://danhmuchanhchinh.nso.gov.vn/Doi_Chieu_Moi.aspx
31,Thành phố Hải Phòng,11473,Phường Bạch Đằng,PHƯỜNG,Bạch Đằng,01/07/2025,https://danhmuchanhchinh.nso.gov.vn/Doi_Chieu_Moi.aspx
31,Thành phố Hải Phòng,11488,Phường Lưu Kiếm,PHƯỜNG,Lưu Kiếm,01/07/2025,https://danhmuchanhchinh.nso.gov.vn/Doi_Chieu_Moi.aspx
31,Thành phố Hải Phòng,11503,Xã Việt Khê,XÃ,Việt Khê,01/07/2025,https://danhmuchanhchinh.nso.gov.vn/Doi_Chieu_Moi.aspx
31,Thành phố Hải Phòng,11506,Phường Lê Ích Mộc,PHƯỜNG,Lê Ích Mộc,01/07/2025,https://danhmuchanhchinh.nso.gov.vn/Doi_Chieu_Moi.aspx
31,Thành phố Hải Phòng,11533,Phường Hòa Bình,PHƯỜNG,Hòa Bình,01/07/2025,https://danhmuchanhchinh.nso.gov.vn/Doi_Chieu_Moi.aspx
31,Thành phố Hải Phòng,11542,Phường Nam Triệu,PHƯỜNG,Nam Triệu,01/07/2025,https://danhmuchanhchinh.nso.gov.vn/Doi_Chieu_Moi.aspx
31,Thành phố Hải Phòng,11557,Phường Thiên Hương,PHƯỜNG,Thiên Hương,01/07/2025,https://danhmuchanhchinh.nso.gov.vn/Doi_Chieu_Moi.aspx
31,Thành phố Hải Phòng,11560,Phường Thủy Nguyên,PHƯỜNG,Thủy Nguyên,01/07/2025,https://danhmuchanhchinh.nso.gov.vn/Doi_Chieu_Moi.aspx
31,Thành phố Hải Phòng,11581,Phường An Dương,PHƯỜNG,An Dương,01/07/2025,https://danhmuchanhchinh.nso.gov.vn/Doi_Chieu_Moi.aspx
31,Thành phố Hải Phòng,11593,Phường An Phong,PHƯỜNG,An Phong,01/07/2025,https://danhmuchanhchinh.nso.gov.vn/Doi_Chieu_Moi.aspx
31,Thành phố Hải Phòng,11602,Phường Hồng An,PHƯỜNG,Hồng An,01/07/2025,https://danhmuchanhchinh.nso.gov.vn/Doi_Chieu_Moi.aspx
31,Thành phố Hải Phòng,11617,Phường An Hải,PHƯỜNG,An Hải,01/07/2025,https://danhmuchanhchinh.nso.gov.vn/Doi_Chieu_Moi.aspx
31,Thành phố Hải Phòng,11629,Xã An Lão,XÃ,An Lão,01/07/2025,https://danhmuchanhchinh.nso.gov.vn/Doi_Chieu_Moi.aspx
31,Thành phố Hải Phòng,11635,Xã An Trường,XÃ,An Trường,01/07/2025,https://danhmuchanhchinh.nso.gov.vn/Doi_Chieu_Moi.aspx
31,Thành phố Hải Phòng,11647,Xã An Quang,XÃ,An Quang,01/07/2025,https://danhmuchanhchinh.nso.gov.vn/Doi_Chieu_Moi.aspx
31,Thành phố Hải Phòng,11668,Xã An Khánh,XÃ,An Khánh,01/07/2025,https://danhmuchanhchinh.nso.gov.vn/Doi_Chieu_Moi.aspx
31,Thành phố Hải Phòng,11674,Xã An Hưng,XÃ,An Hưng,01/07/2025,https://danhmuchanhchinh.nso.gov.vn/Doi_Chieu_Moi.aspx
31,Thành phố Hải Phòng,11680,Xã Kiến Thụy,XÃ,Kiến Thụy,01/07/2025,https://danhmuchanhchinh.nso.gov.vn/Doi_Chieu_Moi.aspx
31,Thành phố Hải Phòng,11689,Phường Hưng Đạo,PHƯỜNG,Hưng Đạo,01/07/2025,https://danhmuchanhchinh.nso.gov.vn/Doi_Chieu_Moi.aspx
31,Thành phố Hải Phòng,11692,Phường Dương Kinh,PHƯỜNG,Dương Kinh,01/07/2025,https://danhmuchanhchinh.nso.gov.vn/Doi_Chieu_Moi.aspx
31,Thành phố Hải Phòng,11713,Xã Nghi Dương,XÃ,Nghi Dương,01/07/2025,https://danhmuchanhchinh.nso.gov.vn/Doi_Chieu_Moi.aspx
31,Thành phố Hải Phòng,11725,Xã Kiến Minh,XÃ,Kiến Minh,01/07/2025,https://danhmuchanhchinh.nso.gov.vn/Doi_Chieu_Moi.aspx
31,Thành phố Hải Phòng,11728,Xã Kiến Hưng,XÃ,Kiến Hưng,01/07/2025,https://danhmuchanhchinh.nso.gov.vn/Doi_Chieu_Moi.aspx
31,Thành phố Hải Phòng,11737,Phường Nam Đồ Sơn,PHƯỜNG,Nam Đồ Sơn,01/07/2025,https://danhmuchanhchinh.nso.gov.vn/Doi_Chieu_Moi.aspx
31,Thành phố Hải Phòng,11749,Xã Kiến Hải,XÃ,Kiến Hải,01/07/2025,https://danhmuchanhchinh.nso.gov.vn/Doi_Chieu_Moi.aspx
31,Thành phố Hải Phòng,11755,Xã Tiên Lãng,XÃ,Tiên Lãng,01/07/2025,https://danhmuchanhchinh.nso.gov.vn/Doi_Chieu_Moi.aspx
31,Thành phố Hải Phòng,11761,Xã Quyết Thắng,XÃ,Quyết Thắng,01/07/2025,https://danhmuchanhchinh.nso.gov.vn/Doi_Chieu_Moi.aspx
31,Thành phố Hải Phòng,11779,Xã Tân Minh,XÃ,Tân Minh,01/07/2025,https://danhmuchanhchinh.nso.gov.vn/Doi_Chieu_Moi.aspx
31,Thành phố Hải Phòng,11791,Xã Tiên Minh,XÃ,Tiên Minh,01/07/2025,https://danhmuchanhchinh.nso.gov.vn/Doi_Chieu_Moi.aspx
31,Thành phố Hải Phòng,11806,Xã Chấn Hưng,XÃ,Chấn Hưng,01/07/2025,https://danhmuchanhchinh.nso.gov.vn/Doi_Chieu_Moi.aspx
31,Thành phố Hải Phòng,11809,Xã Hùng Thắng,XÃ,Hùng Thắng,01/07/2025,https://danhmuchanhchinh.nso.gov.vn/Doi_Chieu_Moi.aspx
31,Thành phố Hải Phòng,11824,Xã Vĩnh Bảo,XÃ,Vĩnh Bảo,01/07/2025,https://danhmuchanhchinh.nso.gov.vn/Doi_Chieu_Moi.aspx
31,Thành phố Hải Phòng,11836,Xã Vĩnh Thịnh,XÃ,Vĩnh Thịnh,01/07/2025,https://danhmuchanhchinh.nso.gov.vn/Doi_Chieu_Moi.aspx
31,Thành phố Hải Phòng,11842,Xã Vĩnh Thuận,XÃ,Vĩnh Thuận,01/07/2025,https://danhmuchanhchinh.nso.gov.vn/Doi_Chieu_Moi.aspx
31,Thành phố Hải Phòng,11848,Xã Vĩnh Hòa,XÃ,Vĩnh Hòa,01/07/2025,https://danhmuchanhchinh.nso.gov.vn/Doi_Chieu_Moi.aspx
31,Thành phố Hải Phòng,11875,Xã Vĩnh Hải,XÃ,Vĩnh Hải,01/07/2025,https://danhmuchanhchinh.nso.gov.vn/Doi_Chieu_Moi.aspx
31,Thành phố Hải Phòng,11887,Xã Vĩnh Am,XÃ,Vĩnh Am,01/07/2025,https://danhmuchanhchinh.nso.gov.vn/Doi_Chieu_Moi.aspx
31,Thành phố Hải Phòng,11911,Xã Nguyễn Bỉnh Khiêm,XÃ,Nguyễn Bỉnh Khiêm,01/07/2025,https://danhmuchanhchinh.nso.gov.vn/Doi_Chieu_Moi.aspx
31,Thành phố Hải Phòng,11914,Đặc khu Cát Hải,ĐẶC KHU,Cát Hải,01/07/2025,https://danhmuchanhchinh.nso.gov.vn/Doi_Chieu_Moi.aspx
31,Thành phố Hải Phòng,11948,Đặc khu Bạch Long Vĩ,ĐẶC KHU,Bạch Long Vĩ,01/07/2025,https://danhmuchanhchinh.nso.gov.vn/Doi_Chieu_Moi.aspx
33,Tỉnh Hưng Yên,11953,Phường Phố Hiến,PHƯỜNG,Phố Hiến,01/07/2025,https://danhmuchanhchinh.nso.gov.vn/Doi_Chieu_Moi.aspx
33,Tỉnh Hưng Yên,11977,Xã Tân Hưng,XÃ,Tân Hưng,01/07/2025,https://danhmuchanhchinh.nso.gov.vn/Doi_Chieu_Moi.aspx
33,Tỉnh Hưng Yên,11980,Phường Hồng Châu,PHƯỜNG,Hồng Châu,01/07/2025,https://danhmuchanhchinh.nso.gov.vn/Doi_Chieu_Moi.aspx
33,Tỉnh Hưng Yên,11983,Phường Sơn Nam,PHƯỜNG,Sơn Nam,01/07/2025,https://danhmuchanhchinh.nso.gov.vn/Doi_Chieu_Moi.aspx
33,Tỉnh Hưng Yên,11992,Xã Lạc Đạo,XÃ,Lạc Đạo,01/07/2025,https://danhmuchanhchinh.nso.gov.vn/Doi_Chieu_Moi.aspx
33,Tỉnh Hưng Yên,11995,Xã Đại Đồng,XÃ,Đại Đồng,01/07/2025,https://danhmuchanhchinh.nso.gov.vn/Doi_Chieu_Moi.aspx
33,Tỉnh Hưng Yên,12004,Xã Như Quỳnh,XÃ,Như Quỳnh,01/07/2025,https://danhmuchanhchinh.nso.gov.vn/Doi_Chieu_Moi.aspx
33,Tỉnh Hưng Yên,12019,Xã Văn Giang,XÃ,Văn Giang,01/07/2025,https://danhmuchanhchinh.nso.gov.vn/Doi_Chieu_Moi.aspx
33,Tỉnh Hưng Yên,12025,Xã Phụng Công,XÃ,Phụng Công,01/07/2025,https://danhmuchanhchinh.nso.gov.vn/Doi_Chieu_Moi.aspx
33,Tỉnh Hưng Yên,12031,Xã Nghĩa Trụ,XÃ,Nghĩa Trụ,01/07/2025,https://danhmuchanhchinh.nso.gov.vn/Doi_Chieu_Moi.aspx
33,Tỉnh Hưng Yên,12049,Xã Mễ Sở,XÃ,Mễ Sở,01/07/2025,https://danhmuchanhchinh.nso.gov.vn/Doi_Chieu_Moi.aspx
33,Tỉnh Hưng Yên,12064,Xã Nguyễn Văn Linh,XÃ,Nguyễn Văn Linh,01/07/2025,https://danhmuchanhchinh.nso.gov.vn/Doi_Chieu_Moi.aspx
33,Tỉnh Hưng Yên,12070,Xã Hoàn Long,XÃ,Hoàn Long,01/07/2025,https://danhmuchanhchinh.nso.gov.vn/Doi_Chieu_Moi.aspx
33,Tỉnh Hưng Yên,12073,Xã Yên Mỹ,XÃ,Yên Mỹ,01/07/2025,https://danhmuchanhchinh.nso.gov.vn/Doi_Chieu_Moi.aspx
33,Tỉnh Hưng Yên,12091,Xã Việt Yên,XÃ,Việt Yên,01/07/2025,https://danhmuchanhchinh.nso.gov.vn/Doi_Chieu_Moi.aspx
33,Tỉnh Hưng Yên,12103,Phường Mỹ Hào,PHƯỜNG,Mỹ Hào,01/07/2025,https://danhmuchanhchinh.nso.gov.vn/Doi_Chieu_Moi.aspx
33,Tỉnh Hưng Yên,12127,Phường Thượng Hồng,PHƯỜNG,Thượng Hồng,01/07/2025,https://danhmuchanhchinh.nso.gov.vn/Doi_Chieu_Moi.aspx
33,Tỉnh Hưng Yên,12133,Phường Đường Hào,PHƯỜNG,Đường Hào,01/07/2025,https://danhmuchanhchinh.nso.gov.vn/Doi_Chieu_Moi.aspx
33,Tỉnh Hưng Yên,12142,Xã Ân Thi,XÃ,Ân Thi,01/07/2025,https://danhmuchanhchinh.nso.gov.vn/Doi_Chieu_Moi.aspx
33,Tỉnh Hưng Yên,12148,Xã Phạm Ngũ Lão,XÃ,Phạm Ngũ Lão,01/07/2025,https://danhmuchanhchinh.nso.gov.vn/Doi_Chieu_Moi.aspx
33,Tỉnh Hưng Yên,12166,Xã Xuân Trúc,XÃ,Xuân Trúc,01/07/2025,https://danhmuchanhchinh.nso.gov.vn/Doi_Chieu_Moi.aspx
33,Tỉnh Hưng Yên,12184,Xã Nguyễn Trãi,XÃ,Nguyễn Trãi,01/07/2025,https://danhmuchanhchinh.nso.gov.vn/Doi_Chieu_Moi.aspx
33,Tỉnh Hưng Yên,12196,Xã Hồng Quang,XÃ,Hồng Quang,01/07/2025,https://danhmuchanhchinh.nso.gov.vn/Doi_Chieu_Moi.aspx
33,Tỉnh Hưng Yên,12205,Xã Khoái Châu,XÃ,Khoái Châu,01/07/2025,https://danhmuchanhchinh.nso.gov.vn/Doi_Chieu_Moi.aspx
33,Tỉnh Hưng Yên,12223,Xã Triệu Việt Vương,XÃ,Triệu Việt Vương,01/07/2025,https://danhmuchanhchinh.nso.gov.vn/Doi_Chieu_Moi.aspx
33,Tỉnh Hưng Yên,12238,Xã Việt Tiến,XÃ,Việt Tiến,01/07/2025,https://danhmuchanhchinh.nso.gov.vn/Doi_Chieu_Moi.aspx
33,Tỉnh Hưng Yên,12247,Xã Châu Ninh,XÃ,Châu Ninh,01/07/2025,https://danhmuchanhchinh.nso.gov.vn/Doi_Chieu_Moi.aspx
33,Tỉnh Hưng Yên,12271,Xã Chí Minh,XÃ,Chí Minh,01/07/2025,https://danhmuchanhchinh.nso.gov.vn/Doi_Chieu_Moi.aspx
33,Tỉnh Hưng Yên,12280,Xã Lương Bằng,XÃ,Lương Bằng,01/07/2025,https://danhmuchanhchinh.nso.gov.vn/Doi_Chieu_Moi.aspx
33,Tỉnh Hưng Yên,12286,Xã Nghĩa Dân,XÃ,Nghĩa Dân,01/07/2025,https://danhmuchanhchinh.nso.gov.vn/Doi_Chieu_Moi.aspx
33,Tỉnh Hưng Yên,12313,Xã Đức Hợp,XÃ,Đức Hợp,01/07/2025,https://danhmuchanhchinh.nso.gov.vn/Doi_Chieu_Moi.aspx
33,Tỉnh Hưng Yên,12322,Xã Hiệp Cường,XÃ,Hiệp Cường,01/07/2025,https://danhmuchanhchinh.nso.gov.vn/Doi_Chieu_Moi.aspx
33,Tỉnh Hưng Yên,12337,Xã Hoàng Hoa Thám,XÃ,Hoàng Hoa Thám,01/07/2025,https://danhmuchanhchinh.nso.gov.vn/Doi_Chieu_Moi.aspx
33,Tỉnh Hưng Yên,12361,Xã Tiên Hoa,XÃ,Tiên Hoa,01/07/2025,https://danhmuchanhchinh.nso.gov.vn/Doi_Chieu_Moi.aspx
33,Tỉnh Hưng Yên,12364,Xã Tiên Lữ,XÃ,Tiên Lữ,01/07/2025,https://danhmuchanhchinh.nso.gov.vn/Doi_Chieu_Moi.aspx
33,Tỉnh Hưng Yên,12391,Xã Quang Hưng,XÃ,Quang Hưng,01/07/2025,https://danhmuchanhchinh.nso.gov.vn/Doi_Chieu_Moi.aspx
33,Tỉnh Hưng Yên,12406,Xã Đoàn Đào,XÃ,Đoàn Đào,01/07/2025,https://danhmuchanhchinh.nso.gov.vn/Doi_Chieu_Moi.aspx
33,Tỉnh Hưng Yên,12424,Xã Tiên Tiến,XÃ,Tiên Tiến,01/07/2025,https://danhmuchanhchinh.nso.gov.vn/Doi_Chieu_Moi.aspx
33,Tỉnh Hưng Yên,12427,Xã Tống Trân,XÃ,Tống Trân,01/07/2025,https://danhmuchanhchinh.nso.gov.vn/Doi_Chieu_Moi.aspx
33,Tỉnh Hưng Yên,12452,Phường Trần Hưng Đạo,PHƯỜNG,Trần Hưng Đạo,01/07/2025,https://danhmuchanhchinh.nso.gov.vn/Doi_Chieu_Moi.aspx
33,Tỉnh Hưng Yên,12454,Phường Trần Lãm,PHƯỜNG,Trần Lãm,01/07/2025,https://danhmuchanhchinh.nso.gov.vn/Doi_Chieu_Moi.aspx
33,Tỉnh Hưng Yên,12466,Phường Vũ Phúc,PHƯỜNG,Vũ Phúc,01/07/2025,https://danhmuchanhchinh.nso.gov.vn/Doi_Chieu_Moi.aspx
33,Tỉnh Hưng Yên,12472,Xã Quỳnh Phụ,XÃ,Quỳnh Phụ,01/07/2025,https://danhmuchanhchinh.nso.gov.vn/Doi_Chieu_Moi.aspx
33,Tỉnh Hưng Yên,12499,Xã A Sào,XÃ,A Sào,01/07/2025,https://danhmuchanhchinh.nso.gov.vn/Doi_Chieu_Moi.aspx
33,Tỉnh Hưng Yên,12511,Xã Minh Thọ,XÃ,Minh Thọ,01/07/2025,https://danhmuchanhchinh.nso.gov.vn/Doi_Chieu_Moi.aspx
33,Tỉnh Hưng Yên,12517,Xã Ngọc Lâm,XÃ,Ngọc Lâm,01/07/2025,https://danhmuchanhchinh.nso.gov.vn/Doi_Chieu_Moi.aspx
33,Tỉnh Hưng Yên,12523,Xã Phụ Dực,XÃ,Phụ Dực,01/07/2025,https://danhmuchanhchinh.nso.gov.vn/Doi_Chieu_Moi.aspx
33,Tỉnh Hưng Yên,12526,Xã Đồng Bằng,XÃ,Đồng Bằng,01/07/2025,https://danhmuchanhchinh.nso.gov.vn/Doi_Chieu_Moi.aspx
33,Tỉnh Hưng Yên,12532,Xã Nguyễn Du,XÃ,Nguyễn Du,01/07/2025,https://danhmuchanhchinh.nso.gov.vn/Doi_Chieu_Moi.aspx
33,Tỉnh Hưng Yên,12577,Xã Quỳnh An,XÃ,Quỳnh An,01/07/2025,https://danhmuchanhchinh.nso.gov.vn/Doi_Chieu_Moi.aspx
33,Tỉnh Hưng Yên,12583,Xã Tân Tiến,XÃ,Tân Tiến,01/07/2025,https://danhmuchanhchinh.nso.gov.vn/Doi_Chieu_Moi.aspx
33,Tỉnh Hưng Yên,12586,Xã Hưng Hà,XÃ,Hưng Hà,01/07/2025,https://danhmuchanhchinh.nso.gov.vn/Doi_Chieu_Moi.aspx
33,Tỉnh Hưng Yên,12595,Xã Ngự Thiên,XÃ,Ngự Thiên,01/07/2025,https://danhmuchanhchinh.nso.gov.vn/Doi_Chieu_Moi.aspx
33,Tỉnh Hưng Yên,12613,Xã Long Hưng,XÃ,Long Hưng,01/07/2025,https://danhmuchanhchinh.nso.gov.vn/Doi_Chieu_Moi.aspx
33,Tỉnh Hưng Yên,12619,Xã Diên Hà,XÃ,Diên Hà,01/07/2025,https://danhmuchanhchinh.nso.gov.vn/Doi_Chieu_Moi.aspx
33,Tỉnh Hưng Yên,12631,Xã Thần Khê,XÃ,Thần Khê,01/07/2025,https://danhmuchanhchinh.nso.gov.vn/Doi_Chieu_Moi.aspx
33,Tỉnh Hưng Yên,12634,Xã Tiên La,XÃ,Tiên La,01/07/2025,https://danhmuchanhchinh.nso.gov.vn/Doi_Chieu_Moi.aspx
33,Tỉnh Hưng Yên,12676,Xã Lê Quý Đôn,XÃ,Lê Quý Đôn,01/07/2025,https://danhmuchanhchinh.nso.gov.vn/Doi_Chieu_Moi.aspx
33,Tỉnh Hưng Yên,12685,Xã Hồng Minh,XÃ,Hồng Minh,01/07/2025,https://danhmuchanhchinh.nso.gov.vn/Doi_Chieu_Moi.aspx
33,Tỉnh Hưng Yên,12688,Xã Đông Hưng,XÃ,Đông Hưng,01/07/2025,https://danhmuchanhchinh.nso.gov.vn/Doi_Chieu_Moi.aspx
33,Tỉnh Hưng Yên,12694,Xã Bắc Đông Hưng,XÃ,Bắc Đông Hưng,01/07/2025,https://danhmuchanhchinh.nso.gov.vn/Doi_Chieu_Moi.aspx
33,Tỉnh Hưng Yên,12700,Xã Bắc Tiên Hưng,XÃ,Bắc Tiên Hưng,01/07/2025,https://danhmuchanhchinh.nso.gov.vn/Doi_Chieu_Moi.aspx
33,Tỉnh Hưng Yên,12736,Xã Đông Tiên Hưng,XÃ,Đông Tiên Hưng,01/07/2025,https://danhmuchanhchinh.nso.gov.vn/Doi_Chieu_Moi.aspx
33,Tỉnh Hưng Yên,12745,Xã Bắc Đông Quan,XÃ,Bắc Đông Quan,01/07/2025,https://danhmuchanhchinh.nso.gov.vn/Doi_Chieu_Moi.aspx
33,Tỉnh Hưng Yên,12754,Xã Tiên Hưng,XÃ,Tiên Hưng,01/07/2025,https://danhmuchanhchinh.nso.gov.vn/Doi_Chieu_Moi.aspx
33,Tỉnh Hưng Yên,12763,Xã Nam Tiên Hưng,XÃ,Nam Tiên Hưng,01/07/2025,https://danhmuchanhchinh.nso.gov.vn/Doi_Chieu_Moi.aspx
33,Tỉnh Hưng Yên,12775,Xã Nam Đông Hưng,XÃ,Nam Đông Hưng,01/07/2025,https://danhmuchanhchinh.nso.gov.vn/Doi_Chieu_Moi.aspx
33,Tỉnh Hưng Yên,12793,Xã Đông Quan,XÃ,Đông Quan,01/07/2025,https://danhmuchanhchinh.nso.gov.vn/Doi_Chieu_Moi.aspx
33,Tỉnh Hưng Yên,12817,Phường Trà Lý,PHƯỜNG,Trà Lý,01/07/2025,https://danhmuchanhchinh.nso.gov.vn/Doi_Chieu_Moi.aspx
33,Tỉnh Hưng Yên,12826,Xã Thái Thụy,XÃ,Thái Thụy,01/07/2025,https://danhmuchanhchinh.nso.gov.vn/Doi_Chieu_Moi.aspx
33,Tỉnh Hưng Yên,12850,Xã Tây Thụy Anh,XÃ,Tây Thụy Anh,01/07/2025,https://danhmuchanhchinh.nso.gov.vn/Doi_Chieu_Moi.aspx
33,Tỉnh Hưng Yên,12859,Xã Bắc Thụy Anh,XÃ,Bắc Thụy Anh,01/07/2025,https://danhmuchanhchinh.nso.gov.vn/Doi_Chieu_Moi.aspx
33,Tỉnh Hưng Yên,12862,Xã Đông Thụy Anh,XÃ,Đông Thụy Anh,01/07/2025,https://danhmuchanhchinh.nso.gov.vn/Doi_Chieu_Moi.aspx
33,Tỉnh Hưng Yên,12865,Xã Thụy Anh,XÃ,Thụy Anh,01/07/2025,https://danhmuchanhchinh.nso.gov.vn/Doi_Chieu_Moi.aspx
33,Tỉnh Hưng Yên,12904,Xã Nam Thụy Anh,XÃ,Nam Thụy Anh,01/07/2025,https://danhmuchanhchinh.nso.gov.vn/Doi_Chieu_Moi.aspx
33,Tỉnh Hưng Yên,12916,Xã Bắc Thái Ninh,XÃ,Bắc Thái Ninh,01/07/2025,https://danhmuchanhchinh.nso.gov.vn/Doi_Chieu_Moi.aspx
33,Tỉnh Hưng Yên,12919,Xã Tây Thái Ninh,XÃ,Tây Thái Ninh,01/07/2025,https://danhmuchanhchinh.nso.gov.vn/Doi_Chieu_Moi.aspx
33,Tỉnh Hưng Yên,12922,Xã Thái Ninh,XÃ,Thái Ninh,01/07/2025,https://danhmuchanhchinh.nso.gov.vn/Doi_Chieu_Moi.aspx
33,Tỉnh Hưng Yên,12943,Xã Đông Thái Ninh,XÃ,Đông Thái Ninh,01/07/2025,https://danhmuchanhchinh.nso.gov.vn/Doi_Chieu_Moi.aspx
33,Tỉnh Hưng Yên,12961,Xã Nam Thái Ninh,XÃ,Nam Thái Ninh,01/07/2025,https://danhmuchanhchinh.nso.gov.vn/Doi_Chieu_Moi.aspx
33,Tỉnh Hưng Yên,12970,Xã Tiền Hải,XÃ,Tiền Hải,01/07/2025,https://danhmuchanhchinh.nso.gov.vn/Doi_Chieu_Moi.aspx
33,Tỉnh Hưng Yên,12988,Xã Đông Tiền Hải,XÃ,Đông Tiền Hải,01/07/2025,https://danhmuchanhchinh.nso.gov.vn/Doi_Chieu_Moi.aspx
33,Tỉnh Hưng Yên,13003,Xã Đồng Châu,XÃ,Đồng Châu,01/07/2025,https://danhmuchanhchinh.nso.gov.vn/Doi_Chieu_Moi.aspx
33,Tỉnh Hưng Yên,13021,Xã Ái Quốc,XÃ,Ái Quốc,01/07/2025,https://danhmuchanhchinh.nso.gov.vn/Doi_Chieu_Moi.aspx
33,Tỉnh Hưng Yên,13039,Xã Tây Tiền Hải,XÃ,Tây Tiền Hải,01/07/2025,https://danhmuchanhchinh.nso.gov.vn/Doi_Chieu_Moi.aspx
33,Tỉnh Hưng Yên,13057,Xã Nam Cường,XÃ,Nam Cường,01/07/2025,https://danhmuchanhchinh.nso.gov.vn/Doi_Chieu_Moi.aspx
33,Tỉnh Hưng Yên,13063,Xã Nam Tiền Hải,XÃ,Nam Tiền Hải,01/07/2025,https://danhmuchanhchinh.nso.gov.vn/Doi_Chieu_Moi.aspx
33,Tỉnh Hưng Yên,13066,Xã Hưng Phú,XÃ,Hưng Phú,01/07/2025,https://danhmuchanhchinh.nso.gov.vn/Doi_Chieu_Moi.aspx
33,Tỉnh Hưng Yên,13075,Xã Kiến Xương,XÃ,Kiến Xương,01/07/2025,https://danhmuchanhchinh.nso.gov.vn/Doi_Chieu_Moi.aspx
33,Tỉnh Hưng Yên,13093,Xã Trà Giang,XÃ,Trà Giang,01/07/2025,https://danhmuchanhchinh.nso.gov.vn/Doi_Chieu_Moi.aspx
33,Tỉnh Hưng Yên,13096,Xã Bình Nguyên,XÃ,Bình Nguyên,01/07/2025,https://danhmuchanhchinh.nso.gov.vn/Doi_Chieu_Moi.aspx
33,Tỉnh Hưng Yên,13120,Xã Lê Lợi,XÃ,Lê Lợi,01/07/2025,https://danhmuchanhchinh.nso.gov.vn/Doi_Chieu_Moi.aspx
33,Tỉnh Hưng Yên,13132,Xã Quang Lịch,XÃ,Quang Lịch,01/07/2025,https://danhmuchanhchinh.nso.gov.vn/Doi_Chieu_Moi.aspx
33,Tỉnh Hưng Yên,13141,Xã Vũ Quý,XÃ,Vũ Quý,01/07/2025,https://danhmuchanhchinh.nso.gov.vn/Doi_Chieu_Moi.aspx
33,Tỉnh Hưng Yên,13159,Xã Hồng Vũ,XÃ,Hồng Vũ,01/07/2025,https://danhmuchanhchinh.nso.gov.vn/Doi_Chieu_Moi.aspx
33,Tỉnh Hưng Yên,13183,Xã Bình Thanh,XÃ,Bình Thanh,01/07/2025,https://danhmuchanhchinh.nso.gov.vn/Doi_Chieu_Moi.aspx
33,Tỉnh Hưng Yên,13186,Xã Bình Định,XÃ,Bình Định,01/07/2025,https://danhmuchanhchinh.nso.gov.vn/Doi_Chieu_Moi.aspx
33,Tỉnh Hưng Yên,13192,Xã Vũ Thư,XÃ,Vũ Thư,01/07/2025,https://danhmuchanhchinh.nso.gov.vn/Doi_Chieu_Moi.aspx
33,Tỉnh Hưng Yên,13219,Xã Vạn Xuân,XÃ,Vạn Xuân,01/07/2025,https://danhmuchanhchinh.nso.gov.vn/Doi_Chieu_Moi.aspx
33,Tỉnh Hưng Yên,13222,Xã Thư Trì,XÃ,Thư Trì,01/07/2025,https://danhmuchanhchinh.nso.gov.vn/Doi_Chieu_Moi.aspx
33,Tỉnh Hưng Yên,13225,Phường Thái Bình,PHƯỜNG,Thái Bình,01/07/2025,https://danhmuchanhchinh.nso.gov.vn/Doi_Chieu_Moi.aspx
33,Tỉnh Hưng Yên,13246,Xã Tân Thuận,XÃ,Tân Thuận,01/07/2025,https://danhmuchanhchinh.nso.gov.vn/Doi_Chieu_Moi.aspx
33,Tỉnh Hưng Yên,13264,Xã Thư Vũ,XÃ,Thư Vũ,01/07/2025,https://danhmuchanhchinh.nso.gov.vn/Doi_Chieu_Moi.aspx
33,Tỉnh Hưng Yên,13279,Xã Vũ Tiên,XÃ,Vũ Tiên,01/07/2025,https://danhmuchanhchinh.nso.gov.vn/Doi_Chieu_Moi.aspx
37,Tỉnh Ninh Bình,13285,Phường Phủ Lý,PHƯỜNG,Phủ Lý,01/07/2025,https://danhmuchanhchinh.nso.gov.vn/Doi_Chieu_Moi.aspx
37,Tỉnh Ninh Bình,13291,Phường Phù Vân,PHƯỜNG,Phù Vân,01/07/2025,https://danhmuchanhchinh.nso.gov.vn/Doi_Chieu_Moi.aspx
37,Tỉnh Ninh Bình,13318,Phường Châu Sơn,PHƯỜNG,Châu Sơn,01/07/2025,https://danhmuchanhchinh.nso.gov.vn/Doi_Chieu_Moi.aspx
37,Tỉnh Ninh Bình,13324,Phường Duy Tiên,PHƯỜNG,Duy Tiên,01/07/2025,https://danhmuchanhchinh.nso.gov.vn/Doi_Chieu_Moi.aspx
37,Tỉnh Ninh Bình,13330,Phường Duy Tân,PHƯỜNG,Duy Tân,01/07/2025,https://danhmuchanhchinh.nso.gov.vn/Doi_Chieu_Moi.aspx
37,Tỉnh Ninh Bình,13336,Phường Duy Hà,PHƯỜNG,Duy Hà,01/07/2025,https://danhmuchanhchinh.nso.gov.vn/Doi_Chieu_Moi.aspx
37,Tỉnh Ninh Bình,13348,Phường Đồng Văn,PHƯỜNG,Đồng Văn,01/07/2025,https://danhmuchanhchinh.nso.gov.vn/Doi_Chieu_Moi.aspx
37,Tỉnh Ninh Bình,13363,Phường Tiên Sơn,PHƯỜNG,Tiên Sơn,01/07/2025,https://danhmuchanhchinh.nso.gov.vn/Doi_Chieu_Moi.aspx
37,Tỉnh Ninh Bình,13366,Phường Hà Nam,PHƯỜNG,Hà Nam,01/07/2025,https://danhmuchanhchinh.nso.gov.vn/Doi_Chieu_Moi.aspx
37,Tỉnh Ninh Bình,13384,Phường Kim Bảng,PHƯỜNG,Kim Bảng,01/07/2025,https://danhmuchanhchinh.nso.gov.vn/Doi_Chieu_Moi.aspx
37,Tỉnh Ninh Bình,13393,Phường Lê Hồ,PHƯỜNG,Lê Hồ,01/07/2025,https://danhmuchanhchinh.nso.gov.vn/Doi_Chieu_Moi.aspx
37,Tỉnh Ninh Bình,13396,Phường Nguyễn Uý,PHƯỜNG,Nguyễn Uý,01/07/2025,https://danhmuchanhchinh.nso.gov.vn/Doi_Chieu_Moi.aspx
37,Tỉnh Ninh Bình,13402,Phường Kim Thanh,PHƯỜNG,Kim Thanh,01/07/2025,https://danhmuchanhchinh.nso.gov.vn/Doi_Chieu_Moi.aspx
37,Tỉnh Ninh Bình,13420,Phường Tam Chúc,PHƯỜNG,Tam Chúc,01/07/2025,https://danhmuchanhchinh.nso.gov.vn/Doi_Chieu_Moi.aspx
37,Tỉnh Ninh Bình,13435,Phường Lý Thường Kiệt,PHƯỜNG,Lý Thường Kiệt,01/07/2025,https://danhmuchanhchinh.nso.gov.vn/Doi_Chieu_Moi.aspx
37,Tỉnh Ninh Bình,13444,Phường Liêm Tuyền,PHƯỜNG,Liêm Tuyền,01/07/2025,https://danhmuchanhchinh.nso.gov.vn/Doi_Chieu_Moi.aspx
37,Tỉnh Ninh Bình,13456,Xã Liêm Hà,XÃ,Liêm Hà,01/07/2025,https://danhmuchanhchinh.nso.gov.vn/Doi_Chieu_Moi.aspx
37,Tỉnh Ninh Bình,13474,Xã Tân Thanh,XÃ,Tân Thanh,01/07/2025,https://danhmuchanhchinh.nso.gov.vn/Doi_Chieu_Moi.aspx
37,Tỉnh Ninh Bình,13483,Xã Thanh Bình,XÃ,Thanh Bình,01/07/2025,https://danhmuchanhchinh.nso.gov.vn/Doi_Chieu_Moi.aspx
37,Tỉnh Ninh Bình,13489,Xã Thanh Lâm,XÃ,Thanh Lâm,01/07/2025,https://danhmuchanhchinh.nso.gov.vn/Doi_Chieu_Moi.aspx
37,Tỉnh Ninh Bình,13495,Xã Thanh Liêm,XÃ,Thanh Liêm,01/07/2025,https://danhmuchanhchinh.nso.gov.vn/Doi_Chieu_Moi.aspx
37,Tỉnh Ninh Bình,13501,Xã Bình Mỹ,XÃ,Bình Mỹ,01/07/2025,https://danhmuchanhchinh.nso.gov.vn/Doi_Chieu_Moi.aspx
37,Tỉnh Ninh Bình,13504,Xã Bình Lục,XÃ,Bình Lục,01/07/2025,https://danhmuchanhchinh.nso.gov.vn/Doi_Chieu_Moi.aspx
37,Tỉnh Ninh Bình,13531,Xã Bình Giang,XÃ,Bình Giang,01/07/2025,https://danhmuchanhchinh.nso.gov.vn/Doi_Chieu_Moi.aspx
37,Tỉnh Ninh Bình,13540,Xã Bình An,XÃ,Bình An,01/07/2025,https://danhmuchanhchinh.nso.gov.vn/Doi_Chieu_Moi.aspx
37,Tỉnh Ninh Bình,13558,Xã Bình Sơn,XÃ,Bình Sơn,01/07/2025,https://danhmuchanhchinh.nso.gov.vn/Doi_Chieu_Moi.aspx
37,Tỉnh Ninh Bình,13573,Xã Lý Nhân,XÃ,Lý Nhân,01/07/2025,https://danhmuchanhchinh.nso.gov.vn/Doi_Chieu_Moi.aspx
37,Tỉnh Ninh Bình,13579,Xã Bắc Lý,XÃ,Bắc Lý,01/07/2025,https://danhmuchanhchinh.nso.gov.vn/Doi_Chieu_Moi.aspx
37,Tỉnh Ninh Bình,13591,Xã Nam Xang,XÃ,Nam Xang,01/07/2025,https://danhmuchanhchinh.nso.gov.vn/Doi_Chieu_Moi.aspx
37,Tỉnh Ninh Bình,13594,Xã Trần Thương,XÃ,Trần Thương,01/07/2025,https://danhmuchanhchinh.nso.gov.vn/Doi_Chieu_Moi.aspx
37,Tỉnh Ninh Bình,13597,Xã Vĩnh Trụ,XÃ,Vĩnh Trụ,01/07/2025,https://danhmuchanhchinh.nso.gov.vn/Doi_Chieu_Moi.aspx
37,Tỉnh Ninh Bình,13609,Xã Nhân Hà,XÃ,Nhân Hà,01/07/2025,https://danhmuchanhchinh.nso.gov.vn/Doi_Chieu_Moi.aspx
37,Tỉnh Ninh Bình,13627,Xã Nam Lý,XÃ,Nam Lý,01/07/2025,https://danhmuchanhchinh.nso.gov.vn/Doi_Chieu_Moi.aspx
37,Tỉnh Ninh Bình,13669,Phường Nam Định,PHƯỜNG,Nam Định,01/07/2025,https://danhmuchanhchinh.nso.gov.vn/Doi_Chieu_Moi.aspx
37,Tỉnh Ninh Bình,13684,Phường Thiên Trường,PHƯỜNG,Thiên Trường,01/07/2025,https://danhmuchanhchinh.nso.gov.vn/Doi_Chieu_Moi.aspx
37,Tỉnh Ninh Bình,13693,Phường Đông A,PHƯỜNG,Đông A,01/07/2025,https://danhmuchanhchinh.nso.gov.vn/Doi_Chieu_Moi.aspx
37,Tỉnh Ninh Bình,13699,Phường Thành Nam,PHƯỜNG,Thành Nam,01/07/2025,https://danhmuchanhchinh.nso.gov.vn/Doi_Chieu_Moi.aspx
37,Tỉnh Ninh Bình,13708,Phường Mỹ Lộc,PHƯỜNG,Mỹ Lộc,01/07/2025,https://danhmuchanhchinh.nso.gov.vn/Doi_Chieu_Moi.aspx
37,Tỉnh Ninh Bình,13741,Xã Vụ Bản,XÃ,Vụ Bản,01/07/2025,https://danhmuchanhchinh.nso.gov.vn/Doi_Chieu_Moi.aspx
37,Tỉnh Ninh Bình,13750,Xã Minh Tân,XÃ,Minh Tân,01/07/2025,https://danhmuchanhchinh.nso.gov.vn/Doi_Chieu_Moi.aspx
37,Tỉnh Ninh Bình,13753,Xã Hiển Khánh,XÃ,Hiển Khánh,01/07/2025,https://danhmuchanhchinh.nso.gov.vn/Doi_Chieu_Moi.aspx
37,Tỉnh Ninh Bình,13777,Phường Trường Thi,PHƯỜNG,Trường Thi,01/07/2025,https://danhmuchanhchinh.nso.gov.vn/Doi_Chieu_Moi.aspx
37,Tỉnh Ninh Bình,13786,Xã Liên Minh,XÃ,Liên Minh,01/07/2025,https://danhmuchanhchinh.nso.gov.vn/Doi_Chieu_Moi.aspx
37,Tỉnh Ninh Bình,13795,Xã Ý Yên,XÃ,Ý Yên,01/07/2025,https://danhmuchanhchinh.nso.gov.vn/Doi_Chieu_Moi.aspx
37,Tỉnh Ninh Bình,13807,Xã Tân Minh,XÃ,Tân Minh,01/07/2025,https://danhmuchanhchinh.nso.gov.vn/Doi_Chieu_Moi.aspx
37,Tỉnh Ninh Bình,13822,Xã Phong Doanh,XÃ,Phong Doanh,01/07/2025,https://danhmuchanhchinh.nso.gov.vn/Doi_Chieu_Moi.aspx
37,Tỉnh Ninh Bình,13834,Xã Vũ Dương,XÃ,Vũ Dương,01/07/2025,https://danhmuchanhchinh.nso.gov.vn/Doi_Chieu_Moi.aspx
37,Tỉnh Ninh Bình,13864,Xã Vạn Thắng,XÃ,Vạn Thắng,01/07/2025,https://danhmuchanhchinh.nso.gov.vn/Doi_Chieu_Moi.aspx
37,Tỉnh Ninh Bình,13870,Xã Yên Cường,XÃ,Yên Cường,01/07/2025,https://danhmuchanhchinh.nso.gov.vn/Doi_Chieu_Moi.aspx
37,Tỉnh Ninh Bình,13879,Xã Yên Đồng,XÃ,Yên Đồng,01/07/2025,https://danhmuchanhchinh.nso.gov.vn/Doi_Chieu_Moi.aspx
37,Tỉnh Ninh Bình,13891,Xã Nghĩa Hưng,XÃ,Nghĩa Hưng,01/07/2025,https://danhmuchanhchinh.nso.gov.vn/Doi_Chieu_Moi.aspx
37,Tỉnh Ninh Bình,13894,Xã Rạng Đông,XÃ,Rạng Đông,01/07/2025,https://danhmuchanhchinh.nso.gov.vn/Doi_Chieu_Moi.aspx
37,Tỉnh Ninh Bình,13900,Xã Đồng Thịnh,XÃ,Đồng Thịnh,01/07/2025,https://danhmuchanhchinh.nso.gov.vn/Doi_Chieu_Moi.aspx
37,Tỉnh Ninh Bình,13918,Xã Nghĩa Sơn,XÃ,Nghĩa Sơn,01/07/2025,https://danhmuchanhchinh.nso.gov.vn/Doi_Chieu_Moi.aspx
37,Tỉnh Ninh Bình,13927,Xã Hồng Phong,XÃ,Hồng Phong,01/07/2025,https://danhmuchanhchinh.nso.gov.vn/Doi_Chieu_Moi.aspx
37,Tỉnh Ninh Bình,13939,Xã Quỹ Nhất,XÃ,Quỹ Nhất,01/07/2025,https://danhmuchanhchinh.nso.gov.vn/Doi_Chieu_Moi.aspx
37,Tỉnh Ninh Bình,13957,Xã Nghĩa Lâm,XÃ,Nghĩa Lâm,01/07/2025,https://danhmuchanhchinh.nso.gov.vn/Doi_Chieu_Moi.aspx
37,Tỉnh Ninh Bình,13966,Xã Nam Trực,XÃ,Nam Trực,01/07/2025,https://danhmuchanhchinh.nso.gov.vn/Doi_Chieu_Moi.aspx
37,Tỉnh Ninh Bình,13972,Phường Vị Khê,PHƯỜNG,Vị Khê,01/07/2025,https://danhmuchanhchinh.nso.gov.vn/Doi_Chieu_Moi.aspx
37,Tỉnh Ninh Bình,13984,Phường Hồng Quang,PHƯỜNG,Hồng Quang,01/07/2025,https://danhmuchanhchinh.nso.gov.vn/Doi_Chieu_Moi.aspx
37,Tỉnh Ninh Bình,13987,Xã Nam Hồng,XÃ,Nam Hồng,01/07/2025,https://danhmuchanhchinh.nso.gov.vn/Doi_Chieu_Moi.aspx
37,Tỉnh Ninh Bình,14005,Xã Nam Ninh,XÃ,Nam Ninh,01/07/2025,https://danhmuchanhchinh.nso.gov.vn/Doi_Chieu_Moi.aspx
37,Tỉnh Ninh Bình,14011,Xã Nam Minh,XÃ,Nam Minh,01/07/2025,https://danhmuchanhchinh.nso.gov.vn/Doi_Chieu_Moi.aspx
37,Tỉnh Ninh Bình,14014,Xã Nam Đồng,XÃ,Nam Đồng,01/07/2025,https://danhmuchanhchinh.nso.gov.vn/Doi_Chieu_Moi.aspx
37,Tỉnh Ninh Bình,14026,Xã Cổ Lễ,XÃ,Cổ Lễ,01/07/2025,https://danhmuchanhchinh.nso.gov.vn/Doi_Chieu_Moi.aspx
37,Tỉnh Ninh Bình,14038,Xã Ninh Giang,XÃ,Ninh Giang,01/07/2025,https://danhmuchanhchinh.nso.gov.vn/Doi_Chieu_Moi.aspx
37,Tỉnh Ninh Bình,14053,Xã Trực Ninh,XÃ,Trực Ninh,01/07/2025,https://danhmuchanhchinh.nso.gov.vn/Doi_Chieu_Moi.aspx
37,Tỉnh Ninh Bình,14056,Xã Cát Thành,XÃ,Cát Thành,01/07/2025,https://danhmuchanhchinh.nso.gov.vn/Doi_Chieu_Moi.aspx
37,Tỉnh Ninh Bình,14062,Xã Quang Hưng,XÃ,Quang Hưng,01/07/2025,https://danhmuchanhchinh.nso.gov.vn/Doi_Chieu_Moi.aspx
37,Tỉnh Ninh Bình,14071,Xã Minh Thái,XÃ,Minh Thái,01/07/2025,https://danhmuchanhchinh.nso.gov.vn/Doi_Chieu_Moi.aspx
37,Tỉnh Ninh Bình,14077,Xã Ninh Cường,XÃ,Ninh Cường,01/07/2025,https://danhmuchanhchinh.nso.gov.vn/Doi_Chieu_Moi.aspx
37,Tỉnh Ninh Bình,14089,Xã Xuân Trường,XÃ,Xuân Trường,01/07/2025,https://danhmuchanhchinh.nso.gov.vn/Doi_Chieu_Moi.aspx
37,Tỉnh Ninh Bình,14095,Xã Xuân Hồng,XÃ,Xuân Hồng,01/07/2025,https://danhmuchanhchinh.nso.gov.vn/Doi_Chieu_Moi.aspx
37,Tỉnh Ninh Bình,14104,Xã Xuân Giang,XÃ,Xuân Giang,01/07/2025,https://danhmuchanhchinh.nso.gov.vn/Doi_Chieu_Moi.aspx
37,Tỉnh Ninh Bình,14122,Xã Xuân Hưng,XÃ,Xuân Hưng,01/07/2025,https://danhmuchanhchinh.nso.gov.vn/Doi_Chieu_Moi.aspx
37,Tỉnh Ninh Bình,14161,Xã Giao Minh,XÃ,Giao Minh,01/07/2025,https://danhmuchanhchinh.nso.gov.vn/Doi_Chieu_Moi.aspx
37,Tỉnh Ninh Bình,14167,Xã Giao Thuỷ,XÃ,Giao Thuỷ,01/07/2025,https://danhmuchanhchinh.nso.gov.vn/Doi_Chieu_Moi.aspx
37,Tỉnh Ninh Bình,14179,Xã Giao Hưng,XÃ,Giao Hưng,01/07/2025,https://danhmuchanhchinh.nso.gov.vn/Doi_Chieu_Moi.aspx
37,Tỉnh Ninh Bình,14182,Xã Giao Hoà,XÃ,Giao Hoà,01/07/2025,https://danhmuchanhchinh.nso.gov.vn/Doi_Chieu_Moi.aspx
37,Tỉnh Ninh Bình,14194,Xã Giao Bình,XÃ,Giao Bình,01/07/2025,https://danhmuchanhchinh.nso.gov.vn/Doi_Chieu_Moi.aspx
37,Tỉnh Ninh Bình,14203,Xã Giao Phúc,XÃ,Giao Phúc,01/07/2025,https://danhmuchanhchinh.nso.gov.vn/Doi_Chieu_Moi.aspx
37,Tỉnh Ninh Bình,14212,Xã Giao Ninh,XÃ,Giao Ninh,01/07/2025,https://danhmuchanhchinh.nso.gov.vn/Doi_Chieu_Moi.aspx
37,Tỉnh Ninh Bình,14215,Xã Hải Hậu,XÃ,Hải Hậu,01/07/2025,https://danhmuchanhchinh.nso.gov.vn/Doi_Chieu_Moi.aspx
37,Tỉnh Ninh Bình,14218,Xã Hải Tiến,XÃ,Hải Tiến,01/07/2025,https://danhmuchanhchinh.nso.gov.vn/Doi_Chieu_Moi.aspx
37,Tỉnh Ninh Bình,14221,Xã Hải Thịnh,XÃ,Hải Thịnh,01/07/2025,https://danhmuchanhchinh.nso.gov.vn/Doi_Chieu_Moi.aspx
37,Tỉnh Ninh Bình,14236,Xã Hải Anh,XÃ,Hải Anh,01/07/2025,https://danhmuchanhchinh.nso.gov.vn/Doi_Chieu_Moi.aspx
37,Tỉnh Ninh Bình,14248,Xã Hải Hưng,XÃ,Hải Hưng,01/07/2025,https://danhmuchanhchinh.nso.gov.vn/Doi_Chieu_Moi.aspx
37,Tỉnh Ninh Bình,14281,Xã Hải An,XÃ,Hải An,01/07/2025,https://danhmuchanhchinh.nso.gov.vn/Doi_Chieu_Moi.aspx
37,Tỉnh Ninh Bình,14287,Xã Hải Quang,XÃ,Hải Quang,01/07/2025,https://danhmuchanhchinh.nso.gov.vn/Doi_Chieu_Moi.aspx
37,Tỉnh Ninh Bình,14308,Xã Hải Xuân,XÃ,Hải Xuân,01/07/2025,https://danhmuchanhchinh.nso.gov.vn/Doi_Chieu_Moi.aspx
37,Tỉnh Ninh Bình,14329,Phường Hoa Lư,PHƯỜNG,Hoa Lư,01/07/2025,https://danhmuchanhchinh.nso.gov.vn/Doi_Chieu_Moi.aspx
37,Tỉnh Ninh Bình,14359,Phường Nam Hoa Lư,PHƯỜNG,Nam Hoa Lư,01/07/2025,https://danhmuchanhchinh.nso.gov.vn/Doi_Chieu_Moi.aspx
37,Tỉnh Ninh Bình,14362,Phường Tam Điệp,PHƯỜNG,Tam Điệp,01/07/2025,https://danhmuchanhchinh.nso.gov.vn/Doi_Chieu_Moi.aspx
37,Tỉnh Ninh Bình,14365,Phường Trung Sơn,PHƯỜNG,Trung Sơn,01/07/2025,https://danhmuchanhchinh.nso.gov.vn/Doi_Chieu_Moi.aspx
37,Tỉnh Ninh Bình,14371,Phường Yên Sơn,PHƯỜNG,Yên Sơn,01/07/2025,https://danhmuchanhchinh.nso.gov.vn/Doi_Chieu_Moi.aspx
37,Tỉnh Ninh Bình,14389,Xã Gia Lâm,XÃ,Gia Lâm,01/07/2025,https://danhmuchanhchinh.nso.gov.vn/Doi_Chieu_Moi.aspx
37,Tỉnh Ninh Bình,14401,Xã Gia Tường,XÃ,Gia Tường,01/07/2025,https://danhmuchanhchinh.nso.gov.vn/Doi_Chieu_Moi.aspx
37,Tỉnh Ninh Bình,14404,Xã Cúc Phương,XÃ,Cúc Phương,01/07/2025,https://danhmuchanhchinh.nso.gov.vn/Doi_Chieu_Moi.aspx
37,Tỉnh Ninh Bình,14407,Xã Phú Sơn,XÃ,Phú Sơn,01/07/2025,https://danhmuchanhchinh.nso.gov.vn/Doi_Chieu_Moi.aspx
37,Tỉnh Ninh Bình,14428,Xã Nho Quan,XÃ,Nho Quan,01/07/2025,https://danhmuchanhchinh.nso.gov.vn/Doi_Chieu_Moi.aspx
37,Tỉnh Ninh Bình,14434,Xã Thanh Sơn,XÃ,Thanh Sơn,01/07/2025,https://danhmuchanhchinh.nso.gov.vn/Doi_Chieu_Moi.aspx
37,Tỉnh Ninh Bình,14452,Xã Quỳnh Lưu,XÃ,Quỳnh Lưu,01/07/2025,https://danhmuchanhchinh.nso.gov.vn/Doi_Chieu_Moi.aspx
37,Tỉnh Ninh Bình,14458,Xã Phú Long,XÃ,Phú Long,01/07/2025,https://danhmuchanhchinh.nso.gov.vn/Doi_Chieu_Moi.aspx
37,Tỉnh Ninh Bình,14464,Xã Gia Viễn,XÃ,Gia Viễn,01/07/2025,https://danhmuchanhchinh.nso.gov.vn/Doi_Chieu_Moi.aspx
37,Tỉnh Ninh Bình,14482,Xã Gia Hưng,XÃ,Gia Hưng,01/07/2025,https://danhmuchanhchinh.nso.gov.vn/Doi_Chieu_Moi.aspx
37,Tỉnh Ninh Bình,14488,Xã Gia Vân,XÃ,Gia Vân,01/07/2025,https://danhmuchanhchinh.nso.gov.vn/Doi_Chieu_Moi.aspx
37,Tỉnh Ninh Bình,14494,Xã Gia Trấn,XÃ,Gia Trấn,01/07/2025,https://danhmuchanhchinh.nso.gov.vn/Doi_Chieu_Moi.aspx
37,Tỉnh Ninh Bình,14500,Xã Đại Hoàng,XÃ,Đại Hoàng,01/07/2025,https://danhmuchanhchinh.nso.gov.vn/Doi_Chieu_Moi.aspx
37,Tỉnh Ninh Bình,14524,Xã Gia Phong,XÃ,Gia Phong,01/07/2025,https://danhmuchanhchinh.nso.gov.vn/Doi_Chieu_Moi.aspx
37,Tỉnh Ninh Bình,14533,Phường Tây Hoa Lư,PHƯỜNG,Tây Hoa Lư,01/07/2025,https://danhmuchanhchinh.nso.gov.vn/Doi_Chieu_Moi.aspx
37,Tỉnh Ninh Bình,14560,Xã Yên Khánh,XÃ,Yên Khánh,01/07/2025,https://danhmuchanhchinh.nso.gov.vn/Doi_Chieu_Moi.aspx
37,Tỉnh Ninh Bình,14563,Xã Khánh Thiện,XÃ,Khánh Thiện,01/07/2025,https://danhmuchanhchinh.nso.gov.vn/Doi_Chieu_Moi.aspx
37,Tỉnh Ninh Bình,14566,Phường Đông Hoa Lư,PHƯỜNG,Đông Hoa Lư,01/07/2025,https://danhmuchanhchinh.nso.gov.vn/Doi_Chieu_Moi.aspx
37,Tỉnh Ninh Bình,14608,Xã Khánh Trung,XÃ,Khánh Trung,01/07/2025,https://danhmuchanhchinh.nso.gov.vn/Doi_Chieu_Moi.aspx
37,Tỉnh Ninh Bình,14611,Xã Khánh Nhạc,XÃ,Khánh Nhạc,01/07/2025,https://danhmuchanhchinh.nso.gov.vn/Doi_Chieu_Moi.aspx
37,Tỉnh Ninh Bình,14614,Xã Khánh Hội,XÃ,Khánh Hội,01/07/2025,https://danhmuchanhchinh.nso.gov.vn/Doi_Chieu_Moi.aspx
37,Tỉnh Ninh Bình,14620,Xã Phát Diệm,XÃ,Phát Diệm,01/07/2025,https://danhmuchanhchinh.nso.gov.vn/Doi_Chieu_Moi.aspx
37,Tỉnh Ninh Bình,14623,Xã Bình Minh,XÃ,Bình Minh,01/07/2025,https://danhmuchanhchinh.nso.gov.vn/Doi_Chieu_Moi.aspx
37,Tỉnh Ninh Bình,14638,Xã Kim Sơn,XÃ,Kim Sơn,01/07/2025,https://danhmuchanhchinh.nso.gov.vn/Doi_Chieu_Moi.aspx
37,Tỉnh Ninh Bình,14647,Xã Quang Thiện,XÃ,Quang Thiện,01/07/2025,https://danhmuchanhchinh.nso.gov.vn/Doi_Chieu_Moi.aspx
37,Tỉnh Ninh Bình,14653,Xã Chất Bình,XÃ,Chất Bình,01/07/2025,https://danhmuchanhchinh.nso.gov.vn/Doi_Chieu_Moi.aspx
37,Tỉnh Ninh Bình,14674,Xã Lai Thành,XÃ,Lai Thành,01/07/2025,https://danhmuchanhchinh.nso.gov.vn/Doi_Chieu_Moi.aspx
37,Tỉnh Ninh Bình,14677,Xã Định Hóa,XÃ,Định Hóa,01/07/2025,https://danhmuchanhchinh.nso.gov.vn/Doi_Chieu_Moi.aspx
37,Tỉnh Ninh Bình,14698,Xã Kim Đông,XÃ,Kim Đông,01/07/2025,https://danhmuchanhchinh.nso.gov.vn/Doi_Chieu_Moi.aspx
37,Tỉnh Ninh Bình,14701,Xã Yên Mô,XÃ,Yên Mô,01/07/2025,https://danhmuchanhchinh.nso.gov.vn/Doi_Chieu_Moi.aspx
37,Tỉnh Ninh Bình,14725,Phường Yên Thắng,PHƯỜNG,Yên Thắng,01/07/2025,https://danhmuchanhchinh.nso.gov.vn/Doi_Chieu_Moi.aspx
37,Tỉnh Ninh Bình,14728,Xã Yên Từ,XÃ,Yên Từ,01/07/2025,https://danhmuchanhchinh.nso.gov.vn/Doi_Chieu_Moi.aspx
37,Tỉnh Ninh Bình,14743,Xã Yên Mạc,XÃ,Yên Mạc,01/07/2025,https://danhmuchanhchinh.nso.gov.vn/Doi_Chieu_Moi.aspx
37,Tỉnh Ninh Bình,14746,Xã Đồng Thái,XÃ,Đồng Thái,01/07/2025,https://danhmuchanhchinh.nso.gov.vn/Doi_Chieu_Moi.aspx
38,Tỉnh Thanh Hóa,14758,Phường Hàm Rồng,PHƯỜNG,Hàm Rồng,01/07/2025,https://danhmuchanhchinh.nso.gov.vn/Doi_Chieu_Moi.aspx
38,Tỉnh Thanh Hóa,14797,Phường Hạc Thành,PHƯỜNG,Hạc Thành,01/07/2025,https://danhmuchanhchinh.nso.gov.vn/Doi_Chieu_Moi.aspx
38,Tỉnh Thanh Hóa,14812,Phường Bỉm Sơn,PHƯỜNG,Bỉm Sơn,01/07/2025,https://danhmuchanhchinh.nso.gov.vn/Doi_Chieu_Moi.aspx
38,Tỉnh Thanh Hóa,14818,Phường Quang Trung,PHƯỜNG,Quang Trung,01/07/2025,https://danhmuchanhchinh.nso.gov.vn/Doi_Chieu_Moi.aspx
38,Tỉnh Thanh Hóa,14845,Xã Mường Lát,XÃ,Mường Lát,01/07/2025,https://danhmuchanhchinh.nso.gov.vn/Doi_Chieu_Moi.aspx
38,Tỉnh Thanh Hóa,14848,Xã Tam Chung,XÃ,Tam Chung,01/07/2025,https://danhmuchanhchinh.nso.gov.vn/Doi_Chieu_Moi.aspx
38,Tỉnh Thanh Hóa,14854,Xã Mường Lý,XÃ,Mường Lý,01/07/2025,https://danhmuchanhchinh.nso.gov.vn/Doi_Chieu_Moi.aspx
38,Tỉnh Thanh Hóa,14857,Xã Trung Lý,XÃ,Trung Lý,01/07/2025,https://danhmuchanhchinh.nso.gov.vn/Doi_Chieu_Moi.aspx
38,Tỉnh Thanh Hóa,14860,Xã Quang Chiểu,XÃ,Quang Chiểu,01/07/2025,https://danhmuchanhchinh.nso.gov.vn/Doi_Chieu_Moi.aspx
38,Tỉnh Thanh Hóa,14863,Xã Pù Nhi,XÃ,Pù Nhi,01/07/2025,https://danhmuchanhchinh.nso.gov.vn/Doi_Chieu_Moi.aspx
38,Tỉnh Thanh Hóa,14864,Xã Nhi Sơn,XÃ,Nhi Sơn,01/07/2025,https://danhmuchanhchinh.nso.gov.vn/Doi_Chieu_Moi.aspx
38,Tỉnh Thanh Hóa,14866,Xã Mường Chanh,XÃ,Mường Chanh,01/07/2025,https://danhmuchanhchinh.nso.gov.vn/Doi_Chieu_Moi.aspx
38,Tỉnh Thanh Hóa,14869,Xã Hồi Xuân,XÃ,Hồi Xuân,01/07/2025,https://danhmuchanhchinh.nso.gov.vn/Doi_Chieu_Moi.aspx
38,Tỉnh Thanh Hóa,14872,Xã Trung Thành,XÃ,Trung Thành,01/07/2025,https://danhmuchanhchinh.nso.gov.vn/Doi_Chieu_Moi.aspx
38,Tỉnh Thanh Hóa,14875,Xã Trung Sơn,XÃ,Trung Sơn,01/07/2025,https://danhmuchanhchinh.nso.gov.vn/Doi_Chieu_Moi.aspx
38,Tỉnh Thanh Hóa,14878,Xã Phú Lệ,XÃ,Phú Lệ,01/07/2025,https://danhmuchanhchinh.nso.gov.vn/Doi_Chieu_Moi.aspx
38,Tỉnh Thanh Hóa,14890,Xã Phú Xuân,XÃ,Phú Xuân,01/07/2025,https://danhmuchanhchinh.nso.gov.vn/Doi_Chieu_Moi.aspx
38,Tỉnh Thanh Hóa,14896,Xã Hiền Kiệt,XÃ,Hiền Kiệt,01/07/2025,https://danhmuchanhchinh.nso.gov.vn/Doi_Chieu_Moi.aspx
38,Tỉnh Thanh Hóa,14902,Xã Nam Xuân,XÃ,Nam Xuân,01/07/2025,https://danhmuchanhchinh.nso.gov.vn/Doi_Chieu_Moi.aspx
38,Tỉnh Thanh Hóa,14908,Xã Thiên Phủ,XÃ,Thiên Phủ,01/07/2025,https://danhmuchanhchinh.nso.gov.vn/Doi_Chieu_Moi.aspx
38,Tỉnh Thanh Hóa,14923,Xã Bá Thước,XÃ,Bá Thước,01/07/2025,https://danhmuchanhchinh.nso.gov.vn/Doi_Chieu_Moi.aspx
38,Tỉnh Thanh Hóa,14932,Xã Điền Quang,XÃ,Điền Quang,01/07/2025,https://danhmuchanhchinh.nso.gov.vn/Doi_Chieu_Moi.aspx
38,Tỉnh Thanh Hóa,14950,Xã Điền Lư,XÃ,Điền Lư,01/07/2025,https://danhmuchanhchinh.nso.gov.vn/Doi_Chieu_Moi.aspx
38,Tỉnh Thanh Hóa,14953,Xã Quý Lương,XÃ,Quý Lương,01/07/2025,https://danhmuchanhchinh.nso.gov.vn/Doi_Chieu_Moi.aspx
38,Tỉnh Thanh Hóa,14956,Xã Pù Luông,XÃ,Pù Luông,01/07/2025,https://danhmuchanhchinh.nso.gov.vn/Doi_Chieu_Moi.aspx
38,Tỉnh Thanh Hóa,14959,Xã Cổ Lũng,XÃ,Cổ Lũng,01/07/2025,https://danhmuchanhchinh.nso.gov.vn/Doi_Chieu_Moi.aspx
38,Tỉnh Thanh Hóa,14974,Xã Văn Nho,XÃ,Văn Nho,01/07/2025,https://danhmuchanhchinh.nso.gov.vn/Doi_Chieu_Moi.aspx
38,Tỉnh Thanh Hóa,14980,Xã Thiết Ống,XÃ,Thiết Ống,01/07/2025,https://danhmuchanhchinh.nso.gov.vn/Doi_Chieu_Moi.aspx
38,Tỉnh Thanh Hóa,15001,Xã Trung Hạ,XÃ,Trung Hạ,01/07/2025,https://danhmuchanhchinh.nso.gov.vn/Doi_Chieu_Moi.aspx
38,Tỉnh Thanh Hóa,15007,Xã Tam Thanh,XÃ,Tam Thanh,01/07/2025,https://danhmuchanhchinh.nso.gov.vn/Doi_Chieu_Moi.aspx
38,Tỉnh Thanh Hóa,15010,Xã Sơn Thủy,XÃ,Sơn Thủy,01/07/2025,https://danhmuchanhchinh.nso.gov.vn/Doi_Chieu_Moi.aspx
38,Tỉnh Thanh Hóa,15013,Xã Na Mèo,XÃ,Na Mèo,01/07/2025,https://danhmuchanhchinh.nso.gov.vn/Doi_Chieu_Moi.aspx
38,Tỉnh Thanh Hóa,15016,Xã Quan Sơn,XÃ,Quan Sơn,01/07/2025,https://danhmuchanhchinh.nso.gov.vn/Doi_Chieu_Moi.aspx
38,Tỉnh Thanh Hóa,15019,Xã Tam Lư,XÃ,Tam Lư,01/07/2025,https://danhmuchanhchinh.nso.gov.vn/Doi_Chieu_Moi.aspx
38,Tỉnh Thanh Hóa,15022,Xã Sơn Điện,XÃ,Sơn Điện,01/07/2025,https://danhmuchanhchinh.nso.gov.vn/Doi_Chieu_Moi.aspx
38,Tỉnh Thanh Hóa,15025,Xã Mường Mìn,XÃ,Mường Mìn,01/07/2025,https://danhmuchanhchinh.nso.gov.vn/Doi_Chieu_Moi.aspx
38,Tỉnh Thanh Hóa,15031,Xã Yên Khương,XÃ,Yên Khương,01/07/2025,https://danhmuchanhchinh.nso.gov.vn/Doi_Chieu_Moi.aspx
38,Tỉnh Thanh Hóa,15034,Xã Yên Thắng,XÃ,Yên Thắng,01/07/2025,https://danhmuchanhchinh.nso.gov.vn/Doi_Chieu_Moi.aspx
38,Tỉnh Thanh Hóa,15043,Xã Giao An,XÃ,Giao An,01/07/2025,https://danhmuchanhchinh.nso.gov.vn/Doi_Chieu_Moi.aspx
38,Tỉnh Thanh Hóa,15049,Xã Văn Phú,XÃ,Văn Phú,01/07/2025,https://danhmuchanhchinh.nso.gov.vn/Doi_Chieu_Moi.aspx
38,Tỉnh Thanh Hóa,15055,Xã Linh Sơn,XÃ,Linh Sơn,01/07/2025,https://danhmuchanhchinh.nso.gov.vn/Doi_Chieu_Moi.aspx
38,Tỉnh Thanh Hóa,15058,Xã Đồng Lương,XÃ,Đồng Lương,01/07/2025,https://danhmuchanhchinh.nso.gov.vn/Doi_Chieu_Moi.aspx
38,Tỉnh Thanh Hóa,15061,Xã Ngọc Lặc,XÃ,Ngọc Lặc,01/07/2025,https://danhmuchanhchinh.nso.gov.vn/Doi_Chieu_Moi.aspx
38,Tỉnh Thanh Hóa,15085,Xã Thạch Lập,XÃ,Thạch Lập,01/07/2025,https://danhmuchanhchinh.nso.gov.vn/Doi_Chieu_Moi.aspx
38,Tỉnh Thanh Hóa,15091,Xã Ngọc Liên,XÃ,Ngọc Liên,01/07/2025,https://danhmuchanhchinh.nso.gov.vn/Doi_Chieu_Moi.aspx
38,Tỉnh Thanh Hóa,15106,Xã Nguyệt Ấn,XÃ,Nguyệt Ấn,01/07/2025,https://danhmuchanhchinh.nso.gov.vn/Doi_Chieu_Moi.aspx
38,Tỉnh Thanh Hóa,15112,Xã Kiên Thọ,XÃ,Kiên Thọ,01/07/2025,https://danhmuchanhchinh.nso.gov.vn/Doi_Chieu_Moi.aspx
38,Tỉnh Thanh Hóa,15124,Xã Minh Sơn,XÃ,Minh Sơn,01/07/2025,https://danhmuchanhchinh.nso.gov.vn/Doi_Chieu_Moi.aspx
38,Tỉnh Thanh Hóa,15127,Xã Cẩm Thủy,XÃ,Cẩm Thủy,01/07/2025,https://danhmuchanhchinh.nso.gov.vn/Doi_Chieu_Moi.aspx
38,Tỉnh Thanh Hóa,15142,Xã Cẩm Thạch,XÃ,Cẩm Thạch,01/07/2025,https://danhmuchanhchinh.nso.gov.vn/Doi_Chieu_Moi.aspx
38,Tỉnh Thanh Hóa,15148,Xã Cẩm Tú,XÃ,Cẩm Tú,01/07/2025,https://danhmuchanhchinh.nso.gov.vn/Doi_Chieu_Moi.aspx
38,Tỉnh Thanh Hóa,15163,Xã Cẩm Vân,XÃ,Cẩm Vân,01/07/2025,https://danhmuchanhchinh.nso.gov.vn/Doi_Chieu_Moi.aspx
38,Tỉnh Thanh Hóa,15178,Xã Cẩm Tân,XÃ,Cẩm Tân,01/07/2025,https://danhmuchanhchinh.nso.gov.vn/Doi_Chieu_Moi.aspx
38,Tỉnh Thanh Hóa,15187,Xã Kim Tân,XÃ,Kim Tân,01/07/2025,https://danhmuchanhchinh.nso.gov.vn/Doi_Chieu_Moi.aspx
38,Tỉnh Thanh Hóa,15190,Xã Vân Du,XÃ,Vân Du,01/07/2025,https://danhmuchanhchinh.nso.gov.vn/Doi_Chieu_Moi.aspx
38,Tỉnh Thanh Hóa,15199,Xã Thạch Quảng,XÃ,Thạch Quảng,01/07/2025,https://danhmuchanhchinh.nso.gov.vn/Doi_Chieu_Moi.aspx
38,Tỉnh Thanh Hóa,15211,Xã Thạch Bình,XÃ,Thạch Bình,01/07/2025,https://danhmuchanhchinh.nso.gov.vn/Doi_Chieu_Moi.aspx
38,Tỉnh Thanh Hóa,15229,Xã Thành Vinh,XÃ,Thành Vinh,01/07/2025,https://danhmuchanhchinh.nso.gov.vn/Doi_Chieu_Moi.aspx
38,Tỉnh Thanh Hóa,15250,Xã Ngọc Trạo,XÃ,Ngọc Trạo,01/07/2025,https://danhmuchanhchinh.nso.gov.vn/Doi_Chieu_Moi.aspx
38,Tỉnh Thanh Hóa,15271,Xã Hà Trung,XÃ,Hà Trung,01/07/2025,https://danhmuchanhchinh.nso.gov.vn/Doi_Chieu_Moi.aspx
38,Tỉnh Thanh Hóa,15274,Xã Hà Long,XÃ,Hà Long,01/07/2025,https://danhmuchanhchinh.nso.gov.vn/Doi_Chieu_Moi.aspx
38,Tỉnh Thanh Hóa,15286,Xã Hoạt Giang,XÃ,Hoạt Giang,01/07/2025,https://danhmuchanhchinh.nso.gov.vn/Doi_Chieu_Moi.aspx
38,Tỉnh Thanh Hóa,15298,Xã Lĩnh Toại,XÃ,Lĩnh Toại,01/07/2025,https://danhmuchanhchinh.nso.gov.vn/Doi_Chieu_Moi.aspx
38,Tỉnh Thanh Hóa,15316,Xã Tống Sơn,XÃ,Tống Sơn,01/07/2025,https://danhmuchanhchinh.nso.gov.vn/Doi_Chieu_Moi.aspx
38,Tỉnh Thanh Hóa,15349,Xã Vĩnh Lộc,XÃ,Vĩnh Lộc,01/07/2025,https://danhmuchanhchinh.nso.gov.vn/Doi_Chieu_Moi.aspx
38,Tỉnh Thanh Hóa,15361,Xã Tây Đô,XÃ,Tây Đô,01/07/2025,https://danhmuchanhchinh.nso.gov.vn/Doi_Chieu_Moi.aspx
38,Tỉnh Thanh Hóa,15382,Xã Biện Thượng,XÃ,Biện Thượng,01/07/2025,https://danhmuchanhchinh.nso.gov.vn/Doi_Chieu_Moi.aspx
38,Tỉnh Thanh Hóa,15409,Xã Yên Phú,XÃ,Yên Phú,01/07/2025,https://danhmuchanhchinh.nso.gov.vn/Doi_Chieu_Moi.aspx
38,Tỉnh Thanh Hóa,15412,Xã Quý Lộc,XÃ,Quý Lộc,01/07/2025,https://danhmuchanhchinh.nso.gov.vn/Doi_Chieu_Moi.aspx
38,Tỉnh Thanh Hóa,15421,Xã Yên Trường,XÃ,Yên Trường,01/07/2025,https://danhmuchanhchinh.nso.gov.vn/Doi_Chieu_Moi.aspx
38,Tỉnh Thanh Hóa,15442,Xã Yên Ninh,XÃ,Yên Ninh,01/07/2025,https://danhmuchanhchinh.nso.gov.vn/Doi_Chieu_Moi.aspx
38,Tỉnh Thanh Hóa,15448,Xã Định Hòa,XÃ,Định Hòa,01/07/2025,https://danhmuchanhchinh.nso.gov.vn/Doi_Chieu_Moi.aspx
38,Tỉnh Thanh Hóa,15457,Xã Định Tân,XÃ,Định Tân,01/07/2025,https://danhmuchanhchinh.nso.gov.vn/Doi_Chieu_Moi.aspx
38,Tỉnh Thanh Hóa,15469,Xã Yên Định,XÃ,Yên Định,01/07/2025,https://danhmuchanhchinh.nso.gov.vn/Doi_Chieu_Moi.aspx
38,Tỉnh Thanh Hóa,15499,Xã Thọ Xuân,XÃ,Thọ Xuân,01/07/2025,https://danhmuchanhchinh.nso.gov.vn/Doi_Chieu_Moi.aspx
38,Tỉnh Thanh Hóa,15505,Xã Thọ Long,XÃ,Thọ Long,01/07/2025,https://danhmuchanhchinh.nso.gov.vn/Doi_Chieu_Moi.aspx
38,Tỉnh Thanh Hóa,15520,Xã Xuân Hòa,XÃ,Xuân Hòa,01/07/2025,https://danhmuchanhchinh.nso.gov.vn/Doi_Chieu_Moi.aspx
38,Tỉnh Thanh Hóa,15544,Xã Lam Sơn,XÃ,Lam Sơn,01/07/2025,https://danhmuchanhchinh.nso.gov.vn/Doi_Chieu_Moi.aspx
38,Tỉnh Thanh Hóa,15553,Xã Sao Vàng,XÃ,Sao Vàng,01/07/2025,https://danhmuchanhchinh.nso.gov.vn/Doi_Chieu_Moi.aspx
38,Tỉnh Thanh Hóa,15568,Xã Thọ Lập,XÃ,Thọ Lập,01/07/2025,https://danhmuchanhchinh.nso.gov.vn/Doi_Chieu_Moi.aspx
38,Tỉnh Thanh Hóa,15574,Xã Xuân Tín,XÃ,Xuân Tín,01/07/2025,https://danhmuchanhchinh.nso.gov.vn/Doi_Chieu_Moi.aspx
38,Tỉnh Thanh Hóa,15592,Xã Xuân Lập,XÃ,Xuân Lập,01/07/2025,https://danhmuchanhchinh.nso.gov.vn/Doi_Chieu_Moi.aspx
38,Tỉnh Thanh Hóa,15607,Xã Bát Mọt,XÃ,Bát Mọt,01/07/2025,https://danhmuchanhchinh.nso.gov.vn/Doi_Chieu_Moi.aspx
38,Tỉnh Thanh Hóa,15610,Xã Yên Nhân,XÃ,Yên Nhân,01/07/2025,https://danhmuchanhchinh.nso.gov.vn/Doi_Chieu_Moi.aspx
38,Tỉnh Thanh Hóa,15622,Xã Vạn Xuân,XÃ,Vạn Xuân,01/07/2025,https://danhmuchanhchinh.nso.gov.vn/Doi_Chieu_Moi.aspx
38,Tỉnh Thanh Hóa,15628,Xã Lương Sơn,XÃ,Lương Sơn,01/07/2025,https://danhmuchanhchinh.nso.gov.vn/Doi_Chieu_Moi.aspx
38,Tỉnh Thanh Hóa,15634,Xã Luận Thành,XÃ,Luận Thành,01/07/2025,https://danhmuchanhchinh.nso.gov.vn/Doi_Chieu_Moi.aspx
38,Tỉnh Thanh Hóa,15643,Xã Thắng Lộc,XÃ,Thắng Lộc,01/07/2025,https://danhmuchanhchinh.nso.gov.vn/Doi_Chieu_Moi.aspx
38,Tỉnh Thanh Hóa,15646,Xã Thường Xuân,XÃ,Thường Xuân,01/07/2025,https://danhmuchanhchinh.nso.gov.vn/Doi_Chieu_Moi.aspx
38,Tỉnh Thanh Hóa,15658,Xã Xuân Chinh,XÃ,Xuân Chinh,01/07/2025,https://danhmuchanhchinh.nso.gov.vn/Doi_Chieu_Moi.aspx
38,Tỉnh Thanh Hóa,15661,Xã Tân Thành,XÃ,Tân Thành,01/07/2025,https://danhmuchanhchinh.nso.gov.vn/Doi_Chieu_Moi.aspx
38,Tỉnh Thanh Hóa,15664,Xã Triệu Sơn,XÃ,Triệu Sơn,01/07/2025,https://danhmuchanhchinh.nso.gov.vn/Doi_Chieu_Moi.aspx
38,Tỉnh Thanh Hóa,15667,Xã Thọ Bình,XÃ,Thọ Bình,01/07/2025,https://danhmuchanhchinh.nso.gov.vn/Doi_Chieu_Moi.aspx
38,Tỉnh Thanh Hóa,15682,Xã Hợp Tiến,XÃ,Hợp Tiến,01/07/2025,https://danhmuchanhchinh.nso.gov.vn/Doi_Chieu_Moi.aspx
38,Tỉnh Thanh Hóa,15715,Xã Tân Ninh,XÃ,Tân Ninh,01/07/2025,https://danhmuchanhchinh.nso.gov.vn/Doi_Chieu_Moi.aspx
38,Tỉnh Thanh Hóa,15724,Xã Đồng Tiến,XÃ,Đồng Tiến,01/07/2025,https://danhmuchanhchinh.nso.gov.vn/Doi_Chieu_Moi.aspx
38,Tỉnh Thanh Hóa,15754,Xã Thọ Ngọc,XÃ,Thọ Ngọc,01/07/2025,https://danhmuchanhchinh.nso.gov.vn/Doi_Chieu_Moi.aspx
38,Tỉnh Thanh Hóa,15763,Xã Thọ Phú,XÃ,Thọ Phú,01/07/2025,https://danhmuchanhchinh.nso.gov.vn/Doi_Chieu_Moi.aspx
38,Tỉnh Thanh Hóa,15766,Xã An Nông,XÃ,An Nông,01/07/2025,https://danhmuchanhchinh.nso.gov.vn/Doi_Chieu_Moi.aspx
38,Tỉnh Thanh Hóa,15772,Xã Thiệu Hóa,XÃ,Thiệu Hóa,01/07/2025,https://danhmuchanhchinh.nso.gov.vn/Doi_Chieu_Moi.aspx
38,Tỉnh Thanh Hóa,15778,Xã Thiệu Tiến,XÃ,Thiệu Tiến,01/07/2025,https://danhmuchanhchinh.nso.gov.vn/Doi_Chieu_Moi.aspx
38,Tỉnh Thanh Hóa,15796,Xã Thiệu Quang,XÃ,Thiệu Quang,01/07/2025,https://danhmuchanhchinh.nso.gov.vn/Doi_Chieu_Moi.aspx
38,Tỉnh Thanh Hóa,15820,Xã Thiệu Toán,XÃ,Thiệu Toán,01/07/2025,https://danhmuchanhchinh.nso.gov.vn/Doi_Chieu_Moi.aspx
38,Tỉnh Thanh Hóa,15835,Xã Thiệu Trung,XÃ,Thiệu Trung,01/07/2025,https://danhmuchanhchinh.nso.gov.vn/Doi_Chieu_Moi.aspx
38,Tỉnh Thanh Hóa,15853,Phường Đông Tiến,PHƯỜNG,Đông Tiến,01/07/2025,https://danhmuchanhchinh.nso.gov.vn/Doi_Chieu_Moi.aspx
38,Tỉnh Thanh Hóa,15865,Xã Hoằng Hóa,XÃ,Hoằng Hóa,01/07/2025,https://danhmuchanhchinh.nso.gov.vn/Doi_Chieu_Moi.aspx
38,Tỉnh Thanh Hóa,15880,Xã Hoằng Giang,XÃ,Hoằng Giang,01/07/2025,https://danhmuchanhchinh.nso.gov.vn/Doi_Chieu_Moi.aspx
38,Tỉnh Thanh Hóa,15889,Xã Hoằng Phú,XÃ,Hoằng Phú,01/07/2025,https://danhmuchanhchinh.nso.gov.vn/Doi_Chieu_Moi.aspx
38,Tỉnh Thanh Hóa,15910,Xã Hoằng Sơn,XÃ,Hoằng Sơn,01/07/2025,https://danhmuchanhchinh.nso.gov.vn/Doi_Chieu_Moi.aspx
38,Tỉnh Thanh Hóa,15925,Phường Nguyệt Viên,PHƯỜNG,Nguyệt Viên,01/07/2025,https://danhmuchanhchinh.nso.gov.vn/Doi_Chieu_Moi.aspx
38,Tỉnh Thanh Hóa,15961,Xã Hoằng Lộc,XÃ,Hoằng Lộc,01/07/2025,https://danhmuchanhchinh.nso.gov.vn/Doi_Chieu_Moi.aspx
38,Tỉnh Thanh Hóa,15976,Xã Hoằng Châu,XÃ,Hoằng Châu,01/07/2025,https://danhmuchanhchinh.nso.gov.vn/Doi_Chieu_Moi.aspx
38,Tỉnh Thanh Hóa,15991,Xã Hoằng Tiến,XÃ,Hoằng Tiến,01/07/2025,https://danhmuchanhchinh.nso.gov.vn/Doi_Chieu_Moi.aspx
38,Tỉnh Thanh Hóa,16000,Xã Hoằng Thanh,XÃ,Hoằng Thanh,01/07/2025,https://danhmuchanhchinh.nso.gov.vn/Doi_Chieu_Moi.aspx
38,Tỉnh Thanh Hóa,16012,Xã Hậu Lộc,XÃ,Hậu Lộc,01/07/2025,https://danhmuchanhchinh.nso.gov.vn/Doi_Chieu_Moi.aspx
38,Tỉnh Thanh Hóa,16021,Xã Triệu Lộc,XÃ,Triệu Lộc,01/07/2025,https://danhmuchanhchinh.nso.gov.vn/Doi_Chieu_Moi.aspx
38,Tỉnh Thanh Hóa,16033,Xã Đông Thành,XÃ,Đông Thành,01/07/2025,https://danhmuchanhchinh.nso.gov.vn/Doi_Chieu_Moi.aspx
38,Tỉnh Thanh Hóa,16072,Xã Hoa Lộc,XÃ,Hoa Lộc,01/07/2025,https://danhmuchanhchinh.nso.gov.vn/Doi_Chieu_Moi.aspx
38,Tỉnh Thanh Hóa,16078,Xã Vạn Lộc,XÃ,Vạn Lộc,01/07/2025,https://danhmuchanhchinh.nso.gov.vn/Doi_Chieu_Moi.aspx
38,Tỉnh Thanh Hóa,16093,Xã Nga Sơn,XÃ,Nga Sơn,01/07/2025,https://danhmuchanhchinh.nso.gov.vn/Doi_Chieu_Moi.aspx
38,Tỉnh Thanh Hóa,16108,Xã Tân Tiến,XÃ,Tân Tiến,01/07/2025,https://danhmuchanhchinh.nso.gov.vn/Doi_Chieu_Moi.aspx
38,Tỉnh Thanh Hóa,16114,Xã Nga Thắng,XÃ,Nga Thắng,01/07/2025,https://danhmuchanhchinh.nso.gov.vn/Doi_Chieu_Moi.aspx
38,Tỉnh Thanh Hóa,16138,Xã Hồ Vương,XÃ,Hồ Vương,01/07/2025,https://danhmuchanhchinh.nso.gov.vn/Doi_Chieu_Moi.aspx
38,Tỉnh Thanh Hóa,16144,Xã Nga An,XÃ,Nga An,01/07/2025,https://danhmuchanhchinh.nso.gov.vn/Doi_Chieu_Moi.aspx
38,Tỉnh Thanh Hóa,16171,Xã Ba Đình,XÃ,Ba Đình,01/07/2025,https://danhmuchanhchinh.nso.gov.vn/Doi_Chieu_Moi.aspx
38,Tỉnh Thanh Hóa,16174,Xã Như Xuân,XÃ,Như Xuân,01/07/2025,https://danhmuchanhchinh.nso.gov.vn/Doi_Chieu_Moi.aspx
38,Tỉnh Thanh Hóa,16177,Xã Xuân Bình,XÃ,Xuân Bình,01/07/2025,https://danhmuchanhchinh.nso.gov.vn/Doi_Chieu_Moi.aspx
38,Tỉnh Thanh Hóa,16186,Xã Hóa Quỳ,XÃ,Hóa Quỳ,01/07/2025,https://danhmuchanhchinh.nso.gov.vn/Doi_Chieu_Moi.aspx
38,Tỉnh Thanh Hóa,16213,Xã Thanh Phong,XÃ,Thanh Phong,01/07/2025,https://danhmuchanhchinh.nso.gov.vn/Doi_Chieu_Moi.aspx
38,Tỉnh Thanh Hóa,16222,Xã Thanh Quân,XÃ,Thanh Quân,01/07/2025,https://danhmuchanhchinh.nso.gov.vn/Doi_Chieu_Moi.aspx
38,Tỉnh Thanh Hóa,16225,Xã Thượng Ninh,XÃ,Thượng Ninh,01/07/2025,https://danhmuchanhchinh.nso.gov.vn/Doi_Chieu_Moi.aspx
38,Tỉnh Thanh Hóa,16228,Xã Như Thanh,XÃ,Như Thanh,01/07/2025,https://danhmuchanhchinh.nso.gov.vn/Doi_Chieu_Moi.aspx
38,Tỉnh Thanh Hóa,16234,Xã Xuân Du,XÃ,Xuân Du,01/07/2025,https://danhmuchanhchinh.nso.gov.vn/Doi_Chieu_Moi.aspx
38,Tỉnh Thanh Hóa,16249,Xã Mậu Lâm,XÃ,Mậu Lâm,01/07/2025,https://danhmuchanhchinh.nso.gov.vn/Doi_Chieu_Moi.aspx
38,Tỉnh Thanh Hóa,16258,Xã Xuân Thái,XÃ,Xuân Thái,01/07/2025,https://danhmuchanhchinh.nso.gov.vn/Doi_Chieu_Moi.aspx
38,Tỉnh Thanh Hóa,16264,Xã Yên Thọ,XÃ,Yên Thọ,01/07/2025,https://danhmuchanhchinh.nso.gov.vn/Doi_Chieu_Moi.aspx
38,Tỉnh Thanh Hóa,16273,Xã Thanh Kỳ,XÃ,Thanh Kỳ,01/07/2025,https://danhmuchanhchinh.nso.gov.vn/Doi_Chieu_Moi.aspx
38,Tỉnh Thanh Hóa,16279,Xã Nông Cống,XÃ,Nông Cống,01/07/2025,https://danhmuchanhchinh.nso.gov.vn/Doi_Chieu_Moi.aspx
38,Tỉnh Thanh Hóa,16297,Xã Trung Chính,XÃ,Trung Chính,01/07/2025,https://danhmuchanhchinh.nso.gov.vn/Doi_Chieu_Moi.aspx
38,Tỉnh Thanh Hóa,16309,Xã Thắng Lợi,XÃ,Thắng Lợi,01/07/2025,https://danhmuchanhchinh.nso.gov.vn/Doi_Chieu_Moi.aspx
38,Tỉnh Thanh Hóa,16342,Xã Thăng Bình,XÃ,Thăng Bình,01/07/2025,https://danhmuchanhchinh.nso.gov.vn/Doi_Chieu_Moi.aspx
38,Tỉnh Thanh Hóa,16348,Xã Trường Văn,XÃ,Trường Văn,01/07/2025,https://danhmuchanhchinh.nso.gov.vn/Doi_Chieu_Moi.aspx
38,Tỉnh Thanh Hóa,16363,Xã Tượng Lĩnh,XÃ,Tượng Lĩnh,01/07/2025,https://danhmuchanhchinh.nso.gov.vn/Doi_Chieu_Moi.aspx
38,Tỉnh Thanh Hóa,16369,Xã Công Chính,XÃ,Công Chính,01/07/2025,https://danhmuchanhchinh.nso.gov.vn/Doi_Chieu_Moi.aspx
38,Tỉnh Thanh Hóa,16378,Phường Đông Sơn,PHƯỜNG,Đông Sơn,01/07/2025,https://danhmuchanhchinh.nso.gov.vn/Doi_Chieu_Moi.aspx
38,Tỉnh Thanh Hóa,16417,Phường Đông Quang,PHƯỜNG,Đông Quang,01/07/2025,https://danhmuchanhchinh.nso.gov.vn/Doi_Chieu_Moi.aspx
38,Tỉnh Thanh Hóa,16438,Xã Lưu Vệ,XÃ,Lưu Vệ,01/07/2025,https://danhmuchanhchinh.nso.gov.vn/Doi_Chieu_Moi.aspx
38,Tỉnh Thanh Hóa,16480,Xã Quảng Yên,XÃ,Quảng Yên,01/07/2025,https://danhmuchanhchinh.nso.gov.vn/Doi_Chieu_Moi.aspx
38,Tỉnh Thanh Hóa,16489,Xã Quảng Chính,XÃ,Quảng Chính,01/07/2025,https://danhmuchanhchinh.nso.gov.vn/Doi_Chieu_Moi.aspx
38,Tỉnh Thanh Hóa,16498,Xã Quảng Ngọc,XÃ,Quảng Ngọc,01/07/2025,https://danhmuchanhchinh.nso.gov.vn/Doi_Chieu_Moi.aspx
38,Tỉnh Thanh Hóa,16516,Phường Nam Sầm Sơn,PHƯỜNG,Nam Sầm Sơn,01/07/2025,https://danhmuchanhchinh.nso.gov.vn/Doi_Chieu_Moi.aspx
38,Tỉnh Thanh Hóa,16522,Phường Quảng Phú,PHƯỜNG,Quảng Phú,01/07/2025,https://danhmuchanhchinh.nso.gov.vn/Doi_Chieu_Moi.aspx
38,Tỉnh Thanh Hóa,16531,Phường Sầm Sơn,PHƯỜNG,Sầm Sơn,01/07/2025,https://danhmuchanhchinh.nso.gov.vn/Doi_Chieu_Moi.aspx
38,Tỉnh Thanh Hóa,16540,Xã Quảng Ninh,XÃ,Quảng Ninh,01/07/2025,https://danhmuchanhchinh.nso.gov.vn/Doi_Chieu_Moi.aspx
38,Tỉnh Thanh Hóa,16543,Xã Quảng Bình,XÃ,Quảng Bình,01/07/2025,https://danhmuchanhchinh.nso.gov.vn/Doi_Chieu_Moi.aspx
38,Tỉnh Thanh Hóa,16549,Xã Tiên Trang,XÃ,Tiên Trang,01/07/2025,https://danhmuchanhchinh.nso.gov.vn/Doi_Chieu_Moi.aspx
38,Tỉnh Thanh Hóa,16561,Phường Tĩnh Gia,PHƯỜNG,Tĩnh Gia,01/07/2025,https://danhmuchanhchinh.nso.gov.vn/Doi_Chieu_Moi.aspx
38,Tỉnh Thanh Hóa,16576,Phường Ngọc Sơn,PHƯỜNG,Ngọc Sơn,01/07/2025,https://danhmuchanhchinh.nso.gov.vn/Doi_Chieu_Moi.aspx
38,Tỉnh Thanh Hóa,16591,Xã Các Sơn,XÃ,Các Sơn,01/07/2025,https://danhmuchanhchinh.nso.gov.vn/Doi_Chieu_Moi.aspx
38,Tỉnh Thanh Hóa,16594,Phường Tân Dân,PHƯỜNG,Tân Dân,01/07/2025,https://danhmuchanhchinh.nso.gov.vn/Doi_Chieu_Moi.aspx
38,Tỉnh Thanh Hóa,16597,Phường Hải Lĩnh,PHƯỜNG,Hải Lĩnh,01/07/2025,https://danhmuchanhchinh.nso.gov.vn/Doi_Chieu_Moi.aspx
38,Tỉnh Thanh Hóa,16609,Phường Đào Duy Từ,PHƯỜNG,Đào Duy Từ,01/07/2025,https://danhmuchanhchinh.nso.gov.vn/Doi_Chieu_Moi.aspx
38,Tỉnh Thanh Hóa,16624,Phường Trúc Lâm,PHƯỜNG,Trúc Lâm,01/07/2025,https://danhmuchanhchinh.nso.gov.vn/Doi_Chieu_Moi.aspx
38,Tỉnh Thanh Hóa,16636,Xã Trường Lâm,XÃ,Trường Lâm,01/07/2025,https://danhmuchanhchinh.nso.gov.vn/Doi_Chieu_Moi.aspx
38,Tỉnh Thanh Hóa,16645,Phường Hải Bình,PHƯỜNG,Hải Bình,01/07/2025,https://danhmuchanhchinh.nso.gov.vn/Doi_Chieu_Moi.aspx
38,Tỉnh Thanh Hóa,16654,Phường Nghi Sơn,PHƯỜNG,Nghi Sơn,01/07/2025,https://danhmuchanhchinh.nso.gov.vn/Doi_Chieu_Moi.aspx
40,Tỉnh Nghệ An,16681,Phường Thành Vinh,PHƯỜNG,Thành Vinh,01/07/2025,https://danhmuchanhchinh.nso.gov.vn/Doi_Chieu_Moi.aspx
40,Tỉnh Nghệ An,16690,Phường Trường Vinh,PHƯỜNG,Trường Vinh,01/07/2025,https://danhmuchanhchinh.nso.gov.vn/Doi_Chieu_Moi.aspx
40,Tỉnh Nghệ An,16702,Phường Vinh Phú,PHƯỜNG,Vinh Phú,01/07/2025,https://danhmuchanhchinh.nso.gov.vn/Doi_Chieu_Moi.aspx
40,Tỉnh Nghệ An,16708,Phường Vinh Lộc,PHƯỜNG,Vinh Lộc,01/07/2025,https://danhmuchanhchinh.nso.gov.vn/Doi_Chieu_Moi.aspx
40,Tỉnh Nghệ An,16732,Phường Cửa Lò,PHƯỜNG,Cửa Lò,01/07/2025,https://danhmuchanhchinh.nso.gov.vn/Doi_Chieu_Moi.aspx
40,Tỉnh Nghệ An,16738,Xã Quế Phong,XÃ,Quế Phong,01/07/2025,https://danhmuchanhchinh.nso.gov.vn/Doi_Chieu_Moi.aspx
40,Tỉnh Nghệ An,16744,Xã Thông Thụ,XÃ,Thông Thụ,01/07/2025,https://danhmuchanhchinh.nso.gov.vn/Doi_Chieu_Moi.aspx
40,Tỉnh Nghệ An,16750,Xã Tiền Phong,XÃ,Tiền Phong,01/07/2025,https://danhmuchanhchinh.nso.gov.vn/Doi_Chieu_Moi.aspx
40,Tỉnh Nghệ An,16756,Xã Tri Lễ,XÃ,Tri Lễ,01/07/2025,https://danhmuchanhchinh.nso.gov.vn/Doi_Chieu_Moi.aspx
40,Tỉnh Nghệ An,16774,Xã Mường Quàng,XÃ,Mường Quàng,01/07/2025,https://danhmuchanhchinh.nso.gov.vn/Doi_Chieu_Moi.aspx
40,Tỉnh Nghệ An,16777,Xã Quỳ Châu,XÃ,Quỳ Châu,01/07/2025,https://danhmuchanhchinh.nso.gov.vn/Doi_Chieu_Moi.aspx
40,Tỉnh Nghệ An,16792,Xã Châu Tiến,XÃ,Châu Tiến,01/07/2025,https://danhmuchanhchinh.nso.gov.vn/Doi_Chieu_Moi.aspx
40,Tỉnh Nghệ An,16801,Xã Hùng Chân,XÃ,Hùng Chân,01/07/2025,https://danhmuchanhchinh.nso.gov.vn/Doi_Chieu_Moi.aspx
40,Tỉnh Nghệ An,16804,Xã Châu Bình,XÃ,Châu Bình,01/07/2025,https://danhmuchanhchinh.nso.gov.vn/Doi_Chieu_Moi.aspx
40,Tỉnh Nghệ An,16813,Xã Mường Xén,XÃ,Mường Xén,01/07/2025,https://danhmuchanhchinh.nso.gov.vn/Doi_Chieu_Moi.aspx
40,Tỉnh Nghệ An,16816,Xã Mỹ Lý,XÃ,Mỹ Lý,01/07/2025,https://danhmuchanhchinh.nso.gov.vn/Doi_Chieu_Moi.aspx
40,Tỉnh Nghệ An,16819,Xã Bắc Lý,XÃ,Bắc Lý,01/07/2025,https://danhmuchanhchinh.nso.gov.vn/Doi_Chieu_Moi.aspx
40,Tỉnh Nghệ An,16822,Xã Keng Đu,XÃ,Keng Đu,01/07/2025,https://danhmuchanhchinh.nso.gov.vn/Doi_Chieu_Moi.aspx
40,Tỉnh Nghệ An,16828,Xã Huồi Tụ,XÃ,Huồi Tụ,01/07/2025,https://danhmuchanhchinh.nso.gov.vn/Doi_Chieu_Moi.aspx
40,Tỉnh Nghệ An,16831,Xã Mường Lống,XÃ,Mường Lống,01/07/2025,https://danhmuchanhchinh.nso.gov.vn/Doi_Chieu_Moi.aspx
40,Tỉnh Nghệ An,16834,Xã Na Loi,XÃ,Na Loi,01/07/2025,https://danhmuchanhchinh.nso.gov.vn/Doi_Chieu_Moi.aspx
40,Tỉnh Nghệ An,16837,Xã Nậm Cắn,XÃ,Nậm Cắn,01/07/2025,https://danhmuchanhchinh.nso.gov.vn/Doi_Chieu_Moi.aspx
40,Tỉnh Nghệ An,16849,Xã Hữu Kiệm,XÃ,Hữu Kiệm,01/07/2025,https://danhmuchanhchinh.nso.gov.vn/Doi_Chieu_Moi.aspx
40,Tỉnh Nghệ An,16855,Xã Chiêu Lưu,XÃ,Chiêu Lưu,01/07/2025,https://danhmuchanhchinh.nso.gov.vn/Doi_Chieu_Moi.aspx
40,Tỉnh Nghệ An,16858,Xã Mường Típ,XÃ,Mường Típ,01/07/2025,https://danhmuchanhchinh.nso.gov.vn/Doi_Chieu_Moi.aspx
40,Tỉnh Nghệ An,16870,Xã Na Ngoi,XÃ,Na Ngoi,01/07/2025,https://danhmuchanhchinh.nso.gov.vn/Doi_Chieu_Moi.aspx
40,Tỉnh Nghệ An,16876,Xã Tương Dương,XÃ,Tương Dương,01/07/2025,https://danhmuchanhchinh.nso.gov.vn/Doi_Chieu_Moi.aspx
40,Tỉnh Nghệ An,16882,Xã Nhôn Mai,XÃ,Nhôn Mai,01/07/2025,https://danhmuchanhchinh.nso.gov.vn/Doi_Chieu_Moi.aspx
40,Tỉnh Nghệ An,16885,Xã Hữu Khuông,XÃ,Hữu Khuông,01/07/2025,https://danhmuchanhchinh.nso.gov.vn/Doi_Chieu_Moi.aspx
40,Tỉnh Nghệ An,16903,Xã Nga My,XÃ,Nga My,01/07/2025,https://danhmuchanhchinh.nso.gov.vn/Doi_Chieu_Moi.aspx
40,Tỉnh Nghệ An,16906,Xã Lượng Minh,XÃ,Lượng Minh,01/07/2025,https://danhmuchanhchinh.nso.gov.vn/Doi_Chieu_Moi.aspx
40,Tỉnh Nghệ An,16909,Xã Yên Hòa,XÃ,Yên Hòa,01/07/2025,https://danhmuchanhchinh.nso.gov.vn/Doi_Chieu_Moi.aspx
40,Tỉnh Nghệ An,16912,Xã Yên Na,XÃ,Yên Na,01/07/2025,https://danhmuchanhchinh.nso.gov.vn/Doi_Chieu_Moi.aspx
40,Tỉnh Nghệ An,16933,Xã Tam Quang,XÃ,Tam Quang,01/07/2025,https://danhmuchanhchinh.nso.gov.vn/Doi_Chieu_Moi.aspx
40,Tỉnh Nghệ An,16936,Xã Tam Thái,XÃ,Tam Thái,01/07/2025,https://danhmuchanhchinh.nso.gov.vn/Doi_Chieu_Moi.aspx
40,Tỉnh Nghệ An,16939,Phường Thái Hòa,PHƯỜNG,Thái Hòa,01/07/2025,https://danhmuchanhchinh.nso.gov.vn/Doi_Chieu_Moi.aspx
40,Tỉnh Nghệ An,16941,Xã Nghĩa Đàn,XÃ,Nghĩa Đàn,01/07/2025,https://danhmuchanhchinh.nso.gov.vn/Doi_Chieu_Moi.aspx
40,Tỉnh Nghệ An,16951,Xã Nghĩa Lâm,XÃ,Nghĩa Lâm,01/07/2025,https://danhmuchanhchinh.nso.gov.vn/Doi_Chieu_Moi.aspx
40,Tỉnh Nghệ An,16969,Xã Nghĩa Thọ,XÃ,Nghĩa Thọ,01/07/2025,https://danhmuchanhchinh.nso.gov.vn/Doi_Chieu_Moi.aspx
40,Tỉnh Nghệ An,16972,Xã Nghĩa Hưng,XÃ,Nghĩa Hưng,01/07/2025,https://danhmuchanhchinh.nso.gov.vn/Doi_Chieu_Moi.aspx
40,Tỉnh Nghệ An,16975,Xã Nghĩa Mai,XÃ,Nghĩa Mai,01/07/2025,https://danhmuchanhchinh.nso.gov.vn/Doi_Chieu_Moi.aspx
40,Tỉnh Nghệ An,17011,Phường Tây Hiếu,PHƯỜNG,Tây Hiếu,01/07/2025,https://danhmuchanhchinh.nso.gov.vn/Doi_Chieu_Moi.aspx
40,Tỉnh Nghệ An,17017,Xã Đông Hiếu,XÃ,Đông Hiếu,01/07/2025,https://danhmuchanhchinh.nso.gov.vn/Doi_Chieu_Moi.aspx
40,Tỉnh Nghệ An,17029,Xã Nghĩa Lộc,XÃ,Nghĩa Lộc,01/07/2025,https://danhmuchanhchinh.nso.gov.vn/Doi_Chieu_Moi.aspx
40,Tỉnh Nghệ An,17032,Xã Nghĩa Khánh,XÃ,Nghĩa Khánh,01/07/2025,https://danhmuchanhchinh.nso.gov.vn/Doi_Chieu_Moi.aspx
40,Tỉnh Nghệ An,17035,Xã Quỳ Hợp,XÃ,Quỳ Hợp,01/07/2025,https://danhmuchanhchinh.nso.gov.vn/Doi_Chieu_Moi.aspx
40,Tỉnh Nghệ An,17044,Xã Châu Hồng,XÃ,Châu Hồng,01/07/2025,https://danhmuchanhchinh.nso.gov.vn/Doi_Chieu_Moi.aspx
40,Tỉnh Nghệ An,17056,Xã Châu Lộc,XÃ,Châu Lộc,01/07/2025,https://danhmuchanhchinh.nso.gov.vn/Doi_Chieu_Moi.aspx
40,Tỉnh Nghệ An,17059,Xã Tam Hợp,XÃ,Tam Hợp,01/07/2025,https://danhmuchanhchinh.nso.gov.vn/Doi_Chieu_Moi.aspx
40,Tỉnh Nghệ An,17071,Xã Minh Hợp,XÃ,Minh Hợp,01/07/2025,https://danhmuchanhchinh.nso.gov.vn/Doi_Chieu_Moi.aspx
40,Tỉnh Nghệ An,17077,Xã Mường Ham,XÃ,Mường Ham,01/07/2025,https://danhmuchanhchinh.nso.gov.vn/Doi_Chieu_Moi.aspx
40,Tỉnh Nghệ An,17089,Xã Mường Chọng,XÃ,Mường Chọng,01/07/2025,https://danhmuchanhchinh.nso.gov.vn/Doi_Chieu_Moi.aspx
40,Tỉnh Nghệ An,17110,Phường Hoàng Mai,PHƯỜNG,Hoàng Mai,01/07/2025,https://danhmuchanhchinh.nso.gov.vn/Doi_Chieu_Moi.aspx
40,Tỉnh Nghệ An,17125,Phường Quỳnh Mai,PHƯỜNG,Quỳnh Mai,01/07/2025,https://danhmuchanhchinh.nso.gov.vn/Doi_Chieu_Moi.aspx
40,Tỉnh Nghệ An,17128,Phường Tân Mai,PHƯỜNG,Tân Mai,01/07/2025,https://danhmuchanhchinh.nso.gov.vn/Doi_Chieu_Moi.aspx
40,Tỉnh Nghệ An,17143,Xã Quỳnh Văn,XÃ,Quỳnh Văn,01/07/2025,https://danhmuchanhchinh.nso.gov.vn/Doi_Chieu_Moi.aspx
40,Tỉnh Nghệ An,17149,Xã Quỳnh Tam,XÃ,Quỳnh Tam,01/07/2025,https://danhmuchanhchinh.nso.gov.vn/Doi_Chieu_Moi.aspx
40,Tỉnh Nghệ An,17170,Xã Quỳnh Sơn,XÃ,Quỳnh Sơn,01/07/2025,https://danhmuchanhchinh.nso.gov.vn/Doi_Chieu_Moi.aspx
40,Tỉnh Nghệ An,17176,Xã Quỳnh Anh,XÃ,Quỳnh Anh,01/07/2025,https://danhmuchanhchinh.nso.gov.vn/Doi_Chieu_Moi.aspx
40,Tỉnh Nghệ An,17179,Xã Quỳnh Lưu,XÃ,Quỳnh Lưu,01/07/2025,https://danhmuchanhchinh.nso.gov.vn/Doi_Chieu_Moi.aspx
40,Tỉnh Nghệ An,17212,Xã Quỳnh Phú,XÃ,Quỳnh Phú,01/07/2025,https://danhmuchanhchinh.nso.gov.vn/Doi_Chieu_Moi.aspx
40,Tỉnh Nghệ An,17224,Xã Quỳnh Thắng,XÃ,Quỳnh Thắng,01/07/2025,https://danhmuchanhchinh.nso.gov.vn/Doi_Chieu_Moi.aspx
40,Tỉnh Nghệ An,17230,Xã Bình Chuẩn,XÃ,Bình Chuẩn,01/07/2025,https://danhmuchanhchinh.nso.gov.vn/Doi_Chieu_Moi.aspx
40,Tỉnh Nghệ An,17239,Xã Mậu Thạch,XÃ,Mậu Thạch,01/07/2025,https://danhmuchanhchinh.nso.gov.vn/Doi_Chieu_Moi.aspx
40,Tỉnh Nghệ An,17242,Xã Cam Phục,XÃ,Cam Phục,01/07/2025,https://danhmuchanhchinh.nso.gov.vn/Doi_Chieu_Moi.aspx
40,Tỉnh Nghệ An,17248,Xã Châu Khê,XÃ,Châu Khê,01/07/2025,https://danhmuchanhchinh.nso.gov.vn/Doi_Chieu_Moi.aspx
40,Tỉnh Nghệ An,17254,Xã Con Cuông,XÃ,Con Cuông,01/07/2025,https://danhmuchanhchinh.nso.gov.vn/Doi_Chieu_Moi.aspx
40,Tỉnh Nghệ An,17263,Xã Môn Sơn,XÃ,Môn Sơn,01/07/2025,https://danhmuchanhchinh.nso.gov.vn/Doi_Chieu_Moi.aspx
40,Tỉnh Nghệ An,17266,Xã Tân Kỳ,XÃ,Tân Kỳ,01/07/2025,https://danhmuchanhchinh.nso.gov.vn/Doi_Chieu_Moi.aspx
40,Tỉnh Nghệ An,17272,Xã Tân Phú,XÃ,Tân Phú,01/07/2025,https://danhmuchanhchinh.nso.gov.vn/Doi_Chieu_Moi.aspx
40,Tỉnh Nghệ An,17278,Xã Giai Xuân,XÃ,Giai Xuân,01/07/2025,https://danhmuchanhchinh.nso.gov.vn/Doi_Chieu_Moi.aspx
40,Tỉnh Nghệ An,17284,Xã Nghĩa Đồng,XÃ,Nghĩa Đồng,01/07/2025,https://danhmuchanhchinh.nso.gov.vn/Doi_Chieu_Moi.aspx
40,Tỉnh Nghệ An,17287,Xã Tiên Đồng,XÃ,Tiên Đồng,01/07/2025,https://danhmuchanhchinh.nso.gov.vn/Doi_Chieu_Moi.aspx
40,Tỉnh Nghệ An,17305,Xã Tân An,XÃ,Tân An,01/07/2025,https://danhmuchanhchinh.nso.gov.vn/Doi_Chieu_Moi.aspx
40,Tỉnh Nghệ An,17326,Xã Nghĩa Hành,XÃ,Nghĩa Hành,01/07/2025,https://danhmuchanhchinh.nso.gov.vn/Doi_Chieu_Moi.aspx
40,Tỉnh Nghệ An,17329,Xã Anh Sơn,XÃ,Anh Sơn,01/07/2025,https://danhmuchanhchinh.nso.gov.vn/Doi_Chieu_Moi.aspx
40,Tỉnh Nghệ An,17335,Xã Thành Bình Thọ,XÃ,Thành Bình Thọ,01/07/2025,https://danhmuchanhchinh.nso.gov.vn/Doi_Chieu_Moi.aspx
40,Tỉnh Nghệ An,17344,Xã Nhân Hòa,XÃ,Nhân Hòa,01/07/2025,https://danhmuchanhchinh.nso.gov.vn/Doi_Chieu_Moi.aspx
40,Tỉnh Nghệ An,17357,Xã Vĩnh Tường,XÃ,Vĩnh Tường,01/07/2025,https://danhmuchanhchinh.nso.gov.vn/Doi_Chieu_Moi.aspx
40,Tỉnh Nghệ An,17365,Xã Anh Sơn Đông,XÃ,Anh Sơn Đông,01/07/2025,https://danhmuchanhchinh.nso.gov.vn/Doi_Chieu_Moi.aspx
40,Tỉnh Nghệ An,17380,Xã Yên Xuân,XÃ,Yên Xuân,01/07/2025,https://danhmuchanhchinh.nso.gov.vn/Doi_Chieu_Moi.aspx
40,Tỉnh Nghệ An,17395,Xã Hùng Châu,XÃ,Hùng Châu,01/07/2025,https://danhmuchanhchinh.nso.gov.vn/Doi_Chieu_Moi.aspx
40,Tỉnh Nghệ An,17416,Xã Đức Châu,XÃ,Đức Châu,01/07/2025,https://danhmuchanhchinh.nso.gov.vn/Doi_Chieu_Moi.aspx
40,Tỉnh Nghệ An,17419,Xã Hải Châu,XÃ,Hải Châu,01/07/2025,https://danhmuchanhchinh.nso.gov.vn/Doi_Chieu_Moi.aspx
40,Tỉnh Nghệ An,17443,Xã Quảng Châu,XÃ,Quảng Châu,01/07/2025,https://danhmuchanhchinh.nso.gov.vn/Doi_Chieu_Moi.aspx
40,Tỉnh Nghệ An,17464,Xã Diễn Châu,XÃ,Diễn Châu,01/07/2025,https://danhmuchanhchinh.nso.gov.vn/Doi_Chieu_Moi.aspx
40,Tỉnh Nghệ An,17476,Xã Minh Châu,XÃ,Minh Châu,01/07/2025,https://danhmuchanhchinh.nso.gov.vn/Doi_Chieu_Moi.aspx
40,Tỉnh Nghệ An,17479,Xã An Châu,XÃ,An Châu,01/07/2025,https://danhmuchanhchinh.nso.gov.vn/Doi_Chieu_Moi.aspx
40,Tỉnh Nghệ An,17488,Xã Tân Châu,XÃ,Tân Châu,01/07/2025,https://danhmuchanhchinh.nso.gov.vn/Doi_Chieu_Moi.aspx
40,Tỉnh Nghệ An,17506,Xã Yên Thành,XÃ,Yên Thành,01/07/2025,https://danhmuchanhchinh.nso.gov.vn/Doi_Chieu_Moi.aspx
40,Tỉnh Nghệ An,17515,Xã Bình Minh,XÃ,Bình Minh,01/07/2025,https://danhmuchanhchinh.nso.gov.vn/Doi_Chieu_Moi.aspx
40,Tỉnh Nghệ An,17521,Xã Quang Đồng,XÃ,Quang Đồng,01/07/2025,https://danhmuchanhchinh.nso.gov.vn/Doi_Chieu_Moi.aspx
40,Tỉnh Nghệ An,17524,Xã Giai Lạc,XÃ,Giai Lạc,01/07/2025,https://danhmuchanhchinh.nso.gov.vn/Doi_Chieu_Moi.aspx
40,Tỉnh Nghệ An,17530,Xã Đông Thành,XÃ,Đông Thành,01/07/2025,https://danhmuchanhchinh.nso.gov.vn/Doi_Chieu_Moi.aspx
40,Tỉnh Nghệ An,17560,Xã Vân Du,XÃ,Vân Du,01/07/2025,https://danhmuchanhchinh.nso.gov.vn/Doi_Chieu_Moi.aspx
40,Tỉnh Nghệ An,17569,Xã Quan Thành,XÃ,Quan Thành,01/07/2025,https://danhmuchanhchinh.nso.gov.vn/Doi_Chieu_Moi.aspx
40,Tỉnh Nghệ An,17605,Xã Hợp Minh,XÃ,Hợp Minh,01/07/2025,https://danhmuchanhchinh.nso.gov.vn/Doi_Chieu_Moi.aspx
40,Tỉnh Nghệ An,17611,Xã Vân Tụ,XÃ,Vân Tụ,01/07/2025,https://danhmuchanhchinh.nso.gov.vn/Doi_Chieu_Moi.aspx
40,Tỉnh Nghệ An,17623,Xã Bạch Ngọc,XÃ,Bạch Ngọc,01/07/2025,https://danhmuchanhchinh.nso.gov.vn/Doi_Chieu_Moi.aspx
40,Tỉnh Nghệ An,17641,Xã Lương Sơn,XÃ,Lương Sơn,01/07/2025,https://danhmuchanhchinh.nso.gov.vn/Doi_Chieu_Moi.aspx
40,Tỉnh Nghệ An,17662,Xã Đô Lương,XÃ,Đô Lương,01/07/2025,https://danhmuchanhchinh.nso.gov.vn/Doi_Chieu_Moi.aspx
40,Tỉnh Nghệ An,17677,Xã Văn Hiến,XÃ,Văn Hiến,01/07/2025,https://danhmuchanhchinh.nso.gov.vn/Doi_Chieu_Moi.aspx
40,Tỉnh Nghệ An,17689,Xã Thuần Trung,XÃ,Thuần Trung,01/07/2025,https://danhmuchanhchinh.nso.gov.vn/Doi_Chieu_Moi.aspx
40,Tỉnh Nghệ An,17707,Xã Bạch Hà,XÃ,Bạch Hà,01/07/2025,https://danhmuchanhchinh.nso.gov.vn/Doi_Chieu_Moi.aspx
40,Tỉnh Nghệ An,17713,Xã Đại Đồng,XÃ,Đại Đồng,01/07/2025,https://danhmuchanhchinh.nso.gov.vn/Doi_Chieu_Moi.aspx
40,Tỉnh Nghệ An,17722,Xã Hạnh Lâm,XÃ,Hạnh Lâm,01/07/2025,https://danhmuchanhchinh.nso.gov.vn/Doi_Chieu_Moi.aspx
40,Tỉnh Nghệ An,17728,Xã Cát Ngạn,XÃ,Cát Ngạn,01/07/2025,https://danhmuchanhchinh.nso.gov.vn/Doi_Chieu_Moi.aspx
40,Tỉnh Nghệ An,17743,Xã Tam Đồng,XÃ,Tam Đồng,01/07/2025,https://danhmuchanhchinh.nso.gov.vn/Doi_Chieu_Moi.aspx
40,Tỉnh Nghệ An,17759,Xã Sơn Lâm,XÃ,Sơn Lâm,01/07/2025,https://danhmuchanhchinh.nso.gov.vn/Doi_Chieu_Moi.aspx
40,Tỉnh Nghệ An,17770,Xã Hoa Quân,XÃ,Hoa Quân,01/07/2025,https://danhmuchanhchinh.nso.gov.vn/Doi_Chieu_Moi.aspx
40,Tỉnh Nghệ An,17779,Xã Xuân Lâm,XÃ,Xuân Lâm,01/07/2025,https://danhmuchanhchinh.nso.gov.vn/Doi_Chieu_Moi.aspx
40,Tỉnh Nghệ An,17791,Xã Kim Bảng,XÃ,Kim Bảng,01/07/2025,https://danhmuchanhchinh.nso.gov.vn/Doi_Chieu_Moi.aspx
40,Tỉnh Nghệ An,17818,Xã Bích Hào,XÃ,Bích Hào,01/07/2025,https://danhmuchanhchinh.nso.gov.vn/Doi_Chieu_Moi.aspx
40,Tỉnh Nghệ An,17827,Xã Nghi Lộc,XÃ,Nghi Lộc,01/07/2025,https://danhmuchanhchinh.nso.gov.vn/Doi_Chieu_Moi.aspx
40,Tỉnh Nghệ An,17833,Xã Hải Lộc,XÃ,Hải Lộc,01/07/2025,https://danhmuchanhchinh.nso.gov.vn/Doi_Chieu_Moi.aspx
40,Tỉnh Nghệ An,17842,Xã Thần Lĩnh,XÃ,Thần Lĩnh,01/07/2025,https://danhmuchanhchinh.nso.gov.vn/Doi_Chieu_Moi.aspx
40,Tỉnh Nghệ An,17854,Xã Văn Kiều,XÃ,Văn Kiều,01/07/2025,https://danhmuchanhchinh.nso.gov.vn/Doi_Chieu_Moi.aspx
40,Tỉnh Nghệ An,17857,Xã Phúc Lộc,XÃ,Phúc Lộc,01/07/2025,https://danhmuchanhchinh.nso.gov.vn/Doi_Chieu_Moi.aspx
40,Tỉnh Nghệ An,17866,Xã Trung Lộc,XÃ,Trung Lộc,01/07/2025,https://danhmuchanhchinh.nso.gov.vn/Doi_Chieu_Moi.aspx
40,Tỉnh Nghệ An,17878,Xã Đông Lộc,XÃ,Đông Lộc,01/07/2025,https://danhmuchanhchinh.nso.gov.vn/Doi_Chieu_Moi.aspx
40,Tỉnh Nghệ An,17920,Phường Vinh Hưng,PHƯỜNG,Vinh Hưng,01/07/2025,https://danhmuchanhchinh.nso.gov.vn/Doi_Chieu_Moi.aspx
40,Tỉnh Nghệ An,17935,Xã Nam Đàn,XÃ,Nam Đàn,01/07/2025,https://danhmuchanhchinh.nso.gov.vn/Doi_Chieu_Moi.aspx
40,Tỉnh Nghệ An,17944,Xã Đại Huệ,XÃ,Đại Huệ,01/07/2025,https://danhmuchanhchinh.nso.gov.vn/Doi_Chieu_Moi.aspx
40,Tỉnh Nghệ An,17950,Xã Vạn An,XÃ,Vạn An,01/07/2025,https://danhmuchanhchinh.nso.gov.vn/Doi_Chieu_Moi.aspx
40,Tỉnh Nghệ An,17971,Xã Kim Liên,XÃ,Kim Liên,01/07/2025,https://danhmuchanhchinh.nso.gov.vn/Doi_Chieu_Moi.aspx
40,Tỉnh Nghệ An,17989,Xã Thiên Nhẫn,XÃ,Thiên Nhẫn,01/07/2025,https://danhmuchanhchinh.nso.gov.vn/Doi_Chieu_Moi.aspx
40,Tỉnh Nghệ An,18001,Xã Hưng Nguyên,XÃ,Hưng Nguyên,01/07/2025,https://danhmuchanhchinh.nso.gov.vn/Doi_Chieu_Moi.aspx
40,Tỉnh Nghệ An,18007,Xã Yên Trung,XÃ,Yên Trung,01/07/2025,https://danhmuchanhchinh.nso.gov.vn/Doi_Chieu_Moi.aspx
40,Tỉnh Nghệ An,18028,Xã Hưng Nguyên Nam,XÃ,Hưng Nguyên Nam,01/07/2025,https://danhmuchanhchinh.nso.gov.vn/Doi_Chieu_Moi.aspx
40,Tỉnh Nghệ An,18040,Xã Lam Thành,XÃ,Lam Thành,01/07/2025,https://danhmuchanhchinh.nso.gov.vn/Doi_Chieu_Moi.aspx
42,Tỉnh Hà Tĩnh,18073,Phường Thành Sen,PHƯỜNG,Thành Sen,01/07/2025,https://danhmuchanhchinh.nso.gov.vn/Doi_Chieu_Moi.aspx
42,Tỉnh Hà Tĩnh,18100,Phường Trần Phú,PHƯỜNG,Trần Phú,01/07/2025,https://danhmuchanhchinh.nso.gov.vn/Doi_Chieu_Moi.aspx
42,Tỉnh Hà Tĩnh,18115,Phường Bắc Hồng Lĩnh,PHƯỜNG,Bắc Hồng Lĩnh,01/07/2025,https://danhmuchanhchinh.nso.gov.vn/Doi_Chieu_Moi.aspx
42,Tỉnh Hà Tĩnh,18118,Phường Nam Hồng Lĩnh,PHƯỜNG,Nam Hồng Lĩnh,01/07/2025,https://danhmuchanhchinh.nso.gov.vn/Doi_Chieu_Moi.aspx
42,Tỉnh Hà Tĩnh,18133,Xã Hương Sơn,XÃ,Hương Sơn,01/07/2025,https://danhmuchanhchinh.nso.gov.vn/Doi_Chieu_Moi.aspx
42,Tỉnh Hà Tĩnh,18160,Xã Sơn Hồng,XÃ,Sơn Hồng,01/07/2025,https://danhmuchanhchinh.nso.gov.vn/Doi_Chieu_Moi.aspx
42,Tỉnh Hà Tĩnh,18163,Xã Sơn Tiến,XÃ,Sơn Tiến,01/07/2025,https://danhmuchanhchinh.nso.gov.vn/Doi_Chieu_Moi.aspx
42,Tỉnh Hà Tĩnh,18172,Xã Sơn Tây,XÃ,Sơn Tây,01/07/2025,https://danhmuchanhchinh.nso.gov.vn/Doi_Chieu_Moi.aspx
42,Tỉnh Hà Tĩnh,18184,Xã Sơn Giang,XÃ,Sơn Giang,01/07/2025,https://danhmuchanhchinh.nso.gov.vn/Doi_Chieu_Moi.aspx
42,Tỉnh Hà Tĩnh,18196,Xã Sơn Kim 1,XÃ,Sơn Kim 1,01/07/2025,https://danhmuchanhchinh.nso.gov.vn/Doi_Chieu_Moi.aspx
42,Tỉnh Hà Tĩnh,18199,Xã Sơn Kim 2,XÃ,Sơn Kim 2,01/07/2025,https://danhmuchanhchinh.nso.gov.vn/Doi_Chieu_Moi.aspx
42,Tỉnh Hà Tĩnh,18202,Xã Tứ Mỹ,XÃ,Tứ Mỹ,01/07/2025,https://danhmuchanhchinh.nso.gov.vn/Doi_Chieu_Moi.aspx
42,Tỉnh Hà Tĩnh,18223,Xã Kim Hoa,XÃ,Kim Hoa,01/07/2025,https://danhmuchanhchinh.nso.gov.vn/Doi_Chieu_Moi.aspx
42,Tỉnh Hà Tĩnh,18229,Xã Đức Thọ,XÃ,Đức Thọ,01/07/2025,https://danhmuchanhchinh.nso.gov.vn/Doi_Chieu_Moi.aspx
42,Tỉnh Hà Tĩnh,18244,Xã Đức Minh,XÃ,Đức Minh,01/07/2025,https://danhmuchanhchinh.nso.gov.vn/Doi_Chieu_Moi.aspx
42,Tỉnh Hà Tĩnh,18262,Xã Đức Quang,XÃ,Đức Quang,01/07/2025,https://danhmuchanhchinh.nso.gov.vn/Doi_Chieu_Moi.aspx
42,Tỉnh Hà Tĩnh,18277,Xã Đức Thịnh,XÃ,Đức Thịnh,01/07/2025,https://danhmuchanhchinh.nso.gov.vn/Doi_Chieu_Moi.aspx
42,Tỉnh Hà Tĩnh,18304,Xã Đức Đồng,XÃ,Đức Đồng,01/07/2025,https://danhmuchanhchinh.nso.gov.vn/Doi_Chieu_Moi.aspx
42,Tỉnh Hà Tĩnh,18313,Xã Vũ Quang,XÃ,Vũ Quang,01/07/2025,https://danhmuchanhchinh.nso.gov.vn/Doi_Chieu_Moi.aspx
42,Tỉnh Hà Tĩnh,18322,Xã Mai Hoa,XÃ,Mai Hoa,01/07/2025,https://danhmuchanhchinh.nso.gov.vn/Doi_Chieu_Moi.aspx
42,Tỉnh Hà Tĩnh,18328,Xã Thượng Đức,XÃ,Thượng Đức,01/07/2025,https://danhmuchanhchinh.nso.gov.vn/Doi_Chieu_Moi.aspx
42,Tỉnh Hà Tĩnh,18352,Xã Nghi Xuân,XÃ,Nghi Xuân,01/07/2025,https://danhmuchanhchinh.nso.gov.vn/Doi_Chieu_Moi.aspx
42,Tỉnh Hà Tĩnh,18364,Xã Đan Hải,XÃ,Đan Hải,01/07/2025,https://danhmuchanhchinh.nso.gov.vn/Doi_Chieu_Moi.aspx
42,Tỉnh Hà Tĩnh,18373,Xã Tiên Điền,XÃ,Tiên Điền,01/07/2025,https://danhmuchanhchinh.nso.gov.vn/Doi_Chieu_Moi.aspx
42,Tỉnh Hà Tĩnh,18394,Xã Cổ Đạm,XÃ,Cổ Đạm,01/07/2025,https://danhmuchanhchinh.nso.gov.vn/Doi_Chieu_Moi.aspx
42,Tỉnh Hà Tĩnh,18406,Xã Can Lộc,XÃ,Can Lộc,01/07/2025,https://danhmuchanhchinh.nso.gov.vn/Doi_Chieu_Moi.aspx
42,Tỉnh Hà Tĩnh,18409,Xã Hồng Lộc,XÃ,Hồng Lộc,01/07/2025,https://danhmuchanhchinh.nso.gov.vn/Doi_Chieu_Moi.aspx
42,Tỉnh Hà Tĩnh,18418,Xã Tùng Lộc,XÃ,Tùng Lộc,01/07/2025,https://danhmuchanhchinh.nso.gov.vn/Doi_Chieu_Moi.aspx
42,Tỉnh Hà Tĩnh,18436,Xã Trường Lưu,XÃ,Trường Lưu,01/07/2025,https://danhmuchanhchinh.nso.gov.vn/Doi_Chieu_Moi.aspx
42,Tỉnh Hà Tĩnh,18466,Xã Gia Hanh,XÃ,Gia Hanh,01/07/2025,https://danhmuchanhchinh.nso.gov.vn/Doi_Chieu_Moi.aspx
42,Tỉnh Hà Tĩnh,18481,Xã Xuân Lộc,XÃ,Xuân Lộc,01/07/2025,https://danhmuchanhchinh.nso.gov.vn/Doi_Chieu_Moi.aspx
42,Tỉnh Hà Tĩnh,18484,Xã Đồng Lộc,XÃ,Đồng Lộc,01/07/2025,https://danhmuchanhchinh.nso.gov.vn/Doi_Chieu_Moi.aspx
42,Tỉnh Hà Tĩnh,18496,Xã Hương Khê,XÃ,Hương Khê,01/07/2025,https://danhmuchanhchinh.nso.gov.vn/Doi_Chieu_Moi.aspx
42,Tỉnh Hà Tĩnh,18502,Xã Hà Linh,XÃ,Hà Linh,01/07/2025,https://danhmuchanhchinh.nso.gov.vn/Doi_Chieu_Moi.aspx
42,Tỉnh Hà Tĩnh,18523,Xã Hương Bình,XÃ,Hương Bình,01/07/2025,https://danhmuchanhchinh.nso.gov.vn/Doi_Chieu_Moi.aspx
42,Tỉnh Hà Tĩnh,18532,Xã Hương Phố,XÃ,Hương Phố,01/07/2025,https://danhmuchanhchinh.nso.gov.vn/Doi_Chieu_Moi.aspx
42,Tỉnh Hà Tĩnh,18544,Xã Hương Xuân,XÃ,Hương Xuân,01/07/2025,https://danhmuchanhchinh.nso.gov.vn/Doi_Chieu_Moi.aspx
42,Tỉnh Hà Tĩnh,18547,Xã Phúc Trạch,XÃ,Phúc Trạch,01/07/2025,https://danhmuchanhchinh.nso.gov.vn/Doi_Chieu_Moi.aspx
42,Tỉnh Hà Tĩnh,18550,Xã Hương Đô,XÃ,Hương Đô,01/07/2025,https://danhmuchanhchinh.nso.gov.vn/Doi_Chieu_Moi.aspx
42,Tỉnh Hà Tĩnh,18562,Xã Thạch Hà,XÃ,Thạch Hà,01/07/2025,https://danhmuchanhchinh.nso.gov.vn/Doi_Chieu_Moi.aspx
42,Tỉnh Hà Tĩnh,18568,Xã Lộc Hà,XÃ,Lộc Hà,01/07/2025,https://danhmuchanhchinh.nso.gov.vn/Doi_Chieu_Moi.aspx
42,Tỉnh Hà Tĩnh,18583,Xã Mai Phụ,XÃ,Mai Phụ,01/07/2025,https://danhmuchanhchinh.nso.gov.vn/Doi_Chieu_Moi.aspx
42,Tỉnh Hà Tĩnh,18586,Xã Đông Kinh,XÃ,Đông Kinh,01/07/2025,https://danhmuchanhchinh.nso.gov.vn/Doi_Chieu_Moi.aspx
42,Tỉnh Hà Tĩnh,18601,Xã Việt Xuyên,XÃ,Việt Xuyên,01/07/2025,https://danhmuchanhchinh.nso.gov.vn/Doi_Chieu_Moi.aspx
42,Tỉnh Hà Tĩnh,18604,Xã Thạch Khê,XÃ,Thạch Khê,01/07/2025,https://danhmuchanhchinh.nso.gov.vn/Doi_Chieu_Moi.aspx
42,Tỉnh Hà Tĩnh,18619,Xã Đồng Tiến,XÃ,Đồng Tiến,01/07/2025,https://danhmuchanhchinh.nso.gov.vn/Doi_Chieu_Moi.aspx
42,Tỉnh Hà Tĩnh,18628,Xã Thạch Lạc,XÃ,Thạch Lạc,01/07/2025,https://danhmuchanhchinh.nso.gov.vn/Doi_Chieu_Moi.aspx
42,Tỉnh Hà Tĩnh,18634,Xã Toàn Lưu,XÃ,Toàn Lưu,01/07/2025,https://danhmuchanhchinh.nso.gov.vn/Doi_Chieu_Moi.aspx
42,Tỉnh Hà Tĩnh,18652,Phường Hà Huy Tập,PHƯỜNG,Hà Huy Tập,01/07/2025,https://danhmuchanhchinh.nso.gov.vn/Doi_Chieu_Moi.aspx
42,Tỉnh Hà Tĩnh,18667,Xã Thạch Xuân,XÃ,Thạch Xuân,01/07/2025,https://danhmuchanhchinh.nso.gov.vn/Doi_Chieu_Moi.aspx
42,Tỉnh Hà Tĩnh,18673,Xã Cẩm Xuyên,XÃ,Cẩm Xuyên,01/07/2025,https://danhmuchanhchinh.nso.gov.vn/Doi_Chieu_Moi.aspx
42,Tỉnh Hà Tĩnh,18676,Xã Thiên Cầm,XÃ,Thiên Cầm,01/07/2025,https://danhmuchanhchinh.nso.gov.vn/Doi_Chieu_Moi.aspx
42,Tỉnh Hà Tĩnh,18682,Xã Yên Hòa,XÃ,Yên Hòa,01/07/2025,https://danhmuchanhchinh.nso.gov.vn/Doi_Chieu_Moi.aspx
42,Tỉnh Hà Tĩnh,18685,Xã Cẩm Bình,XÃ,Cẩm Bình,01/07/2025,https://danhmuchanhchinh.nso.gov.vn/Doi_Chieu_Moi.aspx
42,Tỉnh Hà Tĩnh,18736,Xã Cẩm Hưng,XÃ,Cẩm Hưng,01/07/2025,https://danhmuchanhchinh.nso.gov.vn/Doi_Chieu_Moi.aspx
42,Tỉnh Hà Tĩnh,18739,Xã Cẩm Duệ,XÃ,Cẩm Duệ,01/07/2025,https://danhmuchanhchinh.nso.gov.vn/Doi_Chieu_Moi.aspx
42,Tỉnh Hà Tĩnh,18742,Xã Cẩm Trung,XÃ,Cẩm Trung,01/07/2025,https://danhmuchanhchinh.nso.gov.vn/Doi_Chieu_Moi.aspx
42,Tỉnh Hà Tĩnh,18748,Xã Cẩm Lạc,XÃ,Cẩm Lạc,01/07/2025,https://danhmuchanhchinh.nso.gov.vn/Doi_Chieu_Moi.aspx
42,Tỉnh Hà Tĩnh,18754,Phường Sông Trí,PHƯỜNG,Sông Trí,01/07/2025,https://danhmuchanhchinh.nso.gov.vn/Doi_Chieu_Moi.aspx
42,Tỉnh Hà Tĩnh,18766,Xã Kỳ Xuân,XÃ,Kỳ Xuân,01/07/2025,https://danhmuchanhchinh.nso.gov.vn/Doi_Chieu_Moi.aspx
42,Tỉnh Hà Tĩnh,18775,Xã Kỳ Anh,XÃ,Kỳ Anh,01/07/2025,https://danhmuchanhchinh.nso.gov.vn/Doi_Chieu_Moi.aspx
42,Tỉnh Hà Tĩnh,18781,Phường Hải Ninh,PHƯỜNG,Hải Ninh,01/07/2025,https://danhmuchanhchinh.nso.gov.vn/Doi_Chieu_Moi.aspx
42,Tỉnh Hà Tĩnh,18787,Xã Kỳ Văn,XÃ,Kỳ Văn,01/07/2025,https://danhmuchanhchinh.nso.gov.vn/Doi_Chieu_Moi.aspx
42,Tỉnh Hà Tĩnh,18790,Xã Kỳ Khang,XÃ,Kỳ Khang,01/07/2025,https://danhmuchanhchinh.nso.gov.vn/Doi_Chieu_Moi.aspx
42,Tỉnh Hà Tĩnh,18814,Xã Kỳ Hoa,XÃ,Kỳ Hoa,01/07/2025,https://danhmuchanhchinh.nso.gov.vn/Doi_Chieu_Moi.aspx
42,Tỉnh Hà Tĩnh,18823,Phường Vũng Áng,PHƯỜNG,Vũng Áng,01/07/2025,https://danhmuchanhchinh.nso.gov.vn/Doi_Chieu_Moi.aspx
42,Tỉnh Hà Tĩnh,18832,Phường Hoành Sơn,PHƯỜNG,Hoành Sơn,01/07/2025,https://danhmuchanhchinh.nso.gov.vn/Doi_Chieu_Moi.aspx
42,Tỉnh Hà Tĩnh,18838,Xã Kỳ Lạc,XÃ,Kỳ Lạc,01/07/2025,https://danhmuchanhchinh.nso.gov.vn/Doi_Chieu_Moi.aspx
42,Tỉnh Hà Tĩnh,18844,Xã Kỳ Thượng,XÃ,Kỳ Thượng,01/07/2025,https://danhmuchanhchinh.nso.gov.vn/Doi_Chieu_Moi.aspx
44,Tỉnh Quảng Trị,18859,Phường Đồng Thuận,PHƯỜNG,Đồng Thuận,01/07/2025,https://danhmuchanhchinh.nso.gov.vn/Doi_Chieu_Moi.aspx
44,Tỉnh Quảng Trị,18871,Phường Đồng Sơn,PHƯỜNG,Đồng Sơn,01/07/2025,https://danhmuchanhchinh.nso.gov.vn/Doi_Chieu_Moi.aspx
44,Tỉnh Quảng Trị,18880,Phường Đồng Hới,PHƯỜNG,Đồng Hới,01/07/2025,https://danhmuchanhchinh.nso.gov.vn/Doi_Chieu_Moi.aspx
44,Tỉnh Quảng Trị,18901,Xã Minh Hóa,XÃ,Minh Hóa,01/07/2025,https://danhmuchanhchinh.nso.gov.vn/Doi_Chieu_Moi.aspx
44,Tỉnh Quảng Trị,18904,Xã Dân Hóa,XÃ,Dân Hóa,01/07/2025,https://danhmuchanhchinh.nso.gov.vn/Doi_Chieu_Moi.aspx
44,Tỉnh Quảng Trị,18919,Xã Tân Thành,XÃ,Tân Thành,01/07/2025,https://danhmuchanhchinh.nso.gov.vn/Doi_Chieu_Moi.aspx
44,Tỉnh Quảng Trị,18922,Xã Kim Điền,XÃ,Kim Điền,01/07/2025,https://danhmuchanhchinh.nso.gov.vn/Doi_Chieu_Moi.aspx
44,Tỉnh Quảng Trị,18943,Xã Kim Phú,XÃ,Kim Phú,01/07/2025,https://danhmuchanhchinh.nso.gov.vn/Doi_Chieu_Moi.aspx
44,Tỉnh Quảng Trị,18949,Xã Đồng Lê,XÃ,Đồng Lê,01/07/2025,https://danhmuchanhchinh.nso.gov.vn/Doi_Chieu_Moi.aspx
44,Tỉnh Quảng Trị,18952,Xã Tuyên Sơn,XÃ,Tuyên Sơn,01/07/2025,https://danhmuchanhchinh.nso.gov.vn/Doi_Chieu_Moi.aspx
44,Tỉnh Quảng Trị,18958,Xã Tuyên Lâm,XÃ,Tuyên Lâm,01/07/2025,https://danhmuchanhchinh.nso.gov.vn/Doi_Chieu_Moi.aspx
44,Tỉnh Quảng Trị,18985,Xã Tuyên Phú,XÃ,Tuyên Phú,01/07/2025,https://danhmuchanhchinh.nso.gov.vn/Doi_Chieu_Moi.aspx
44,Tỉnh Quảng Trị,18991,Xã Tuyên Bình,XÃ,Tuyên Bình,01/07/2025,https://danhmuchanhchinh.nso.gov.vn/Doi_Chieu_Moi.aspx
44,Tỉnh Quảng Trị,18997,Xã Tuyên Hóa,XÃ,Tuyên Hóa,01/07/2025,https://danhmuchanhchinh.nso.gov.vn/Doi_Chieu_Moi.aspx
44,Tỉnh Quảng Trị,19009,Phường Ba Đồn,PHƯỜNG,Ba Đồn,01/07/2025,https://danhmuchanhchinh.nso.gov.vn/Doi_Chieu_Moi.aspx
44,Tỉnh Quảng Trị,19021,Xã Phú Trạch,XÃ,Phú Trạch,01/07/2025,https://danhmuchanhchinh.nso.gov.vn/Doi_Chieu_Moi.aspx
44,Tỉnh Quảng Trị,19030,Xã Trung Thuần,XÃ,Trung Thuần,01/07/2025,https://danhmuchanhchinh.nso.gov.vn/Doi_Chieu_Moi.aspx
44,Tỉnh Quảng Trị,19033,Xã Hòa Trạch,XÃ,Hòa Trạch,01/07/2025,https://danhmuchanhchinh.nso.gov.vn/Doi_Chieu_Moi.aspx
44,Tỉnh Quảng Trị,19051,Xã Tân Gianh,XÃ,Tân Gianh,01/07/2025,https://danhmuchanhchinh.nso.gov.vn/Doi_Chieu_Moi.aspx
44,Tỉnh Quảng Trị,19057,Xã Quảng Trạch,XÃ,Quảng Trạch,01/07/2025,https://danhmuchanhchinh.nso.gov.vn/Doi_Chieu_Moi.aspx
44,Tỉnh Quảng Trị,19066,Phường Bắc Gianh,PHƯỜNG,Bắc Gianh,01/07/2025,https://danhmuchanhchinh.nso.gov.vn/Doi_Chieu_Moi.aspx
44,Tỉnh Quảng Trị,19075,Xã Nam Ba Đồn,XÃ,Nam Ba Đồn,01/07/2025,https://danhmuchanhchinh.nso.gov.vn/Doi_Chieu_Moi.aspx
44,Tỉnh Quảng Trị,19093,Xã Nam Gianh,XÃ,Nam Gianh,01/07/2025,https://danhmuchanhchinh.nso.gov.vn/Doi_Chieu_Moi.aspx
44,Tỉnh Quảng Trị,19111,Xã Hoàn Lão,XÃ,Hoàn Lão,01/07/2025,https://danhmuchanhchinh.nso.gov.vn/Doi_Chieu_Moi.aspx
44,Tỉnh Quảng Trị,19126,Xã Bắc Trạch,XÃ,Bắc Trạch,01/07/2025,https://danhmuchanhchinh.nso.gov.vn/Doi_Chieu_Moi.aspx
44,Tỉnh Quảng Trị,19138,Xã Phong Nha,XÃ,Phong Nha,01/07/2025,https://danhmuchanhchinh.nso.gov.vn/Doi_Chieu_Moi.aspx
44,Tỉnh Quảng Trị,19141,Xã Bố Trạch,XÃ,Bố Trạch,01/07/2025,https://danhmuchanhchinh.nso.gov.vn/Doi_Chieu_Moi.aspx
44,Tỉnh Quảng Trị,19147,Xã Thượng Trạch,XÃ,Thượng Trạch,01/07/2025,https://danhmuchanhchinh.nso.gov.vn/Doi_Chieu_Moi.aspx
44,Tỉnh Quảng Trị,19159,Xã Đông Trạch,XÃ,Đông Trạch,01/07/2025,https://danhmuchanhchinh.nso.gov.vn/Doi_Chieu_Moi.aspx
44,Tỉnh Quảng Trị,19198,Xã Nam Trạch,XÃ,Nam Trạch,01/07/2025,https://danhmuchanhchinh.nso.gov.vn/Doi_Chieu_Moi.aspx
44,Tỉnh Quảng Trị,19204,Xã Trường Sơn,XÃ,Trường Sơn,01/07/2025,https://danhmuchanhchinh.nso.gov.vn/Doi_Chieu_Moi.aspx
44,Tỉnh Quảng Trị,19207,Xã Quảng Ninh,XÃ,Quảng Ninh,01/07/2025,https://danhmuchanhchinh.nso.gov.vn/Doi_Chieu_Moi.aspx
44,Tỉnh Quảng Trị,19225,Xã Ninh Châu,XÃ,Ninh Châu,01/07/2025,https://danhmuchanhchinh.nso.gov.vn/Doi_Chieu_Moi.aspx
44,Tỉnh Quảng Trị,19237,Xã Trường Ninh,XÃ,Trường Ninh,01/07/2025,https://danhmuchanhchinh.nso.gov.vn/Doi_Chieu_Moi.aspx
44,Tỉnh Quảng Trị,19246,Xã Lệ Ninh,XÃ,Lệ Ninh,01/07/2025,https://danhmuchanhchinh.nso.gov.vn/Doi_Chieu_Moi.aspx
44,Tỉnh Quảng Trị,19249,Xã Lệ Thủy,XÃ,Lệ Thủy,01/07/2025,https://danhmuchanhchinh.nso.gov.vn/Doi_Chieu_Moi.aspx
44,Tỉnh Quảng Trị,19255,Xã Cam Hồng,XÃ,Cam Hồng,01/07/2025,https://danhmuchanhchinh.nso.gov.vn/Doi_Chieu_Moi.aspx
44,Tỉnh Quảng Trị,19288,Xã Sen Ngư,XÃ,Sen Ngư,01/07/2025,https://danhmuchanhchinh.nso.gov.vn/Doi_Chieu_Moi.aspx
44,Tỉnh Quảng Trị,19291,Xã Tân Mỹ,XÃ,Tân Mỹ,01/07/2025,https://danhmuchanhchinh.nso.gov.vn/Doi_Chieu_Moi.aspx
44,Tỉnh Quảng Trị,19309,Xã Trường Phú,XÃ,Trường Phú,01/07/2025,https://danhmuchanhchinh.nso.gov.vn/Doi_Chieu_Moi.aspx
44,Tỉnh Quảng Trị,19318,Xã Kim Ngân,XÃ,Kim Ngân,01/07/2025,https://danhmuchanhchinh.nso.gov.vn/Doi_Chieu_Moi.aspx
44,Tỉnh Quảng Trị,19333,Phường Đông Hà,PHƯỜNG,Đông Hà,01/07/2025,https://danhmuchanhchinh.nso.gov.vn/Doi_Chieu_Moi.aspx
44,Tỉnh Quảng Trị,19351,Phường Nam Đông Hà,PHƯỜNG,Nam Đông Hà,01/07/2025,https://danhmuchanhchinh.nso.gov.vn/Doi_Chieu_Moi.aspx
44,Tỉnh Quảng Trị,19360,Phường Quảng Trị,PHƯỜNG,Quảng Trị,01/07/2025,https://danhmuchanhchinh.nso.gov.vn/Doi_Chieu_Moi.aspx
44,Tỉnh Quảng Trị,19363,Xã Vĩnh Linh,XÃ,Vĩnh Linh,01/07/2025,https://danhmuchanhchinh.nso.gov.vn/Doi_Chieu_Moi.aspx
44,Tỉnh Quảng Trị,19366,Xã Bến Quan,XÃ,Bến Quan,01/07/2025,https://danhmuchanhchinh.nso.gov.vn/Doi_Chieu_Moi.aspx
44,Tỉnh Quảng Trị,19372,Xã Vĩnh Hoàng,XÃ,Vĩnh Hoàng,01/07/2025,https://danhmuchanhchinh.nso.gov.vn/Doi_Chieu_Moi.aspx
44,Tỉnh Quảng Trị,19405,Xã Vĩnh Thủy,XÃ,Vĩnh Thủy,01/07/2025,https://danhmuchanhchinh.nso.gov.vn/Doi_Chieu_Moi.aspx
44,Tỉnh Quảng Trị,19414,Xã Cửa Tùng,XÃ,Cửa Tùng,01/07/2025,https://danhmuchanhchinh.nso.gov.vn/Doi_Chieu_Moi.aspx
44,Tỉnh Quảng Trị,19429,Xã Khe Sanh,XÃ,Khe Sanh,01/07/2025,https://danhmuchanhchinh.nso.gov.vn/Doi_Chieu_Moi.aspx
44,Tỉnh Quảng Trị,19432,Xã Lao Bảo,XÃ,Lao Bảo,01/07/2025,https://danhmuchanhchinh.nso.gov.vn/Doi_Chieu_Moi.aspx
44,Tỉnh Quảng Trị,19435,Xã Hướng Lập,XÃ,Hướng Lập,01/07/2025,https://danhmuchanhchinh.nso.gov.vn/Doi_Chieu_Moi.aspx
44,Tỉnh Quảng Trị,19441,Xã Hướng Phùng,XÃ,Hướng Phùng,01/07/2025,https://danhmuchanhchinh.nso.gov.vn/Doi_Chieu_Moi.aspx
44,Tỉnh Quảng Trị,19462,Xã Tân Lập,XÃ,Tân Lập,01/07/2025,https://danhmuchanhchinh.nso.gov.vn/Doi_Chieu_Moi.aspx
44,Tỉnh Quảng Trị,19483,Xã A Dơi,XÃ,A Dơi,01/07/2025,https://danhmuchanhchinh.nso.gov.vn/Doi_Chieu_Moi.aspx
44,Tỉnh Quảng Trị,19489,Xã Lìa,XÃ,Lìa,01/07/2025,https://danhmuchanhchinh.nso.gov.vn/Doi_Chieu_Moi.aspx
44,Tỉnh Quảng Trị,19495,Xã Gio Linh,XÃ,Gio Linh,01/07/2025,https://danhmuchanhchinh.nso.gov.vn/Doi_Chieu_Moi.aspx
44,Tỉnh Quảng Trị,19496,Xã Cửa Việt,XÃ,Cửa Việt,01/07/2025,https://danhmuchanhchinh.nso.gov.vn/Doi_Chieu_Moi.aspx
44,Tỉnh Quảng Trị,19501,Xã Bến Hải,XÃ,Bến Hải,01/07/2025,https://danhmuchanhchinh.nso.gov.vn/Doi_Chieu_Moi.aspx
44,Tỉnh Quảng Trị,19537,Xã Cồn Tiên,XÃ,Cồn Tiên,01/07/2025,https://danhmuchanhchinh.nso.gov.vn/Doi_Chieu_Moi.aspx
44,Tỉnh Quảng Trị,19555,Xã Hướng Hiệp,XÃ,Hướng Hiệp,01/07/2025,https://danhmuchanhchinh.nso.gov.vn/Doi_Chieu_Moi.aspx
44,Tỉnh Quảng Trị,19564,Xã Đakrông,XÃ,Đakrông,01/07/2025,https://danhmuchanhchinh.nso.gov.vn/Doi_Chieu_Moi.aspx
44,Tỉnh Quảng Trị,19567,Xã Ba Lòng,XÃ,Ba Lòng,01/07/2025,https://danhmuchanhchinh.nso.gov.vn/Doi_Chieu_Moi.aspx
44,Tỉnh Quảng Trị,19588,Xã Tà Rụt,XÃ,Tà Rụt,01/07/2025,https://danhmuchanhchinh.nso.gov.vn/Doi_Chieu_Moi.aspx
44,Tỉnh Quảng Trị,19594,Xã La Lay,XÃ,La Lay,01/07/2025,https://danhmuchanhchinh.nso.gov.vn/Doi_Chieu_Moi.aspx
44,Tỉnh Quảng Trị,19597,Xã Cam Lộ,XÃ,Cam Lộ,01/07/2025,https://danhmuchanhchinh.nso.gov.vn/Doi_Chieu_Moi.aspx
44,Tỉnh Quảng Trị,19603,Xã Hiếu Giang,XÃ,Hiếu Giang,01/07/2025,https://danhmuchanhchinh.nso.gov.vn/Doi_Chieu_Moi.aspx
44,Tỉnh Quảng Trị,19624,Xã Triệu Phong,XÃ,Triệu Phong,01/07/2025,https://danhmuchanhchinh.nso.gov.vn/Doi_Chieu_Moi.aspx
44,Tỉnh Quảng Trị,19639,Xã Nam Cửa Việt,XÃ,Nam Cửa Việt,01/07/2025,https://danhmuchanhchinh.nso.gov.vn/Doi_Chieu_Moi.aspx
44,Tỉnh Quảng Trị,19645,Xã Triệu Bình,XÃ,Triệu Bình,01/07/2025,https://danhmuchanhchinh.nso.gov.vn/Doi_Chieu_Moi.aspx
44,Tỉnh Quảng Trị,19654,Xã Triệu Cơ,XÃ,Triệu Cơ,01/07/2025,https://danhmuchanhchinh.nso.gov.vn/Doi_Chieu_Moi.aspx
44,Tỉnh Quảng Trị,19669,Xã Ái Tử,XÃ,Ái Tử,01/07/2025,https://danhmuchanhchinh.nso.gov.vn/Doi_Chieu_Moi.aspx
44,Tỉnh Quảng Trị,19681,Xã Diên Sanh,XÃ,Diên Sanh,01/07/2025,https://danhmuchanhchinh.nso.gov.vn/Doi_Chieu_Moi.aspx
44,Tỉnh Quảng Trị,19699,Xã Vĩnh Định,XÃ,Vĩnh Định,01/07/2025,https://danhmuchanhchinh.nso.gov.vn/Doi_Chieu_Moi.aspx
44,Tỉnh Quảng Trị,19702,Xã Hải Lăng,XÃ,Hải Lăng,01/07/2025,https://danhmuchanhchinh.nso.gov.vn/Doi_Chieu_Moi.aspx
44,Tỉnh Quảng Trị,19735,Xã Nam Hải Lăng,XÃ,Nam Hải Lăng,01/07/2025,https://danhmuchanhchinh.nso.gov.vn/Doi_Chieu_Moi.aspx
44,Tỉnh Quảng Trị,19741,Xã Mỹ Thủy,XÃ,Mỹ Thủy,01/07/2025,https://danhmuchanhchinh.nso.gov.vn/Doi_Chieu_Moi.aspx
44,Tỉnh Quảng Trị,19742,Đặc khu Cồn Cỏ,ĐẶC KHU,Cồn Cỏ,01/07/2025,https://danhmuchanhchinh.nso.gov.vn/Doi_Chieu_Moi.aspx
46,Thành phố Huế,19753,Phường Phú Xuân,PHƯỜNG,Phú Xuân,01/07/2025,https://danhmuchanhchinh.nso.gov.vn/Doi_Chieu_Moi.aspx
46,Thành phố Huế,19774,Phường Kim Long,PHƯỜNG,Kim Long,01/07/2025,https://danhmuchanhchinh.nso.gov.vn/Doi_Chieu_Moi.aspx
46,Thành phố Huế,19777,Phường Vỹ Dạ,PHƯỜNG,Vỹ Dạ,01/07/2025,https://danhmuchanhchinh.nso.gov.vn/Doi_Chieu_Moi.aspx
46,Thành phố Huế,19789,Phường Thuận Hóa,PHƯỜNG,Thuận Hóa,01/07/2025,https://danhmuchanhchinh.nso.gov.vn/Doi_Chieu_Moi.aspx
46,Thành phố Huế,19804,Phường Hương An,PHƯỜNG,Hương An,01/07/2025,https://danhmuchanhchinh.nso.gov.vn/Doi_Chieu_Moi.aspx
46,Thành phố Huế,19813,Phường Thủy Xuân,PHƯỜNG,Thủy Xuân,01/07/2025,https://danhmuchanhchinh.nso.gov.vn/Doi_Chieu_Moi.aspx
46,Thành phố Huế,19815,Phường An Cựu,PHƯỜNG,An Cựu,01/07/2025,https://danhmuchanhchinh.nso.gov.vn/Doi_Chieu_Moi.aspx
46,Thành phố Huế,19819,Phường Phong Điền,PHƯỜNG,Phong Điền,01/07/2025,https://danhmuchanhchinh.nso.gov.vn/Doi_Chieu_Moi.aspx
46,Thành phố Huế,19828,Phường Phong Phú,PHƯỜNG,Phong Phú,01/07/2025,https://danhmuchanhchinh.nso.gov.vn/Doi_Chieu_Moi.aspx
46,Thành phố Huế,19831,Phường Phong Dinh,PHƯỜNG,Phong Dinh,01/07/2025,https://danhmuchanhchinh.nso.gov.vn/Doi_Chieu_Moi.aspx
46,Thành phố Huế,19858,Phường Phong Thái,PHƯỜNG,Phong Thái,01/07/2025,https://danhmuchanhchinh.nso.gov.vn/Doi_Chieu_Moi.aspx
46,Thành phố Huế,19867,Xã Quảng Điền,XÃ,Quảng Điền,01/07/2025,https://danhmuchanhchinh.nso.gov.vn/Doi_Chieu_Moi.aspx
46,Thành phố Huế,19873,Phường Phong Quảng,PHƯỜNG,Phong Quảng,01/07/2025,https://danhmuchanhchinh.nso.gov.vn/Doi_Chieu_Moi.aspx
46,Thành phố Huế,19885,Xã Đan Điền,XÃ,Đan Điền,01/07/2025,https://danhmuchanhchinh.nso.gov.vn/Doi_Chieu_Moi.aspx
46,Thành phố Huế,19900,Phường Thuận An,PHƯỜNG,Thuận An,01/07/2025,https://danhmuchanhchinh.nso.gov.vn/Doi_Chieu_Moi.aspx
46,Thành phố Huế,19909,Phường Dương Nỗ,PHƯỜNG,Dương Nỗ,01/07/2025,https://danhmuchanhchinh.nso.gov.vn/Doi_Chieu_Moi.aspx
46,Thành phố Huế,19918,Xã Phú Hồ,XÃ,Phú Hồ,01/07/2025,https://danhmuchanhchinh.nso.gov.vn/Doi_Chieu_Moi.aspx
46,Thành phố Huế,19930,Phường Mỹ Thượng,PHƯỜNG,Mỹ Thượng,01/07/2025,https://danhmuchanhchinh.nso.gov.vn/Doi_Chieu_Moi.aspx
46,Thành phố Huế,19942,Xã Phú Vang,XÃ,Phú Vang,01/07/2025,https://danhmuchanhchinh.nso.gov.vn/Doi_Chieu_Moi.aspx
46,Thành phố Huế,19945,Xã Phú Vinh,XÃ,Phú Vinh,01/07/2025,https://danhmuchanhchinh.nso.gov.vn/Doi_Chieu_Moi.aspx
46,Thành phố Huế,19960,Phường Phú Bài,PHƯỜNG,Phú Bài,01/07/2025,https://danhmuchanhchinh.nso.gov.vn/Doi_Chieu_Moi.aspx
46,Thành phố Huế,19969,Phường Thanh Thủy,PHƯỜNG,Thanh Thủy,01/07/2025,https://danhmuchanhchinh.nso.gov.vn/Doi_Chieu_Moi.aspx
46,Thành phố Huế,19975,Phường Hương Thủy,PHƯỜNG,Hương Thủy,01/07/2025,https://danhmuchanhchinh.nso.gov.vn/Doi_Chieu_Moi.aspx
46,Thành phố Huế,19996,Phường Hương Trà,PHƯỜNG,Hương Trà,01/07/2025,https://danhmuchanhchinh.nso.gov.vn/Doi_Chieu_Moi.aspx
46,Thành phố Huế,20014,Phường Hóa Châu,PHƯỜNG,Hóa Châu,01/07/2025,https://danhmuchanhchinh.nso.gov.vn/Doi_Chieu_Moi.aspx
46,Thành phố Huế,20017,Phường Kim Trà,PHƯỜNG,Kim Trà,01/07/2025,https://danhmuchanhchinh.nso.gov.vn/Doi_Chieu_Moi.aspx
46,Thành phố Huế,20035,Xã Bình Điền,XÃ,Bình Điền,01/07/2025,https://danhmuchanhchinh.nso.gov.vn/Doi_Chieu_Moi.aspx
46,Thành phố Huế,20044,Xã A Lưới 2,XÃ,A Lưới 2,01/07/2025,https://danhmuchanhchinh.nso.gov.vn/Doi_Chieu_Moi.aspx
46,Thành phố Huế,20050,Xã A Lưới 5,XÃ,A Lưới 5,01/07/2025,https://danhmuchanhchinh.nso.gov.vn/Doi_Chieu_Moi.aspx
46,Thành phố Huế,20056,Xã A Lưới 1,XÃ,A Lưới 1,01/07/2025,https://danhmuchanhchinh.nso.gov.vn/Doi_Chieu_Moi.aspx
46,Thành phố Huế,20071,Xã A Lưới 3,XÃ,A Lưới 3,01/07/2025,https://danhmuchanhchinh.nso.gov.vn/Doi_Chieu_Moi.aspx
46,Thành phố Huế,20101,Xã A Lưới 4,XÃ,A Lưới 4,01/07/2025,https://danhmuchanhchinh.nso.gov.vn/Doi_Chieu_Moi.aspx
46,Thành phố Huế,20107,Xã Phú Lộc,XÃ,Phú Lộc,01/07/2025,https://danhmuchanhchinh.nso.gov.vn/Doi_Chieu_Moi.aspx
46,Thành phố Huế,20122,Xã Vinh Lộc,XÃ,Vinh Lộc,01/07/2025,https://danhmuchanhchinh.nso.gov.vn/Doi_Chieu_Moi.aspx
46,Thành phố Huế,20131,Xã Hưng Lộc,XÃ,Hưng Lộc,01/07/2025,https://danhmuchanhchinh.nso.gov.vn/Doi_Chieu_Moi.aspx
46,Thành phố Huế,20137,Xã Chân Mây - Lăng Cô,XÃ,Chân Mây - Lăng Cô,01/07/2025,https://danhmuchanhchinh.nso.gov.vn/Doi_Chieu_Moi.aspx
46,Thành phố Huế,20140,Xã Lộc An,XÃ,Lộc An,01/07/2025,https://danhmuchanhchinh.nso.gov.vn/Doi_Chieu_Moi.aspx
46,Thành phố Huế,20161,Xã Khe Tre,XÃ,Khe Tre,01/07/2025,https://danhmuchanhchinh.nso.gov.vn/Doi_Chieu_Moi.aspx
46,Thành phố Huế,20179,Xã Nam Đông,XÃ,Nam Đông,01/07/2025,https://danhmuchanhchinh.nso.gov.vn/Doi_Chieu_Moi.aspx
46,Thành phố Huế,20182,Xã Long Quảng,XÃ,Long Quảng,01/07/2025,https://danhmuchanhchinh.nso.gov.vn/Doi_Chieu_Moi.aspx
48,Thành phố Đà Nẵng,20194,Phường Hải Vân,PHƯỜNG,Hải Vân,01/07/2025,https://danhmuchanhchinh.nso.gov.vn/Doi_Chieu_Moi.aspx
48,Thành phố Đà Nẵng,20197,Phường Liên Chiểu,PHƯỜNG,Liên Chiểu,01/07/2025,https://danhmuchanhchinh.nso.gov.vn/Doi_Chieu_Moi.aspx
48,Thành phố Đà Nẵng,20200,Phường Hòa Khánh,PHƯỜNG,Hòa Khánh,01/07/2025,https://danhmuchanhchinh.nso.gov.vn/Doi_Chieu_Moi.aspx
48,Thành phố Đà Nẵng,20209,Phường Thanh Khê,PHƯỜNG,Thanh Khê,01/07/2025,https://danhmuchanhchinh.nso.gov.vn/Doi_Chieu_Moi.aspx
48,Thành phố Đà Nẵng,20242,Phường Hải Châu,PHƯỜNG,Hải Châu,01/07/2025,https://danhmuchanhchinh.nso.gov.vn/Doi_Chieu_Moi.aspx
48,Thành phố Đà Nẵng,20257,Phường Hòa Cường,PHƯỜNG,Hòa Cường,01/07/2025,https://danhmuchanhchinh.nso.gov.vn/Doi_Chieu_Moi.aspx
48,Thành phố Đà Nẵng,20260,Phường Cẩm Lệ,PHƯỜNG,Cẩm Lệ,01/07/2025,https://danhmuchanhchinh.nso.gov.vn/Doi_Chieu_Moi.aspx
48,Thành phố Đà Nẵng,20263,Phường Sơn Trà,PHƯỜNG,Sơn Trà,01/07/2025,https://danhmuchanhchinh.nso.gov.vn/Doi_Chieu_Moi.aspx
48,Thành phố Đà Nẵng,20275,Phường An Hải,PHƯỜNG,An Hải,01/07/2025,https://danhmuchanhchinh.nso.gov.vn/Doi_Chieu_Moi.aspx
48,Thành phố Đà Nẵng,20285,Phường Ngũ Hành Sơn,PHƯỜNG,Ngũ Hành Sơn,01/07/2025,https://danhmuchanhchinh.nso.gov.vn/Doi_Chieu_Moi.aspx
48,Thành phố Đà Nẵng,20305,Phường An Khê,PHƯỜNG,An Khê,01/07/2025,https://danhmuchanhchinh.nso.gov.vn/Doi_Chieu_Moi.aspx
48,Thành phố Đà Nẵng,20308,Xã Bà Nà,XÃ,Bà Nà,01/07/2025,https://danhmuchanhchinh.nso.gov.vn/Doi_Chieu_Moi.aspx
48,Thành phố Đà Nẵng,20314,Phường Hòa Xuân,PHƯỜNG,Hòa Xuân,01/07/2025,https://danhmuchanhchinh.nso.gov.vn/Doi_Chieu_Moi.aspx
48,Thành phố Đà Nẵng,20320,Xã Hòa Vang,XÃ,Hòa Vang,01/07/2025,https://danhmuchanhchinh.nso.gov.vn/Doi_Chieu_Moi.aspx
48,Thành phố Đà Nẵng,20332,Xã Hòa Tiến,XÃ,Hòa Tiến,01/07/2025,https://danhmuchanhchinh.nso.gov.vn/Doi_Chieu_Moi.aspx
48,Thành phố Đà Nẵng,20333,Đặc khu Hoàng Sa,ĐẶC KHU,Hoàng Sa,01/07/2025,https://danhmuchanhchinh.nso.gov.vn/Doi_Chieu_Moi.aspx
48,Thành phố Đà Nẵng,20335,Phường Bàn Thạch,PHƯỜNG,Bàn Thạch,01/07/2025,https://danhmuchanhchinh.nso.gov.vn/Doi_Chieu_Moi.aspx
48,Thành phố Đà Nẵng,20341,Phường Tam Kỳ,PHƯỜNG,Tam Kỳ,01/07/2025,https://danhmuchanhchinh.nso.gov.vn/Doi_Chieu_Moi.aspx
48,Thành phố Đà Nẵng,20350,Phường Hương Trà,PHƯỜNG,Hương Trà,01/07/2025,https://danhmuchanhchinh.nso.gov.vn/Doi_Chieu_Moi.aspx
48,Thành phố Đà Nẵng,20356,Phường Quảng Phú,PHƯỜNG,Quảng Phú,01/07/2025,https://danhmuchanhchinh.nso.gov.vn/Doi_Chieu_Moi.aspx
48,Thành phố Đà Nẵng,20364,Xã Chiên Đàn,XÃ,Chiên Đàn,01/07/2025,https://danhmuchanhchinh.nso.gov.vn/Doi_Chieu_Moi.aspx
48,Thành phố Đà Nẵng,20380,Xã Tây Hồ,XÃ,Tây Hồ,01/07/2025,https://danhmuchanhchinh.nso.gov.vn/Doi_Chieu_Moi.aspx
48,Thành phố Đà Nẵng,20392,Xã Phú Ninh,XÃ,Phú Ninh,01/07/2025,https://danhmuchanhchinh.nso.gov.vn/Doi_Chieu_Moi.aspx
48,Thành phố Đà Nẵng,20401,Phường Hội An Tây,PHƯỜNG,Hội An Tây,01/07/2025,https://danhmuchanhchinh.nso.gov.vn/Doi_Chieu_Moi.aspx
48,Thành phố Đà Nẵng,20410,Phường Hội An,PHƯỜNG,Hội An,01/07/2025,https://danhmuchanhchinh.nso.gov.vn/Doi_Chieu_Moi.aspx
48,Thành phố Đà Nẵng,20413,Phường Hội An Đông,PHƯỜNG,Hội An Đông,01/07/2025,https://danhmuchanhchinh.nso.gov.vn/Doi_Chieu_Moi.aspx
48,Thành phố Đà Nẵng,20434,Xã Tân Hiệp,XÃ,Tân Hiệp,01/07/2025,https://danhmuchanhchinh.nso.gov.vn/Doi_Chieu_Moi.aspx
48,Thành phố Đà Nẵng,20443,Xã Hùng Sơn,XÃ,Hùng Sơn,01/07/2025,https://danhmuchanhchinh.nso.gov.vn/Doi_Chieu_Moi.aspx
48,Thành phố Đà Nẵng,20455,Xã Tây Giang,XÃ,Tây Giang,01/07/2025,https://danhmuchanhchinh.nso.gov.vn/Doi_Chieu_Moi.aspx
48,Thành phố Đà Nẵng,20458,Xã Avương,XÃ,Avương,01/07/2025,https://danhmuchanhchinh.nso.gov.vn/Doi_Chieu_Moi.aspx
48,Thành phố Đà Nẵng,20467,Xã Đông Giang,XÃ,Đông Giang,01/07/2025,https://danhmuchanhchinh.nso.gov.vn/Doi_Chieu_Moi.aspx
48,Thành phố Đà Nẵng,20476,Xã Sông Kôn,XÃ,Sông Kôn,01/07/2025,https://danhmuchanhchinh.nso.gov.vn/Doi_Chieu_Moi.aspx
48,Thành phố Đà Nẵng,20485,Xã Sông Vàng,XÃ,Sông Vàng,01/07/2025,https://danhmuchanhchinh.nso.gov.vn/Doi_Chieu_Moi.aspx
48,Thành phố Đà Nẵng,20494,Xã Bến Hiên,XÃ,Bến Hiên,01/07/2025,https://danhmuchanhchinh.nso.gov.vn/Doi_Chieu_Moi.aspx
48,Thành phố Đà Nẵng,20500,Xã Đại Lộc,XÃ,Đại Lộc,01/07/2025,https://danhmuchanhchinh.nso.gov.vn/Doi_Chieu_Moi.aspx
48,Thành phố Đà Nẵng,20506,Xã Thượng Đức,XÃ,Thượng Đức,01/07/2025,https://danhmuchanhchinh.nso.gov.vn/Doi_Chieu_Moi.aspx
48,Thành phố Đà Nẵng,20515,Xã Hà Nha,XÃ,Hà Nha,01/07/2025,https://danhmuchanhchinh.nso.gov.vn/Doi_Chieu_Moi.aspx
48,Thành phố Đà Nẵng,20539,Xã Vu Gia,XÃ,Vu Gia,01/07/2025,https://danhmuchanhchinh.nso.gov.vn/Doi_Chieu_Moi.aspx
48,Thành phố Đà Nẵng,20542,Xã Phú Thuận,XÃ,Phú Thuận,01/07/2025,https://danhmuchanhchinh.nso.gov.vn/Doi_Chieu_Moi.aspx
48,Thành phố Đà Nẵng,20551,Phường Điện Bàn,PHƯỜNG,Điện Bàn,01/07/2025,https://danhmuchanhchinh.nso.gov.vn/Doi_Chieu_Moi.aspx
48,Thành phố Đà Nẵng,20557,Phường Điện Bàn Bắc,PHƯỜNG,Điện Bàn Bắc,01/07/2025,https://danhmuchanhchinh.nso.gov.vn/Doi_Chieu_Moi.aspx
48,Thành phố Đà Nẵng,20569,Xã Điện Bàn Tây,XÃ,Điện Bàn Tây,01/07/2025,https://danhmuchanhchinh.nso.gov.vn/Doi_Chieu_Moi.aspx
48,Thành phố Đà Nẵng,20575,Phường An Thắng,PHƯỜNG,An Thắng,01/07/2025,https://danhmuchanhchinh.nso.gov.vn/Doi_Chieu_Moi.aspx
48,Thành phố Đà Nẵng,20579,Phường Điện Bàn Đông,PHƯỜNG,Điện Bàn Đông,01/07/2025,https://danhmuchanhchinh.nso.gov.vn/Doi_Chieu_Moi.aspx
48,Thành phố Đà Nẵng,20587,Xã Gò Nổi,XÃ,Gò Nổi,01/07/2025,https://danhmuchanhchinh.nso.gov.vn/Doi_Chieu_Moi.aspx
48,Thành phố Đà Nẵng,20599,Xã Nam Phước,XÃ,Nam Phước,01/07/2025,https://danhmuchanhchinh.nso.gov.vn/Doi_Chieu_Moi.aspx
48,Thành phố Đà Nẵng,20611,Xã Thu Bồn,XÃ,Thu Bồn,01/07/2025,https://danhmuchanhchinh.nso.gov.vn/Doi_Chieu_Moi.aspx
48,Thành phố Đà Nẵng,20623,Xã Duy Xuyên,XÃ,Duy Xuyên,01/07/2025,https://danhmuchanhchinh.nso.gov.vn/Doi_Chieu_Moi.aspx
48,Thành phố Đà Nẵng,20635,Xã Duy Nghĩa,XÃ,Duy Nghĩa,01/07/2025,https://danhmuchanhchinh.nso.gov.vn/Doi_Chieu_Moi.aspx
48,Thành phố Đà Nẵng,20641,Xã Quế Sơn,XÃ,Quế Sơn,01/07/2025,https://danhmuchanhchinh.nso.gov.vn/Doi_Chieu_Moi.aspx
48,Thành phố Đà Nẵng,20650,Xã Xuân Phú,XÃ,Xuân Phú,01/07/2025,https://danhmuchanhchinh.nso.gov.vn/Doi_Chieu_Moi.aspx
48,Thành phố Đà Nẵng,20656,Xã Nông Sơn,XÃ,Nông Sơn,01/07/2025,https://danhmuchanhchinh.nso.gov.vn/Doi_Chieu_Moi.aspx
48,Thành phố Đà Nẵng,20662,Xã Quế Sơn Trung,XÃ,Quế Sơn Trung,01/07/2025,https://danhmuchanhchinh.nso.gov.vn/Doi_Chieu_Moi.aspx
48,Thành phố Đà Nẵng,20669,Xã Quế Phước,XÃ,Quế Phước,01/07/2025,https://danhmuchanhchinh.nso.gov.vn/Doi_Chieu_Moi.aspx
48,Thành phố Đà Nẵng,20695,Xã Thạnh Mỹ,XÃ,Thạnh Mỹ,01/07/2025,https://danhmuchanhchinh.nso.gov.vn/Doi_Chieu_Moi.aspx
48,Thành phố Đà Nẵng,20698,Xã La Êê,XÃ,La Êê,01/07/2025,https://danhmuchanhchinh.nso.gov.vn/Doi_Chieu_Moi.aspx
48,Thành phố Đà Nẵng,20704,Xã La Dêê,XÃ,La Dêê,01/07/2025,https://danhmuchanhchinh.nso.gov.vn/Doi_Chieu_Moi.aspx
48,Thành phố Đà Nẵng,20707,Xã Nam Giang,XÃ,Nam Giang,01/07/2025,https://danhmuchanhchinh.nso.gov.vn/Doi_Chieu_Moi.aspx
48,Thành phố Đà Nẵng,20710,Xã Bến Giằng,XÃ,Bến Giằng,01/07/2025,https://danhmuchanhchinh.nso.gov.vn/Doi_Chieu_Moi.aspx
48,Thành phố Đà Nẵng,20716,Xã Đắc Pring,XÃ,Đắc Pring,01/07/2025,https://danhmuchanhchinh.nso.gov.vn/Doi_Chieu_Moi.aspx
48,Thành phố Đà Nẵng,20722,Xã Khâm Đức,XÃ,Khâm Đức,01/07/2025,https://danhmuchanhchinh.nso.gov.vn/Doi_Chieu_Moi.aspx
48,Thành phố Đà Nẵng,20728,Xã Phước Hiệp,XÃ,Phước Hiệp,01/07/2025,https://danhmuchanhchinh.nso.gov.vn/Doi_Chieu_Moi.aspx
48,Thành phố Đà Nẵng,20734,Xã Phước Năng,XÃ,Phước Năng,01/07/2025,https://danhmuchanhchinh.nso.gov.vn/Doi_Chieu_Moi.aspx
48,Thành phố Đà Nẵng,20740,Xã Phước Chánh,XÃ,Phước Chánh,01/07/2025,https://danhmuchanhchinh.nso.gov.vn/Doi_Chieu_Moi.aspx
48,Thành phố Đà Nẵng,20752,Xã Phước Thành,XÃ,Phước Thành,01/07/2025,https://danhmuchanhchinh.nso.gov.vn/Doi_Chieu_Moi.aspx
48,Thành phố Đà Nẵng,20767,Xã Việt An,XÃ,Việt An,01/07/2025,https://danhmuchanhchinh.nso.gov.vn/Doi_Chieu_Moi.aspx
48,Thành phố Đà Nẵng,20770,Xã Phước Trà,XÃ,Phước Trà,01/07/2025,https://danhmuchanhchinh.nso.gov.vn/Doi_Chieu_Moi.aspx
48,Thành phố Đà Nẵng,20779,Xã Hiệp Đức,XÃ,Hiệp Đức,01/07/2025,https://danhmuchanhchinh.nso.gov.vn/Doi_Chieu_Moi.aspx
48,Thành phố Đà Nẵng,20791,Xã Thăng Bình,XÃ,Thăng Bình,01/07/2025,https://danhmuchanhchinh.nso.gov.vn/Doi_Chieu_Moi.aspx
48,Thành phố Đà Nẵng,20794,Xã Thăng An,XÃ,Thăng An,01/07/2025,https://danhmuchanhchinh.nso.gov.vn/Doi_Chieu_Moi.aspx
48,Thành phố Đà Nẵng,20818,Xã Đồng Dương,XÃ,Đồng Dương,01/07/2025,https://danhmuchanhchinh.nso.gov.vn/Doi_Chieu_Moi.aspx
48,Thành phố Đà Nẵng,20827,Xã Thăng Phú,XÃ,Thăng Phú,01/07/2025,https://danhmuchanhchinh.nso.gov.vn/Doi_Chieu_Moi.aspx
48,Thành phố Đà Nẵng,20836,Xã Thăng Trường,XÃ,Thăng Trường,01/07/2025,https://danhmuchanhchinh.nso.gov.vn/Doi_Chieu_Moi.aspx
48,Thành phố Đà Nẵng,20848,Xã Thăng Điền,XÃ,Thăng Điền,01/07/2025,https://danhmuchanhchinh.nso.gov.vn/Doi_Chieu_Moi.aspx
48,Thành phố Đà Nẵng,20854,Xã Tiên Phước,XÃ,Tiên Phước,01/07/2025,https://danhmuchanhchinh.nso.gov.vn/Doi_Chieu_Moi.aspx
48,Thành phố Đà Nẵng,20857,Xã Sơn Cẩm Hà,XÃ,Sơn Cẩm Hà,01/07/2025,https://danhmuchanhchinh.nso.gov.vn/Doi_Chieu_Moi.aspx
48,Thành phố Đà Nẵng,20875,Xã Lãnh Ngọc,XÃ,Lãnh Ngọc,01/07/2025,https://danhmuchanhchinh.nso.gov.vn/Doi_Chieu_Moi.aspx
48,Thành phố Đà Nẵng,20878,Xã Thạnh Bình,XÃ,Thạnh Bình,01/07/2025,https://danhmuchanhchinh.nso.gov.vn/Doi_Chieu_Moi.aspx
48,Thành phố Đà Nẵng,20900,Xã Trà My,XÃ,Trà My,01/07/2025,https://danhmuchanhchinh.nso.gov.vn/Doi_Chieu_Moi.aspx
48,Thành phố Đà Nẵng,20908,Xã Trà Liên,XÃ,Trà Liên,01/07/2025,https://danhmuchanhchinh.nso.gov.vn/Doi_Chieu_Moi.aspx
48,Thành phố Đà Nẵng,20920,Xã Trà Đốc,XÃ,Trà Đốc,01/07/2025,https://danhmuchanhchinh.nso.gov.vn/Doi_Chieu_Moi.aspx
48,Thành phố Đà Nẵng,20923,Xã Trà Tân,XÃ,Trà Tân,01/07/2025,https://danhmuchanhchinh.nso.gov.vn/Doi_Chieu_Moi.aspx
48,Thành phố Đà Nẵng,20929,Xã Trà Giáp,XÃ,Trà Giáp,01/07/2025,https://danhmuchanhchinh.nso.gov.vn/Doi_Chieu_Moi.aspx
48,Thành phố Đà Nẵng,20938,Xã Trà Leng,XÃ,Trà Leng,01/07/2025,https://danhmuchanhchinh.nso.gov.vn/Doi_Chieu_Moi.aspx
48,Thành phố Đà Nẵng,20941,Xã Trà Tập,XÃ,Trà Tập,01/07/2025,https://danhmuchanhchinh.nso.gov.vn/Doi_Chieu_Moi.aspx
48,Thành phố Đà Nẵng,20944,Xã Nam Trà My,XÃ,Nam Trà My,01/07/2025,https://danhmuchanhchinh.nso.gov.vn/Doi_Chieu_Moi.aspx
48,Thành phố Đà Nẵng,20950,Xã Trà Linh,XÃ,Trà Linh,01/07/2025,https://danhmuchanhchinh.nso.gov.vn/Doi_Chieu_Moi.aspx
48,Thành phố Đà Nẵng,20959,Xã Trà Vân,XÃ,Trà Vân,01/07/2025,https://danhmuchanhchinh.nso.gov.vn/Doi_Chieu_Moi.aspx
48,Thành phố Đà Nẵng,20965,Xã Núi Thành,XÃ,Núi Thành,01/07/2025,https://danhmuchanhchinh.nso.gov.vn/Doi_Chieu_Moi.aspx
48,Thành phố Đà Nẵng,20971,Xã Tam Xuân,XÃ,Tam Xuân,01/07/2025,https://danhmuchanhchinh.nso.gov.vn/Doi_Chieu_Moi.aspx
48,Thành phố Đà Nẵng,20977,Xã Đức Phú,XÃ,Đức Phú,01/07/2025,https://danhmuchanhchinh.nso.gov.vn/Doi_Chieu_Moi.aspx
48,Thành phố Đà Nẵng,20984,Xã Tam Anh,XÃ,Tam Anh,01/07/2025,https://danhmuchanhchinh.nso.gov.vn/Doi_Chieu_Moi.aspx
48,Thành phố Đà Nẵng,20992,Xã Tam Hải,XÃ,Tam Hải,01/07/2025,https://danhmuchanhchinh.nso.gov.vn/Doi_Chieu_Moi.aspx
48,Thành phố Đà Nẵng,21004,Xã Tam Mỹ,XÃ,Tam Mỹ,01/07/2025,https://danhmuchanhchinh.nso.gov.vn/Doi_Chieu_Moi.aspx
51,Tỉnh Quảng Ngãi,21025,Phường Cẩm Thành,PHƯỜNG,Cẩm Thành,01/07/2025,https://danhmuchanhchinh.nso.gov.vn/Doi_Chieu_Moi.aspx
51,Tỉnh Quảng Ngãi,21028,Phường Nghĩa Lộ,PHƯỜNG,Nghĩa Lộ,01/07/2025,https://danhmuchanhchinh.nso.gov.vn/Doi_Chieu_Moi.aspx
51,Tỉnh Quảng Ngãi,21034,Xã An Phú,XÃ,An Phú,01/07/2025,https://danhmuchanhchinh.nso.gov.vn/Doi_Chieu_Moi.aspx
51,Tỉnh Quảng Ngãi,21040,Xã Bình Sơn,XÃ,Bình Sơn,01/07/2025,https://danhmuchanhchinh.nso.gov.vn/Doi_Chieu_Moi.aspx
51,Tỉnh Quảng Ngãi,21061,Xã Vạn Tường,XÃ,Vạn Tường,01/07/2025,https://danhmuchanhchinh.nso.gov.vn/Doi_Chieu_Moi.aspx
51,Tỉnh Quảng Ngãi,21085,Xã Bình Minh,XÃ,Bình Minh,01/07/2025,https://danhmuchanhchinh.nso.gov.vn/Doi_Chieu_Moi.aspx
51,Tỉnh Quảng Ngãi,21100,Xã Bình Chương,XÃ,Bình Chương,01/07/2025,https://danhmuchanhchinh.nso.gov.vn/Doi_Chieu_Moi.aspx
51,Tỉnh Quảng Ngãi,21109,Xã Đông Sơn,XÃ,Đông Sơn,01/07/2025,https://danhmuchanhchinh.nso.gov.vn/Doi_Chieu_Moi.aspx
51,Tỉnh Quảng Ngãi,21115,Xã Trà Bồng,XÃ,Trà Bồng,01/07/2025,https://danhmuchanhchinh.nso.gov.vn/Doi_Chieu_Moi.aspx
51,Tỉnh Quảng Ngãi,21124,Xã Thanh Bồng,XÃ,Thanh Bồng,01/07/2025,https://danhmuchanhchinh.nso.gov.vn/Doi_Chieu_Moi.aspx
51,Tỉnh Quảng Ngãi,21127,Xã Đông Trà Bồng,XÃ,Đông Trà Bồng,01/07/2025,https://danhmuchanhchinh.nso.gov.vn/Doi_Chieu_Moi.aspx
51,Tỉnh Quảng Ngãi,21136,Xã Cà Đam,XÃ,Cà Đam,01/07/2025,https://danhmuchanhchinh.nso.gov.vn/Doi_Chieu_Moi.aspx
51,Tỉnh Quảng Ngãi,21154,Xã Tây Trà,XÃ,Tây Trà,01/07/2025,https://danhmuchanhchinh.nso.gov.vn/Doi_Chieu_Moi.aspx
51,Tỉnh Quảng Ngãi,21157,Xã Tây Trà Bồng,XÃ,Tây Trà Bồng,01/07/2025,https://danhmuchanhchinh.nso.gov.vn/Doi_Chieu_Moi.aspx
51,Tỉnh Quảng Ngãi,21172,Phường Trương Quang Trọng,PHƯỜNG,Trương Quang Trọng,01/07/2025,https://danhmuchanhchinh.nso.gov.vn/Doi_Chieu_Moi.aspx
51,Tỉnh Quảng Ngãi,21181,Xã Thọ Phong,XÃ,Thọ Phong,01/07/2025,https://danhmuchanhchinh.nso.gov.vn/Doi_Chieu_Moi.aspx
51,Tỉnh Quảng Ngãi,21196,Xã Trường Giang,XÃ,Trường Giang,01/07/2025,https://danhmuchanhchinh.nso.gov.vn/Doi_Chieu_Moi.aspx
51,Tỉnh Quảng Ngãi,21205,Xã Ba Gia,XÃ,Ba Gia,01/07/2025,https://danhmuchanhchinh.nso.gov.vn/Doi_Chieu_Moi.aspx
51,Tỉnh Quảng Ngãi,21211,Xã Tịnh Khê,XÃ,Tịnh Khê,01/07/2025,https://danhmuchanhchinh.nso.gov.vn/Doi_Chieu_Moi.aspx
51,Tỉnh Quảng Ngãi,21220,Xã Sơn Tịnh,XÃ,Sơn Tịnh,01/07/2025,https://danhmuchanhchinh.nso.gov.vn/Doi_Chieu_Moi.aspx
51,Tỉnh Quảng Ngãi,21235,Xã Tư Nghĩa,XÃ,Tư Nghĩa,01/07/2025,https://danhmuchanhchinh.nso.gov.vn/Doi_Chieu_Moi.aspx
51,Tỉnh Quảng Ngãi,21238,Xã Vệ Giang,XÃ,Vệ Giang,01/07/2025,https://danhmuchanhchinh.nso.gov.vn/Doi_Chieu_Moi.aspx
51,Tỉnh Quảng Ngãi,21244,Xã Trà Giang,XÃ,Trà Giang,01/07/2025,https://danhmuchanhchinh.nso.gov.vn/Doi_Chieu_Moi.aspx
51,Tỉnh Quảng Ngãi,21250,Xã Nghĩa Giang,XÃ,Nghĩa Giang,01/07/2025,https://danhmuchanhchinh.nso.gov.vn/Doi_Chieu_Moi.aspx
51,Tỉnh Quảng Ngãi,21289,Xã Sơn Hà,XÃ,Sơn Hà,01/07/2025,https://danhmuchanhchinh.nso.gov.vn/Doi_Chieu_Moi.aspx
51,Tỉnh Quảng Ngãi,21292,Xã Sơn Hạ,XÃ,Sơn Hạ,01/07/2025,https://danhmuchanhchinh.nso.gov.vn/Doi_Chieu_Moi.aspx
51,Tỉnh Quảng Ngãi,21307,Xã Sơn Linh,XÃ,Sơn Linh,01/07/2025,https://danhmuchanhchinh.nso.gov.vn/Doi_Chieu_Moi.aspx
51,Tỉnh Quảng Ngãi,21319,Xã Sơn Thủy,XÃ,Sơn Thủy,01/07/2025,https://danhmuchanhchinh.nso.gov.vn/Doi_Chieu_Moi.aspx
51,Tỉnh Quảng Ngãi,21325,Xã Sơn Kỳ,XÃ,Sơn Kỳ,01/07/2025,https://danhmuchanhchinh.nso.gov.vn/Doi_Chieu_Moi.aspx
51,Tỉnh Quảng Ngãi,21334,Xã Sơn Tây Thượng,XÃ,Sơn Tây Thượng,01/07/2025,https://danhmuchanhchinh.nso.gov.vn/Doi_Chieu_Moi.aspx
51,Tỉnh Quảng Ngãi,21340,Xã Sơn Tây,XÃ,Sơn Tây,01/07/2025,https://danhmuchanhchinh.nso.gov.vn/Doi_Chieu_Moi.aspx
51,Tỉnh Quảng Ngãi,21343,Xã Sơn Tây Hạ,XÃ,Sơn Tây Hạ,01/07/2025,https://danhmuchanhchinh.nso.gov.vn/Doi_Chieu_Moi.aspx
51,Tỉnh Quảng Ngãi,21349,Xã Sơn Mai,XÃ,Sơn Mai,01/07/2025,https://danhmuchanhchinh.nso.gov.vn/Doi_Chieu_Moi.aspx
51,Tỉnh Quảng Ngãi,21361,Xã Minh Long,XÃ,Minh Long,01/07/2025,https://danhmuchanhchinh.nso.gov.vn/Doi_Chieu_Moi.aspx
51,Tỉnh Quảng Ngãi,21364,Xã Nghĩa Hành,XÃ,Nghĩa Hành,01/07/2025,https://danhmuchanhchinh.nso.gov.vn/Doi_Chieu_Moi.aspx
51,Tỉnh Quảng Ngãi,21370,Xã Phước Giang,XÃ,Phước Giang,01/07/2025,https://danhmuchanhchinh.nso.gov.vn/Doi_Chieu_Moi.aspx
51,Tỉnh Quảng Ngãi,21385,Xã Đình Cương,XÃ,Đình Cương,01/07/2025,https://danhmuchanhchinh.nso.gov.vn/Doi_Chieu_Moi.aspx
51,Tỉnh Quảng Ngãi,21388,Xã Thiện Tín,XÃ,Thiện Tín,01/07/2025,https://danhmuchanhchinh.nso.gov.vn/Doi_Chieu_Moi.aspx
51,Tỉnh Quảng Ngãi,21400,Xã Mộ Đức,XÃ,Mộ Đức,01/07/2025,https://danhmuchanhchinh.nso.gov.vn/Doi_Chieu_Moi.aspx
51,Tỉnh Quảng Ngãi,21409,Xã Long Phụng,XÃ,Long Phụng,01/07/2025,https://danhmuchanhchinh.nso.gov.vn/Doi_Chieu_Moi.aspx
51,Tỉnh Quảng Ngãi,21421,Xã Mỏ Cày,XÃ,Mỏ Cày,01/07/2025,https://danhmuchanhchinh.nso.gov.vn/Doi_Chieu_Moi.aspx
51,Tỉnh Quảng Ngãi,21433,Xã Lân Phong,XÃ,Lân Phong,01/07/2025,https://danhmuchanhchinh.nso.gov.vn/Doi_Chieu_Moi.aspx
51,Tỉnh Quảng Ngãi,21439,Phường Đức Phổ,PHƯỜNG,Đức Phổ,01/07/2025,https://danhmuchanhchinh.nso.gov.vn/Doi_Chieu_Moi.aspx
51,Tỉnh Quảng Ngãi,21451,Phường Trà Câu,PHƯỜNG,Trà Câu,01/07/2025,https://danhmuchanhchinh.nso.gov.vn/Doi_Chieu_Moi.aspx
51,Tỉnh Quảng Ngãi,21457,Xã Nguyễn Nghiêm,XÃ,Nguyễn Nghiêm,01/07/2025,https://danhmuchanhchinh.nso.gov.vn/Doi_Chieu_Moi.aspx
51,Tỉnh Quảng Ngãi,21472,Xã Khánh Cường,XÃ,Khánh Cường,01/07/2025,https://danhmuchanhchinh.nso.gov.vn/Doi_Chieu_Moi.aspx
51,Tỉnh Quảng Ngãi,21478,Phường Sa Huỳnh,PHƯỜNG,Sa Huỳnh,01/07/2025,https://danhmuchanhchinh.nso.gov.vn/Doi_Chieu_Moi.aspx
51,Tỉnh Quảng Ngãi,21484,Xã Ba Tơ,XÃ,Ba Tơ,01/07/2025,https://danhmuchanhchinh.nso.gov.vn/Doi_Chieu_Moi.aspx
51,Tỉnh Quảng Ngãi,21490,Xã Ba Vinh,XÃ,Ba Vinh,01/07/2025,https://danhmuchanhchinh.nso.gov.vn/Doi_Chieu_Moi.aspx
51,Tỉnh Quảng Ngãi,21496,Xã Ba Động,XÃ,Ba Động,01/07/2025,https://danhmuchanhchinh.nso.gov.vn/Doi_Chieu_Moi.aspx
51,Tỉnh Quảng Ngãi,21499,Xã Ba Dinh,XÃ,Ba Dinh,01/07/2025,https://danhmuchanhchinh.nso.gov.vn/Doi_Chieu_Moi.aspx
51,Tỉnh Quảng Ngãi,21520,Xã Đặng Thùy Trâm,XÃ,Đặng Thùy Trâm,01/07/2025,https://danhmuchanhchinh.nso.gov.vn/Doi_Chieu_Moi.aspx
51,Tỉnh Quảng Ngãi,21523,Xã Ba Tô,XÃ,Ba Tô,01/07/2025,https://danhmuchanhchinh.nso.gov.vn/Doi_Chieu_Moi.aspx
51,Tỉnh Quảng Ngãi,21529,Xã Ba Vì,XÃ,Ba Vì,01/07/2025,https://danhmuchanhchinh.nso.gov.vn/Doi_Chieu_Moi.aspx
51,Tỉnh Quảng Ngãi,21538,Xã Ba Xa,XÃ,Ba Xa,01/07/2025,https://danhmuchanhchinh.nso.gov.vn/Doi_Chieu_Moi.aspx
51,Tỉnh Quảng Ngãi,21548,Đặc khu Lý Sơn,ĐẶC KHU,Lý Sơn,01/07/2025,https://danhmuchanhchinh.nso.gov.vn/Doi_Chieu_Moi.aspx
51,Tỉnh Quảng Ngãi,23284,Phường Đăk Cấm,PHƯỜNG,Đăk Cấm,01/07/2025,https://danhmuchanhchinh.nso.gov.vn/Doi_Chieu_Moi.aspx
51,Tỉnh Quảng Ngãi,23293,Phường Kon Tum,PHƯỜNG,Kon Tum,01/07/2025,https://danhmuchanhchinh.nso.gov.vn/Doi_Chieu_Moi.aspx
51,Tỉnh Quảng Ngãi,23302,Phường Đăk Bla,PHƯỜNG,Đăk Bla,01/07/2025,https://danhmuchanhchinh.nso.gov.vn/Doi_Chieu_Moi.aspx
51,Tỉnh Quảng Ngãi,23317,Xã Ngọk Bay,XÃ,Ngọk Bay,01/07/2025,https://danhmuchanhchinh.nso.gov.vn/Doi_Chieu_Moi.aspx
51,Tỉnh Quảng Ngãi,23326,Xã Ia Chim,XÃ,Ia Chim,01/07/2025,https://danhmuchanhchinh.nso.gov.vn/Doi_Chieu_Moi.aspx
51,Tỉnh Quảng Ngãi,23332,Xã Đăk Rơ Wa,XÃ,Đăk Rơ Wa,01/07/2025,https://danhmuchanhchinh.nso.gov.vn/Doi_Chieu_Moi.aspx
51,Tỉnh Quảng Ngãi,23341,Xã Đăk Pék,XÃ,Đăk Pék,01/07/2025,https://danhmuchanhchinh.nso.gov.vn/Doi_Chieu_Moi.aspx
51,Tỉnh Quảng Ngãi,23344,Xã Đăk Plô,XÃ,Đăk Plô,01/07/2025,https://danhmuchanhchinh.nso.gov.vn/Doi_Chieu_Moi.aspx
51,Tỉnh Quảng Ngãi,23356,Xã Xốp,XÃ,Xốp,01/07/2025,https://danhmuchanhchinh.nso.gov.vn/Doi_Chieu_Moi.aspx
51,Tỉnh Quảng Ngãi,23365,Xã Ngọc Linh,XÃ,Ngọc Linh,01/07/2025,https://danhmuchanhchinh.nso.gov.vn/Doi_Chieu_Moi.aspx
51,Tỉnh Quảng Ngãi,23368,Xã Đăk Long,XÃ,Đăk Long,01/07/2025,https://danhmuchanhchinh.nso.gov.vn/Doi_Chieu_Moi.aspx
51,Tỉnh Quảng Ngãi,23374,Xã Đăk Môn,XÃ,Đăk Môn,01/07/2025,https://danhmuchanhchinh.nso.gov.vn/Doi_Chieu_Moi.aspx
51,Tỉnh Quảng Ngãi,23377,Xã Bờ Y,XÃ,Bờ Y,01/07/2025,https://danhmuchanhchinh.nso.gov.vn/Doi_Chieu_Moi.aspx
51,Tỉnh Quảng Ngãi,23383,Xã Dục Nông,XÃ,Dục Nông,01/07/2025,https://danhmuchanhchinh.nso.gov.vn/Doi_Chieu_Moi.aspx
51,Tỉnh Quảng Ngãi,23392,Xã Sa Loong,XÃ,Sa Loong,01/07/2025,https://danhmuchanhchinh.nso.gov.vn/Doi_Chieu_Moi.aspx
51,Tỉnh Quảng Ngãi,23401,Xã Đăk Tô,XÃ,Đăk Tô,01/07/2025,https://danhmuchanhchinh.nso.gov.vn/Doi_Chieu_Moi.aspx
51,Tỉnh Quảng Ngãi,23416,Xã Đăk Sao,XÃ,Đăk Sao,01/07/2025,https://danhmuchanhchinh.nso.gov.vn/Doi_Chieu_Moi.aspx
51,Tỉnh Quảng Ngãi,23419,Xã Đăk Tờ Kan,XÃ,Đăk Tờ Kan,01/07/2025,https://danhmuchanhchinh.nso.gov.vn/Doi_Chieu_Moi.aspx
51,Tỉnh Quảng Ngãi,23425,Xã Tu Mơ Rông,XÃ,Tu Mơ Rông,01/07/2025,https://danhmuchanhchinh.nso.gov.vn/Doi_Chieu_Moi.aspx
51,Tỉnh Quảng Ngãi,23428,Xã Ngọk Tụ,XÃ,Ngọk Tụ,01/07/2025,https://danhmuchanhchinh.nso.gov.vn/Doi_Chieu_Moi.aspx
51,Tỉnh Quảng Ngãi,23430,Xã Kon Đào,XÃ,Kon Đào,01/07/2025,https://danhmuchanhchinh.nso.gov.vn/Doi_Chieu_Moi.aspx
51,Tỉnh Quảng Ngãi,23446,Xã Măng Ri,XÃ,Măng Ri,01/07/2025,https://danhmuchanhchinh.nso.gov.vn/Doi_Chieu_Moi.aspx
51,Tỉnh Quảng Ngãi,23455,Xã Măng Bút,XÃ,Măng Bút,01/07/2025,https://danhmuchanhchinh.nso.gov.vn/Doi_Chieu_Moi.aspx
51,Tỉnh Quảng Ngãi,23473,Xã Măng Đen,XÃ,Măng Đen,01/07/2025,https://danhmuchanhchinh.nso.gov.vn/Doi_Chieu_Moi.aspx
51,Tỉnh Quảng Ngãi,23476,Xã Kon Plông,XÃ,Kon Plông,01/07/2025,https://danhmuchanhchinh.nso.gov.vn/Doi_Chieu_Moi.aspx
51,Tỉnh Quảng Ngãi,23479,Xã Đăk Rve,XÃ,Đăk Rve,01/07/2025,https://danhmuchanhchinh.nso.gov.vn/Doi_Chieu_Moi.aspx
51,Tỉnh Quảng Ngãi,23485,Xã Đăk Kôi,XÃ,Đăk Kôi,01/07/2025,https://danhmuchanhchinh.nso.gov.vn/Doi_Chieu_Moi.aspx
51,Tỉnh Quảng Ngãi,23497,Xã Kon Braih,XÃ,Kon Braih,01/07/2025,https://danhmuchanhchinh.nso.gov.vn/Doi_Chieu_Moi.aspx
51,Tỉnh Quảng Ngãi,23500,Xã Đăk Hà,XÃ,Đăk Hà,01/07/2025,https://danhmuchanhchinh.nso.gov.vn/Doi_Chieu_Moi.aspx
51,Tỉnh Quảng Ngãi,23504,Xã Đăk Pxi,XÃ,Đăk Pxi,01/07/2025,https://danhmuchanhchinh.nso.gov.vn/Doi_Chieu_Moi.aspx
51,Tỉnh Quảng Ngãi,23510,Xã Đăk Ui,XÃ,Đăk Ui,01/07/2025,https://danhmuchanhchinh.nso.gov.vn/Doi_Chieu_Moi.aspx
51,Tỉnh Quảng Ngãi,23512,Xã Đăk Mar,XÃ,Đăk Mar,01/07/2025,https://danhmuchanhchinh.nso.gov.vn/Doi_Chieu_Moi.aspx
51,Tỉnh Quảng Ngãi,23515,Xã Ngọk Réo,XÃ,Ngọk Réo,01/07/2025,https://danhmuchanhchinh.nso.gov.vn/Doi_Chieu_Moi.aspx
51,Tỉnh Quảng Ngãi,23527,Xã Sa Thầy,XÃ,Sa Thầy,01/07/2025,https://danhmuchanhchinh.nso.gov.vn/Doi_Chieu_Moi.aspx
51,Tỉnh Quảng Ngãi,23530,Xã Rờ Kơi,XÃ,Rờ Kơi,01/07/2025,https://danhmuchanhchinh.nso.gov.vn/Doi_Chieu_Moi.aspx
51,Tỉnh Quảng Ngãi,23534,Xã Sa Bình,XÃ,Sa Bình,01/07/2025,https://danhmuchanhchinh.nso.gov.vn/Doi_Chieu_Moi.aspx
51,Tỉnh Quảng Ngãi,23535,Xã Ia Đal,XÃ,Ia Đal,01/07/2025,https://danhmuchanhchinh.nso.gov.vn/Doi_Chieu_Moi.aspx
51,Tỉnh Quảng Ngãi,23536,Xã Mô Rai,XÃ,Mô Rai,01/07/2025,https://danhmuchanhchinh.nso.gov.vn/Doi_Chieu_Moi.aspx
51,Tỉnh Quảng Ngãi,23538,Xã Ia Tơi,XÃ,Ia Tơi,01/07/2025,https://danhmuchanhchinh.nso.gov.vn/Doi_Chieu_Moi.aspx
51,Tỉnh Quảng Ngãi,23548,Xã Ya Ly,XÃ,Ya Ly,01/07/2025,https://danhmuchanhchinh.nso.gov.vn/Doi_Chieu_Moi.aspx
56,Tỉnh Khánh Hòa,22333,Phường Bắc Nha Trang,PHƯỜNG,Bắc Nha Trang,01/07/2025,https://danhmuchanhchinh.nso.gov.vn/Doi_Chieu_Moi.aspx
56,Tỉnh Khánh Hòa,22366,Phường Nha Trang,PHƯỜNG,Nha Trang,01/07/2025,https://danhmuchanhchinh.nso.gov.vn/Doi_Chieu_Moi.aspx
56,Tỉnh Khánh Hòa,22390,Phường Tây Nha Trang,PHƯỜNG,Tây Nha Trang,01/07/2025,https://danhmuchanhchinh.nso.gov.vn/Doi_Chieu_Moi.aspx
56,Tỉnh Khánh Hòa,22402,Phường Nam Nha Trang,PHƯỜNG,Nam Nha Trang,01/07/2025,https://danhmuchanhchinh.nso.gov.vn/Doi_Chieu_Moi.aspx
56,Tỉnh Khánh Hòa,22411,Phường Bắc Cam Ranh,PHƯỜNG,Bắc Cam Ranh,01/07/2025,https://danhmuchanhchinh.nso.gov.vn/Doi_Chieu_Moi.aspx
56,Tỉnh Khánh Hòa,22420,Phường Cam Ranh,PHƯỜNG,Cam Ranh,01/07/2025,https://danhmuchanhchinh.nso.gov.vn/Doi_Chieu_Moi.aspx
56,Tỉnh Khánh Hòa,22423,Phường Ba Ngòi,PHƯỜNG,Ba Ngòi,01/07/2025,https://danhmuchanhchinh.nso.gov.vn/Doi_Chieu_Moi.aspx
56,Tỉnh Khánh Hòa,22432,Phường Cam Linh,PHƯỜNG,Cam Linh,01/07/2025,https://danhmuchanhchinh.nso.gov.vn/Doi_Chieu_Moi.aspx
56,Tỉnh Khánh Hòa,22435,Xã Cam Hiệp,XÃ,Cam Hiệp,01/07/2025,https://danhmuchanhchinh.nso.gov.vn/Doi_Chieu_Moi.aspx
56,Tỉnh Khánh Hòa,22453,Xã Cam Lâm,XÃ,Cam Lâm,01/07/2025,https://danhmuchanhchinh.nso.gov.vn/Doi_Chieu_Moi.aspx
56,Tỉnh Khánh Hòa,22465,Xã Cam An,XÃ,Cam An,01/07/2025,https://danhmuchanhchinh.nso.gov.vn/Doi_Chieu_Moi.aspx
56,Tỉnh Khánh Hòa,22480,Xã Nam Cam Ranh,XÃ,Nam Cam Ranh,01/07/2025,https://danhmuchanhchinh.nso.gov.vn/Doi_Chieu_Moi.aspx
56,Tỉnh Khánh Hòa,22489,Xã Vạn Ninh,XÃ,Vạn Ninh,01/07/2025,https://danhmuchanhchinh.nso.gov.vn/Doi_Chieu_Moi.aspx
56,Tỉnh Khánh Hòa,22498,Xã Tu Bông,XÃ,Tu Bông,01/07/2025,https://danhmuchanhchinh.nso.gov.vn/Doi_Chieu_Moi.aspx
56,Tỉnh Khánh Hòa,22504,Xã Đại Lãnh,XÃ,Đại Lãnh,01/07/2025,https://danhmuchanhchinh.nso.gov.vn/Doi_Chieu_Moi.aspx
56,Tỉnh Khánh Hòa,22516,Xã Vạn Thắng,XÃ,Vạn Thắng,01/07/2025,https://danhmuchanhchinh.nso.gov.vn/Doi_Chieu_Moi.aspx
56,Tỉnh Khánh Hòa,22525,Xã Vạn Hưng,XÃ,Vạn Hưng,01/07/2025,https://danhmuchanhchinh.nso.gov.vn/Doi_Chieu_Moi.aspx
56,Tỉnh Khánh Hòa,22528,Phường Ninh Hòa,PHƯỜNG,Ninh Hòa,01/07/2025,https://danhmuchanhchinh.nso.gov.vn/Doi_Chieu_Moi.aspx
56,Tỉnh Khánh Hòa,22546,Xã Bắc Ninh Hòa,XÃ,Bắc Ninh Hòa,01/07/2025,https://danhmuchanhchinh.nso.gov.vn/Doi_Chieu_Moi.aspx
56,Tỉnh Khánh Hòa,22552,Xã Tây Ninh Hòa,XÃ,Tây Ninh Hòa,01/07/2025,https://danhmuchanhchinh.nso.gov.vn/Doi_Chieu_Moi.aspx
56,Tỉnh Khánh Hòa,22558,Xã Hòa Trí,XÃ,Hòa Trí,01/07/2025,https://danhmuchanhchinh.nso.gov.vn/Doi_Chieu_Moi.aspx
56,Tỉnh Khánh Hòa,22561,Phường Đông Ninh Hòa,PHƯỜNG,Đông Ninh Hòa,01/07/2025,https://danhmuchanhchinh.nso.gov.vn/Doi_Chieu_Moi.aspx
56,Tỉnh Khánh Hòa,22576,Xã Tân Định,XÃ,Tân Định,01/07/2025,https://danhmuchanhchinh.nso.gov.vn/Doi_Chieu_Moi.aspx
56,Tỉnh Khánh Hòa,22591,Phường Hòa Thắng,PHƯỜNG,Hòa Thắng,01/07/2025,https://danhmuchanhchinh.nso.gov.vn/Doi_Chieu_Moi.aspx
56,Tỉnh Khánh Hòa,22597,Xã Nam Ninh Hòa,XÃ,Nam Ninh Hòa,01/07/2025,https://danhmuchanhchinh.nso.gov.vn/Doi_Chieu_Moi.aspx
56,Tỉnh Khánh Hòa,22609,Xã Khánh Vĩnh,XÃ,Khánh Vĩnh,01/07/2025,https://danhmuchanhchinh.nso.gov.vn/Doi_Chieu_Moi.aspx
56,Tỉnh Khánh Hòa,22612,Xã Trung Khánh Vĩnh,XÃ,Trung Khánh Vĩnh,01/07/2025,https://danhmuchanhchinh.nso.gov.vn/Doi_Chieu_Moi.aspx
56,Tỉnh Khánh Hòa,22615,Xã Bắc Khánh Vĩnh,XÃ,Bắc Khánh Vĩnh,01/07/2025,https://danhmuchanhchinh.nso.gov.vn/Doi_Chieu_Moi.aspx
56,Tỉnh Khánh Hòa,22624,Xã Tây Khánh Vĩnh,XÃ,Tây Khánh Vĩnh,01/07/2025,https://danhmuchanhchinh.nso.gov.vn/Doi_Chieu_Moi.aspx
56,Tỉnh Khánh Hòa,22648,Xã Nam Khánh Vĩnh,XÃ,Nam Khánh Vĩnh,01/07/2025,https://danhmuchanhchinh.nso.gov.vn/Doi_Chieu_Moi.aspx
56,Tỉnh Khánh Hòa,22651,Xã Diên Khánh,XÃ,Diên Khánh,01/07/2025,https://danhmuchanhchinh.nso.gov.vn/Doi_Chieu_Moi.aspx
56,Tỉnh Khánh Hòa,22657,Xã Diên Điền,XÃ,Diên Điền,01/07/2025,https://danhmuchanhchinh.nso.gov.vn/Doi_Chieu_Moi.aspx
56,Tỉnh Khánh Hòa,22660,Xã Diên Lâm,XÃ,Diên Lâm,01/07/2025,https://danhmuchanhchinh.nso.gov.vn/Doi_Chieu_Moi.aspx
56,Tỉnh Khánh Hòa,22672,Xã Diên Thọ,XÃ,Diên Thọ,01/07/2025,https://danhmuchanhchinh.nso.gov.vn/Doi_Chieu_Moi.aspx
56,Tỉnh Khánh Hòa,22678,Xã Diên Lạc,XÃ,Diên Lạc,01/07/2025,https://danhmuchanhchinh.nso.gov.vn/Doi_Chieu_Moi.aspx
56,Tỉnh Khánh Hòa,22702,Xã Suối Hiệp,XÃ,Suối Hiệp,01/07/2025,https://danhmuchanhchinh.nso.gov.vn/Doi_Chieu_Moi.aspx
56,Tỉnh Khánh Hòa,22708,Xã Suối Dầu,XÃ,Suối Dầu,01/07/2025,https://danhmuchanhchinh.nso.gov.vn/Doi_Chieu_Moi.aspx
56,Tỉnh Khánh Hòa,22714,Xã Khánh Sơn,XÃ,Khánh Sơn,01/07/2025,https://danhmuchanhchinh.nso.gov.vn/Doi_Chieu_Moi.aspx
56,Tỉnh Khánh Hòa,22720,Xã Tây Khánh Sơn,XÃ,Tây Khánh Sơn,01/07/2025,https://danhmuchanhchinh.nso.gov.vn/Doi_Chieu_Moi.aspx
56,Tỉnh Khánh Hòa,22732,Xã Đông Khánh Sơn,XÃ,Đông Khánh Sơn,01/07/2025,https://danhmuchanhchinh.nso.gov.vn/Doi_Chieu_Moi.aspx
56,Tỉnh Khánh Hòa,22736,Đặc khu Trường Sa,ĐẶC KHU,Trường Sa,01/07/2025,https://danhmuchanhchinh.nso.gov.vn/Doi_Chieu_Moi.aspx
56,Tỉnh Khánh Hòa,22738,Phường Đô Vinh,PHƯỜNG,Đô Vinh,01/07/2025,https://danhmuchanhchinh.nso.gov.vn/Doi_Chieu_Moi.aspx
56,Tỉnh Khánh Hòa,22741,Phường Bảo An,PHƯỜNG,Bảo An,01/07/2025,https://danhmuchanhchinh.nso.gov.vn/Doi_Chieu_Moi.aspx
56,Tỉnh Khánh Hòa,22759,Phường Phan Rang,PHƯỜNG,Phan Rang,01/07/2025,https://danhmuchanhchinh.nso.gov.vn/Doi_Chieu_Moi.aspx
56,Tỉnh Khánh Hòa,22780,Phường Đông Hải,PHƯỜNG,Đông Hải,01/07/2025,https://danhmuchanhchinh.nso.gov.vn/Doi_Chieu_Moi.aspx
56,Tỉnh Khánh Hòa,22786,Xã Bác Ái Tây,XÃ,Bác Ái Tây,01/07/2025,https://danhmuchanhchinh.nso.gov.vn/Doi_Chieu_Moi.aspx
56,Tỉnh Khánh Hòa,22795,Xã Bác Ái,XÃ,Bác Ái,01/07/2025,https://danhmuchanhchinh.nso.gov.vn/Doi_Chieu_Moi.aspx
56,Tỉnh Khánh Hòa,22801,Xã Bác Ái Đông,XÃ,Bác Ái Đông,01/07/2025,https://danhmuchanhchinh.nso.gov.vn/Doi_Chieu_Moi.aspx
56,Tỉnh Khánh Hòa,22810,Xã Ninh Sơn,XÃ,Ninh Sơn,01/07/2025,https://danhmuchanhchinh.nso.gov.vn/Doi_Chieu_Moi.aspx
56,Tỉnh Khánh Hòa,22813,Xã Lâm Sơn,XÃ,Lâm Sơn,01/07/2025,https://danhmuchanhchinh.nso.gov.vn/Doi_Chieu_Moi.aspx
56,Tỉnh Khánh Hòa,22822,Xã Mỹ Sơn,XÃ,Mỹ Sơn,01/07/2025,https://danhmuchanhchinh.nso.gov.vn/Doi_Chieu_Moi.aspx
56,Tỉnh Khánh Hòa,22828,Xã Anh Dũng,XÃ,Anh Dũng,01/07/2025,https://danhmuchanhchinh.nso.gov.vn/Doi_Chieu_Moi.aspx
56,Tỉnh Khánh Hòa,22834,Phường Ninh Chử,PHƯỜNG,Ninh Chử,01/07/2025,https://danhmuchanhchinh.nso.gov.vn/Doi_Chieu_Moi.aspx
56,Tỉnh Khánh Hòa,22840,Xã Công Hải,XÃ,Công Hải,01/07/2025,https://danhmuchanhchinh.nso.gov.vn/Doi_Chieu_Moi.aspx
56,Tỉnh Khánh Hòa,22846,Xã Vĩnh Hải,XÃ,Vĩnh Hải,01/07/2025,https://danhmuchanhchinh.nso.gov.vn/Doi_Chieu_Moi.aspx
56,Tỉnh Khánh Hòa,22849,Xã Thuận Bắc,XÃ,Thuận Bắc,01/07/2025,https://danhmuchanhchinh.nso.gov.vn/Doi_Chieu_Moi.aspx
56,Tỉnh Khánh Hòa,22852,Xã Ninh Hải,XÃ,Ninh Hải,01/07/2025,https://danhmuchanhchinh.nso.gov.vn/Doi_Chieu_Moi.aspx
56,Tỉnh Khánh Hòa,22861,Xã Xuân Hải,XÃ,Xuân Hải,01/07/2025,https://danhmuchanhchinh.nso.gov.vn/Doi_Chieu_Moi.aspx
56,Tỉnh Khánh Hòa,22870,Xã Ninh Phước,XÃ,Ninh Phước,01/07/2025,https://danhmuchanhchinh.nso.gov.vn/Doi_Chieu_Moi.aspx
56,Tỉnh Khánh Hòa,22873,Xã Phước Hậu,XÃ,Phước Hậu,01/07/2025,https://danhmuchanhchinh.nso.gov.vn/Doi_Chieu_Moi.aspx
56,Tỉnh Khánh Hòa,22888,Xã Phước Dinh,XÃ,Phước Dinh,01/07/2025,https://danhmuchanhchinh.nso.gov.vn/Doi_Chieu_Moi.aspx
56,Tỉnh Khánh Hòa,22891,Xã Phước Hữu,XÃ,Phước Hữu,01/07/2025,https://danhmuchanhchinh.nso.gov.vn/Doi_Chieu_Moi.aspx
56,Tỉnh Khánh Hòa,22897,Xã Thuận Nam,XÃ,Thuận Nam,01/07/2025,https://danhmuchanhchinh.nso.gov.vn/Doi_Chieu_Moi.aspx
56,Tỉnh Khánh Hòa,22900,Xã Phước Hà,XÃ,Phước Hà,01/07/2025,https://danhmuchanhchinh.nso.gov.vn/Doi_Chieu_Moi.aspx
56,Tỉnh Khánh Hòa,22909,Xã Cà Ná,XÃ,Cà Ná,01/07/2025,https://danhmuchanhchinh.nso.gov.vn/Doi_Chieu_Moi.aspx
52,Tỉnh Gia Lai,21553,Phường Quy Nhơn Bắc,PHƯỜNG,Quy Nhơn Bắc,01/07/2025,https://danhmuchanhchinh.nso.gov.vn/Doi_Chieu_Moi.aspx
52,Tỉnh Gia Lai,21583,Phường Quy Nhơn,PHƯỜNG,Quy Nhơn,01/07/2025,https://danhmuchanhchinh.nso.gov.vn/Doi_Chieu_Moi.aspx
52,Tỉnh Gia Lai,21589,Phường Quy Nhơn Tây,PHƯỜNG,Quy Nhơn Tây,01/07/2025,https://danhmuchanhchinh.nso.gov.vn/Doi_Chieu_Moi.aspx
52,Tỉnh Gia Lai,21592,Phường Quy Nhơn Nam,PHƯỜNG,Quy Nhơn Nam,01/07/2025,https://danhmuchanhchinh.nso.gov.vn/Doi_Chieu_Moi.aspx
52,Tỉnh Gia Lai,21601,Phường Quy Nhơn Đông,PHƯỜNG,Quy Nhơn Đông,01/07/2025,https://danhmuchanhchinh.nso.gov.vn/Doi_Chieu_Moi.aspx
52,Tỉnh Gia Lai,21607,Xã Nhơn Châu,XÃ,Nhơn Châu,01/07/2025,https://danhmuchanhchinh.nso.gov.vn/Doi_Chieu_Moi.aspx
52,Tỉnh Gia Lai,21609,Xã An Lão,XÃ,An Lão,01/07/2025,https://danhmuchanhchinh.nso.gov.vn/Doi_Chieu_Moi.aspx
52,Tỉnh Gia Lai,21616,Xã An Vinh,XÃ,An Vinh,01/07/2025,https://danhmuchanhchinh.nso.gov.vn/Doi_Chieu_Moi.aspx
52,Tỉnh Gia Lai,21622,Xã An Toàn,XÃ,An Toàn,01/07/2025,https://danhmuchanhchinh.nso.gov.vn/Doi_Chieu_Moi.aspx
52,Tỉnh Gia Lai,21628,Xã An Hòa,XÃ,An Hòa,01/07/2025,https://danhmuchanhchinh.nso.gov.vn/Doi_Chieu_Moi.aspx
52,Tỉnh Gia Lai,21637,Phường Tam Quan,PHƯỜNG,Tam Quan,01/07/2025,https://danhmuchanhchinh.nso.gov.vn/Doi_Chieu_Moi.aspx
52,Tỉnh Gia Lai,21640,Phường Bồng Sơn,PHƯỜNG,Bồng Sơn,01/07/2025,https://danhmuchanhchinh.nso.gov.vn/Doi_Chieu_Moi.aspx
52,Tỉnh Gia Lai,21655,Phường Hoài Nhơn Bắc,PHƯỜNG,Hoài Nhơn Bắc,01/07/2025,https://danhmuchanhchinh.nso.gov.vn/Doi_Chieu_Moi.aspx
52,Tỉnh Gia Lai,21661,Phường Hoài Nhơn Tây,PHƯỜNG,Hoài Nhơn Tây,01/07/2025,https://danhmuchanhchinh.nso.gov.vn/Doi_Chieu_Moi.aspx
52,Tỉnh Gia Lai,21664,Phường Hoài Nhơn,PHƯỜNG,Hoài Nhơn,01/07/2025,https://danhmuchanhchinh.nso.gov.vn/Doi_Chieu_Moi.aspx
52,Tỉnh Gia Lai,21670,Phường Hoài Nhơn Đông,PHƯỜNG,Hoài Nhơn Đông,01/07/2025,https://danhmuchanhchinh.nso.gov.vn/Doi_Chieu_Moi.aspx
52,Tỉnh Gia Lai,21673,Phường Hoài Nhơn Nam,PHƯỜNG,Hoài Nhơn Nam,01/07/2025,https://danhmuchanhchinh.nso.gov.vn/Doi_Chieu_Moi.aspx
52,Tỉnh Gia Lai,21688,Xã Hoài Ân,XÃ,Hoài Ân,01/07/2025,https://danhmuchanhchinh.nso.gov.vn/Doi_Chieu_Moi.aspx
52,Tỉnh Gia Lai,21697,Xã Ân Hảo,XÃ,Ân Hảo,01/07/2025,https://danhmuchanhchinh.nso.gov.vn/Doi_Chieu_Moi.aspx
52,Tỉnh Gia Lai,21703,Xã Vạn Đức,XÃ,Vạn Đức,01/07/2025,https://danhmuchanhchinh.nso.gov.vn/Doi_Chieu_Moi.aspx
52,Tỉnh Gia Lai,21715,Xã Ân Tường,XÃ,Ân Tường,01/07/2025,https://danhmuchanhchinh.nso.gov.vn/Doi_Chieu_Moi.aspx
52,Tỉnh Gia Lai,21727,Xã Kim Sơn,XÃ,Kim Sơn,01/07/2025,https://danhmuchanhchinh.nso.gov.vn/Doi_Chieu_Moi.aspx
52,Tỉnh Gia Lai,21730,Xã Phù Mỹ,XÃ,Phù Mỹ,01/07/2025,https://danhmuchanhchinh.nso.gov.vn/Doi_Chieu_Moi.aspx
52,Tỉnh Gia Lai,21733,Xã Bình Dương,XÃ,Bình Dương,01/07/2025,https://danhmuchanhchinh.nso.gov.vn/Doi_Chieu_Moi.aspx
52,Tỉnh Gia Lai,21739,Xã Phù Mỹ Bắc,XÃ,Phù Mỹ Bắc,01/07/2025,https://danhmuchanhchinh.nso.gov.vn/Doi_Chieu_Moi.aspx
52,Tỉnh Gia Lai,21751,Xã Phù Mỹ Đông,XÃ,Phù Mỹ Đông,01/07/2025,https://danhmuchanhchinh.nso.gov.vn/Doi_Chieu_Moi.aspx
52,Tỉnh Gia Lai,21757,Xã Phù Mỹ Tây,XÃ,Phù Mỹ Tây,01/07/2025,https://danhmuchanhchinh.nso.gov.vn/Doi_Chieu_Moi.aspx
52,Tỉnh Gia Lai,21769,Xã An Lương,XÃ,An Lương,01/07/2025,https://danhmuchanhchinh.nso.gov.vn/Doi_Chieu_Moi.aspx
52,Tỉnh Gia Lai,21775,Xã Phù Mỹ Nam,XÃ,Phù Mỹ Nam,01/07/2025,https://danhmuchanhchinh.nso.gov.vn/Doi_Chieu_Moi.aspx
52,Tỉnh Gia Lai,21786,Xã Vĩnh Thạnh,XÃ,Vĩnh Thạnh,01/07/2025,https://danhmuchanhchinh.nso.gov.vn/Doi_Chieu_Moi.aspx
52,Tỉnh Gia Lai,21787,Xã Vĩnh Sơn,XÃ,Vĩnh Sơn,01/07/2025,https://danhmuchanhchinh.nso.gov.vn/Doi_Chieu_Moi.aspx
52,Tỉnh Gia Lai,21796,Xã Vĩnh Thịnh,XÃ,Vĩnh Thịnh,01/07/2025,https://danhmuchanhchinh.nso.gov.vn/Doi_Chieu_Moi.aspx
52,Tỉnh Gia Lai,21805,Xã Vĩnh Quang,XÃ,Vĩnh Quang,01/07/2025,https://danhmuchanhchinh.nso.gov.vn/Doi_Chieu_Moi.aspx
52,Tỉnh Gia Lai,21808,Xã Tây Sơn,XÃ,Tây Sơn,01/07/2025,https://danhmuchanhchinh.nso.gov.vn/Doi_Chieu_Moi.aspx
52,Tỉnh Gia Lai,21817,Xã Bình Hiệp,XÃ,Bình Hiệp,01/07/2025,https://danhmuchanhchinh.nso.gov.vn/Doi_Chieu_Moi.aspx
52,Tỉnh Gia Lai,21820,Xã Bình Khê,XÃ,Bình Khê,01/07/2025,https://danhmuchanhchinh.nso.gov.vn/Doi_Chieu_Moi.aspx
52,Tỉnh Gia Lai,21829,Xã Bình An,XÃ,Bình An,01/07/2025,https://danhmuchanhchinh.nso.gov.vn/Doi_Chieu_Moi.aspx
52,Tỉnh Gia Lai,21835,Xã Bình Phú,XÃ,Bình Phú,01/07/2025,https://danhmuchanhchinh.nso.gov.vn/Doi_Chieu_Moi.aspx
52,Tỉnh Gia Lai,21853,Xã Phù Cát,XÃ,Phù Cát,01/07/2025,https://danhmuchanhchinh.nso.gov.vn/Doi_Chieu_Moi.aspx
52,Tỉnh Gia Lai,21859,Xã Đề Gi,XÃ,Đề Gi,01/07/2025,https://danhmuchanhchinh.nso.gov.vn/Doi_Chieu_Moi.aspx
52,Tỉnh Gia Lai,21868,Xã Hội Sơn,XÃ,Hội Sơn,01/07/2025,https://danhmuchanhchinh.nso.gov.vn/Doi_Chieu_Moi.aspx
52,Tỉnh Gia Lai,21871,Xã Hòa Hội,XÃ,Hòa Hội,01/07/2025,https://danhmuchanhchinh.nso.gov.vn/Doi_Chieu_Moi.aspx
52,Tỉnh Gia Lai,21880,Xã Cát Tiến,XÃ,Cát Tiến,01/07/2025,https://danhmuchanhchinh.nso.gov.vn/Doi_Chieu_Moi.aspx
52,Tỉnh Gia Lai,21892,Xã Xuân An,XÃ,Xuân An,01/07/2025,https://danhmuchanhchinh.nso.gov.vn/Doi_Chieu_Moi.aspx
52,Tỉnh Gia Lai,21901,Xã Ngô Mây,XÃ,Ngô Mây,01/07/2025,https://danhmuchanhchinh.nso.gov.vn/Doi_Chieu_Moi.aspx
52,Tỉnh Gia Lai,21907,Phường Bình Định,PHƯỜNG,Bình Định,01/07/2025,https://danhmuchanhchinh.nso.gov.vn/Doi_Chieu_Moi.aspx
52,Tỉnh Gia Lai,21910,Phường An Nhơn,PHƯỜNG,An Nhơn,01/07/2025,https://danhmuchanhchinh.nso.gov.vn/Doi_Chieu_Moi.aspx
52,Tỉnh Gia Lai,21925,Phường An Nhơn Bắc,PHƯỜNG,An Nhơn Bắc,01/07/2025,https://danhmuchanhchinh.nso.gov.vn/Doi_Chieu_Moi.aspx
52,Tỉnh Gia Lai,21934,Phường An Nhơn Đông,PHƯỜNG,An Nhơn Đông,01/07/2025,https://danhmuchanhchinh.nso.gov.vn/Doi_Chieu_Moi.aspx
52,Tỉnh Gia Lai,21940,Xã An Nhơn Tây,XÃ,An Nhơn Tây,01/07/2025,https://danhmuchanhchinh.nso.gov.vn/Doi_Chieu_Moi.aspx
52,Tỉnh Gia Lai,21943,Phường An Nhơn Nam,PHƯỜNG,An Nhơn Nam,01/07/2025,https://danhmuchanhchinh.nso.gov.vn/Doi_Chieu_Moi.aspx
52,Tỉnh Gia Lai,21952,Xã Tuy Phước,XÃ,Tuy Phước,01/07/2025,https://danhmuchanhchinh.nso.gov.vn/Doi_Chieu_Moi.aspx
52,Tỉnh Gia Lai,21964,Xã Tuy Phước Bắc,XÃ,Tuy Phước Bắc,01/07/2025,https://danhmuchanhchinh.nso.gov.vn/Doi_Chieu_Moi.aspx
52,Tỉnh Gia Lai,21970,Xã Tuy Phước Đông,XÃ,Tuy Phước Đông,01/07/2025,https://danhmuchanhchinh.nso.gov.vn/Doi_Chieu_Moi.aspx
52,Tỉnh Gia Lai,21985,Xã Tuy Phước Tây,XÃ,Tuy Phước Tây,01/07/2025,https://danhmuchanhchinh.nso.gov.vn/Doi_Chieu_Moi.aspx
52,Tỉnh Gia Lai,21994,Xã Vân Canh,XÃ,Vân Canh,01/07/2025,https://danhmuchanhchinh.nso.gov.vn/Doi_Chieu_Moi.aspx
52,Tỉnh Gia Lai,21997,Xã Canh Liên,XÃ,Canh Liên,01/07/2025,https://danhmuchanhchinh.nso.gov.vn/Doi_Chieu_Moi.aspx
52,Tỉnh Gia Lai,22006,Xã Canh Vinh,XÃ,Canh Vinh,01/07/2025,https://danhmuchanhchinh.nso.gov.vn/Doi_Chieu_Moi.aspx
52,Tỉnh Gia Lai,23563,Phường Diên Hồng,PHƯỜNG,Diên Hồng,01/07/2025,https://danhmuchanhchinh.nso.gov.vn/Doi_Chieu_Moi.aspx
52,Tỉnh Gia Lai,23575,Phường Pleiku,PHƯỜNG,Pleiku,01/07/2025,https://danhmuchanhchinh.nso.gov.vn/Doi_Chieu_Moi.aspx
52,Tỉnh Gia Lai,23584,Phường Thống Nhất,PHƯỜNG,Thống Nhất,01/07/2025,https://danhmuchanhchinh.nso.gov.vn/Doi_Chieu_Moi.aspx
52,Tỉnh Gia Lai,23586,Phường Hội Phú,PHƯỜNG,Hội Phú,01/07/2025,https://danhmuchanhchinh.nso.gov.vn/Doi_Chieu_Moi.aspx
52,Tỉnh Gia Lai,23590,Xã Biển Hồ,XÃ,Biển Hồ,01/07/2025,https://danhmuchanhchinh.nso.gov.vn/Doi_Chieu_Moi.aspx
52,Tỉnh Gia Lai,23602,Phường An Phú,PHƯỜNG,An Phú,01/07/2025,https://danhmuchanhchinh.nso.gov.vn/Doi_Chieu_Moi.aspx
52,Tỉnh Gia Lai,23611,Xã Gào,XÃ,Gào,01/07/2025,https://danhmuchanhchinh.nso.gov.vn/Doi_Chieu_Moi.aspx
52,Tỉnh Gia Lai,23614,Phường An Bình,PHƯỜNG,An Bình,01/07/2025,https://danhmuchanhchinh.nso.gov.vn/Doi_Chieu_Moi.aspx
52,Tỉnh Gia Lai,23617,Phường An Khê,PHƯỜNG,An Khê,01/07/2025,https://danhmuchanhchinh.nso.gov.vn/Doi_Chieu_Moi.aspx
52,Tỉnh Gia Lai,23629,Xã Cửu An,XÃ,Cửu An,01/07/2025,https://danhmuchanhchinh.nso.gov.vn/Doi_Chieu_Moi.aspx
52,Tỉnh Gia Lai,23638,Xã Kbang,XÃ,Kbang,01/07/2025,https://danhmuchanhchinh.nso.gov.vn/Doi_Chieu_Moi.aspx
52,Tỉnh Gia Lai,23644,Xã Đak Rong,XÃ,Đak Rong,01/07/2025,https://danhmuchanhchinh.nso.gov.vn/Doi_Chieu_Moi.aspx
52,Tỉnh Gia Lai,23647,Xã Sơn Lang,XÃ,Sơn Lang,01/07/2025,https://danhmuchanhchinh.nso.gov.vn/Doi_Chieu_Moi.aspx
52,Tỉnh Gia Lai,23650,Xã Krong,XÃ,Krong,01/07/2025,https://danhmuchanhchinh.nso.gov.vn/Doi_Chieu_Moi.aspx
52,Tỉnh Gia Lai,23668,Xã Tơ Tung,XÃ,Tơ Tung,01/07/2025,https://danhmuchanhchinh.nso.gov.vn/Doi_Chieu_Moi.aspx
52,Tỉnh Gia Lai,23674,Xã Kông Bơ La,XÃ,Kông Bơ La,01/07/2025,https://danhmuchanhchinh.nso.gov.vn/Doi_Chieu_Moi.aspx
52,Tỉnh Gia Lai,23677,Xã Đak Đoa,XÃ,Đak Đoa,01/07/2025,https://danhmuchanhchinh.nso.gov.vn/Doi_Chieu_Moi.aspx
52,Tỉnh Gia Lai,23683,Xã Đak Sơmei,XÃ,Đak Sơmei,01/07/2025,https://danhmuchanhchinh.nso.gov.vn/Doi_Chieu_Moi.aspx
52,Tỉnh Gia Lai,23701,Xã Kon Gang,XÃ,Kon Gang,01/07/2025,https://danhmuchanhchinh.nso.gov.vn/Doi_Chieu_Moi.aspx
52,Tỉnh Gia Lai,23710,Xã Ia Băng,XÃ,Ia Băng,01/07/2025,https://danhmuchanhchinh.nso.gov.vn/Doi_Chieu_Moi.aspx
52,Tỉnh Gia Lai,23714,Xã KDang,XÃ,KDang,01/07/2025,https://danhmuchanhchinh.nso.gov.vn/Doi_Chieu_Moi.aspx
52,Tỉnh Gia Lai,23722,Xã Chư Păh,XÃ,Chư Păh,01/07/2025,https://danhmuchanhchinh.nso.gov.vn/Doi_Chieu_Moi.aspx
52,Tỉnh Gia Lai,23728,Xã Ia Khươl,XÃ,Ia Khươl,01/07/2025,https://danhmuchanhchinh.nso.gov.vn/Doi_Chieu_Moi.aspx
52,Tỉnh Gia Lai,23734,Xã Ia Ly,XÃ,Ia Ly,01/07/2025,https://danhmuchanhchinh.nso.gov.vn/Doi_Chieu_Moi.aspx
52,Tỉnh Gia Lai,23749,Xã Ia Phí,XÃ,Ia Phí,01/07/2025,https://danhmuchanhchinh.nso.gov.vn/Doi_Chieu_Moi.aspx
52,Tỉnh Gia Lai,23764,Xã Ia Grai,XÃ,Ia Grai,01/07/2025,https://danhmuchanhchinh.nso.gov.vn/Doi_Chieu_Moi.aspx
52,Tỉnh Gia Lai,23767,Xã Ia Hrung,XÃ,Ia Hrung,01/07/2025,https://danhmuchanhchinh.nso.gov.vn/Doi_Chieu_Moi.aspx
52,Tỉnh Gia Lai,23776,Xã Ia Krái,XÃ,Ia Krái,01/07/2025,https://danhmuchanhchinh.nso.gov.vn/Doi_Chieu_Moi.aspx
52,Tỉnh Gia Lai,23782,Xã Ia O,XÃ,Ia O,01/07/2025,https://danhmuchanhchinh.nso.gov.vn/Doi_Chieu_Moi.aspx
52,Tỉnh Gia Lai,23788,Xã Ia Chia,XÃ,Ia Chia,01/07/2025,https://danhmuchanhchinh.nso.gov.vn/Doi_Chieu_Moi.aspx
52,Tỉnh Gia Lai,23794,Xã Mang Yang,XÃ,Mang Yang,01/07/2025,https://danhmuchanhchinh.nso.gov.vn/Doi_Chieu_Moi.aspx
52,Tỉnh Gia Lai,23798,Xã Ayun,XÃ,Ayun,01/07/2025,https://danhmuchanhchinh.nso.gov.vn/Doi_Chieu_Moi.aspx
52,Tỉnh Gia Lai,23799,Xã Hra,XÃ,Hra,01/07/2025,https://danhmuchanhchinh.nso.gov.vn/Doi_Chieu_Moi.aspx
52,Tỉnh Gia Lai,23812,Xã Lơ Pang,XÃ,Lơ Pang,01/07/2025,https://danhmuchanhchinh.nso.gov.vn/Doi_Chieu_Moi.aspx
52,Tỉnh Gia Lai,23818,Xã Kon Chiêng,XÃ,Kon Chiêng,01/07/2025,https://danhmuchanhchinh.nso.gov.vn/Doi_Chieu_Moi.aspx
52,Tỉnh Gia Lai,23824,Xã Kông Chro,XÃ,Kông Chro,01/07/2025,https://danhmuchanhchinh.nso.gov.vn/Doi_Chieu_Moi.aspx
52,Tỉnh Gia Lai,23830,Xã Chư Krey,XÃ,Chư Krey,01/07/2025,https://danhmuchanhchinh.nso.gov.vn/Doi_Chieu_Moi.aspx
52,Tỉnh Gia Lai,23833,Xã Ya Ma,XÃ,Ya Ma,01/07/2025,https://danhmuchanhchinh.nso.gov.vn/Doi_Chieu_Moi.aspx
52,Tỉnh Gia Lai,23839,Xã SRó,XÃ,SRó,01/07/2025,https://danhmuchanhchinh.nso.gov.vn/Doi_Chieu_Moi.aspx
52,Tỉnh Gia Lai,23842,Xã Đăk Song,XÃ,Đăk Song,01/07/2025,https://danhmuchanhchinh.nso.gov.vn/Doi_Chieu_Moi.aspx
52,Tỉnh Gia Lai,23851,Xã Chơ Long,XÃ,Chơ Long,01/07/2025,https://danhmuchanhchinh.nso.gov.vn/Doi_Chieu_Moi.aspx
52,Tỉnh Gia Lai,23857,Xã Đức Cơ,XÃ,Đức Cơ,01/07/2025,https://danhmuchanhchinh.nso.gov.vn/Doi_Chieu_Moi.aspx
52,Tỉnh Gia Lai,23866,Xã Ia Krêl,XÃ,Ia Krêl,01/07/2025,https://danhmuchanhchinh.nso.gov.vn/Doi_Chieu_Moi.aspx
52,Tỉnh Gia Lai,23869,Xã Ia Dơk,XÃ,Ia Dơk,01/07/2025,https://danhmuchanhchinh.nso.gov.vn/Doi_Chieu_Moi.aspx
52,Tỉnh Gia Lai,23872,Xã Ia Dom,XÃ,Ia Dom,01/07/2025,https://danhmuchanhchinh.nso.gov.vn/Doi_Chieu_Moi.aspx
52,Tỉnh Gia Lai,23881,Xã Ia Pnôn,XÃ,Ia Pnôn,01/07/2025,https://danhmuchanhchinh.nso.gov.vn/Doi_Chieu_Moi.aspx
52,Tỉnh Gia Lai,23884,Xã Ia Nan,XÃ,Ia Nan,01/07/2025,https://danhmuchanhchinh.nso.gov.vn/Doi_Chieu_Moi.aspx
52,Tỉnh Gia Lai,23887,Xã Chư Prông,XÃ,Chư Prông,01/07/2025,https://danhmuchanhchinh.nso.gov.vn/Doi_Chieu_Moi.aspx
52,Tỉnh Gia Lai,23896,Xã Bàu Cạn,XÃ,Bàu Cạn,01/07/2025,https://danhmuchanhchinh.nso.gov.vn/Doi_Chieu_Moi.aspx
52,Tỉnh Gia Lai,23908,Xã Ia Tôr,XÃ,Ia Tôr,01/07/2025,https://danhmuchanhchinh.nso.gov.vn/Doi_Chieu_Moi.aspx
52,Tỉnh Gia Lai,23911,Xã Ia Boòng,XÃ,Ia Boòng,01/07/2025,https://danhmuchanhchinh.nso.gov.vn/Doi_Chieu_Moi.aspx
52,Tỉnh Gia Lai,23917,Xã Ia Púch,XÃ,Ia Púch,01/07/2025,https://danhmuchanhchinh.nso.gov.vn/Doi_Chieu_Moi.aspx
52,Tỉnh Gia Lai,23926,Xã Ia Pia,XÃ,Ia Pia,01/07/2025,https://danhmuchanhchinh.nso.gov.vn/Doi_Chieu_Moi.aspx
52,Tỉnh Gia Lai,23935,Xã Ia Lâu,XÃ,Ia Lâu,01/07/2025,https://danhmuchanhchinh.nso.gov.vn/Doi_Chieu_Moi.aspx
52,Tỉnh Gia Lai,23938,Xã Ia Mơ,XÃ,Ia Mơ,01/07/2025,https://danhmuchanhchinh.nso.gov.vn/Doi_Chieu_Moi.aspx
52,Tỉnh Gia Lai,23941,Xã Chư Sê,XÃ,Chư Sê,01/07/2025,https://danhmuchanhchinh.nso.gov.vn/Doi_Chieu_Moi.aspx
52,Tỉnh Gia Lai,23942,Xã Chư Pưh,XÃ,Chư Pưh,01/07/2025,https://danhmuchanhchinh.nso.gov.vn/Doi_Chieu_Moi.aspx
52,Tỉnh Gia Lai,23947,Xã Bờ Ngoong,XÃ,Bờ Ngoong,01/07/2025,https://danhmuchanhchinh.nso.gov.vn/Doi_Chieu_Moi.aspx
52,Tỉnh Gia Lai,23954,Xã Al Bá,XÃ,Al Bá,01/07/2025,https://danhmuchanhchinh.nso.gov.vn/Doi_Chieu_Moi.aspx
52,Tỉnh Gia Lai,23971,Xã Ia Hrú,XÃ,Ia Hrú,01/07/2025,https://danhmuchanhchinh.nso.gov.vn/Doi_Chieu_Moi.aspx
52,Tỉnh Gia Lai,23977,Xã Ia Ko,XÃ,Ia Ko,01/07/2025,https://danhmuchanhchinh.nso.gov.vn/Doi_Chieu_Moi.aspx
52,Tỉnh Gia Lai,23986,Xã Ia Le,XÃ,Ia Le,01/07/2025,https://danhmuchanhchinh.nso.gov.vn/Doi_Chieu_Moi.aspx
52,Tỉnh Gia Lai,23995,Xã Đak Pơ,XÃ,Đak Pơ,01/07/2025,https://danhmuchanhchinh.nso.gov.vn/Doi_Chieu_Moi.aspx
52,Tỉnh Gia Lai,24007,Xã Ya Hội,XÃ,Ya Hội,01/07/2025,https://danhmuchanhchinh.nso.gov.vn/Doi_Chieu_Moi.aspx
52,Tỉnh Gia Lai,24013,Xã Pờ Tó,XÃ,Pờ Tó,01/07/2025,https://danhmuchanhchinh.nso.gov.vn/Doi_Chieu_Moi.aspx
52,Tỉnh Gia Lai,24022,Xã Ia Pa,XÃ,Ia Pa,01/07/2025,https://danhmuchanhchinh.nso.gov.vn/Doi_Chieu_Moi.aspx
52,Tỉnh Gia Lai,24028,Xã Ia Tul,XÃ,Ia Tul,01/07/2025,https://danhmuchanhchinh.nso.gov.vn/Doi_Chieu_Moi.aspx
52,Tỉnh Gia Lai,24043,Xã Phú Thiện,XÃ,Phú Thiện,01/07/2025,https://danhmuchanhchinh.nso.gov.vn/Doi_Chieu_Moi.aspx
52,Tỉnh Gia Lai,24044,Phường Ayun Pa,PHƯỜNG,Ayun Pa,01/07/2025,https://danhmuchanhchinh.nso.gov.vn/Doi_Chieu_Moi.aspx
52,Tỉnh Gia Lai,24049,Xã Chư A Thai,XÃ,Chư A Thai,01/07/2025,https://danhmuchanhchinh.nso.gov.vn/Doi_Chieu_Moi.aspx
52,Tỉnh Gia Lai,24061,Xã Ia Hiao,XÃ,Ia Hiao,01/07/2025,https://danhmuchanhchinh.nso.gov.vn/Doi_Chieu_Moi.aspx
52,Tỉnh Gia Lai,24065,Xã Ia Rbol,XÃ,Ia Rbol,01/07/2025,https://danhmuchanhchinh.nso.gov.vn/Doi_Chieu_Moi.aspx
52,Tỉnh Gia Lai,24073,Xã Ia Sao,XÃ,Ia Sao,01/07/2025,https://danhmuchanhchinh.nso.gov.vn/Doi_Chieu_Moi.aspx
52,Tỉnh Gia Lai,24076,Xã Phú Túc,XÃ,Phú Túc,01/07/2025,https://danhmuchanhchinh.nso.gov.vn/Doi_Chieu_Moi.aspx
52,Tỉnh Gia Lai,24100,Xã Ia Dreh,XÃ,Ia Dreh,01/07/2025,https://danhmuchanhchinh.nso.gov.vn/Doi_Chieu_Moi.aspx
52,Tỉnh Gia Lai,24109,Xã Uar,XÃ,Uar,01/07/2025,https://danhmuchanhchinh.nso.gov.vn/Doi_Chieu_Moi.aspx
52,Tỉnh Gia Lai,24112,Xã Ia Rsai,XÃ,Ia Rsai,01/07/2025,https://danhmuchanhchinh.nso.gov.vn/Doi_Chieu_Moi.aspx
66,Tỉnh Đắk Lắk,22015,Phường Tuy Hòa,PHƯỜNG,Tuy Hòa,01/07/2025,https://danhmuchanhchinh.nso.gov.vn/Doi_Chieu_Moi.aspx
66,Tỉnh Đắk Lắk,22045,Phường Bình Kiến,PHƯỜNG,Bình Kiến,01/07/2025,https://danhmuchanhchinh.nso.gov.vn/Doi_Chieu_Moi.aspx
66,Tỉnh Đắk Lắk,22051,Phường Sông Cầu,PHƯỜNG,Sông Cầu,01/07/2025,https://danhmuchanhchinh.nso.gov.vn/Doi_Chieu_Moi.aspx
66,Tỉnh Đắk Lắk,22057,Xã Xuân Lộc,XÃ,Xuân Lộc,01/07/2025,https://danhmuchanhchinh.nso.gov.vn/Doi_Chieu_Moi.aspx
66,Tỉnh Đắk Lắk,22060,Xã Xuân Cảnh,XÃ,Xuân Cảnh,01/07/2025,https://danhmuchanhchinh.nso.gov.vn/Doi_Chieu_Moi.aspx
66,Tỉnh Đắk Lắk,22075,Xã Xuân Thọ,XÃ,Xuân Thọ,01/07/2025,https://danhmuchanhchinh.nso.gov.vn/Doi_Chieu_Moi.aspx
66,Tỉnh Đắk Lắk,22076,Phường Xuân Đài,PHƯỜNG,Xuân Đài,01/07/2025,https://danhmuchanhchinh.nso.gov.vn/Doi_Chieu_Moi.aspx
66,Tỉnh Đắk Lắk,22081,Xã Đồng Xuân,XÃ,Đồng Xuân,01/07/2025,https://danhmuchanhchinh.nso.gov.vn/Doi_Chieu_Moi.aspx
66,Tỉnh Đắk Lắk,22090,Xã Xuân Lãnh,XÃ,Xuân Lãnh,01/07/2025,https://danhmuchanhchinh.nso.gov.vn/Doi_Chieu_Moi.aspx
66,Tỉnh Đắk Lắk,22096,Xã Phú Mỡ,XÃ,Phú Mỡ,01/07/2025,https://danhmuchanhchinh.nso.gov.vn/Doi_Chieu_Moi.aspx
66,Tỉnh Đắk Lắk,22111,Xã Xuân Phước,XÃ,Xuân Phước,01/07/2025,https://danhmuchanhchinh.nso.gov.vn/Doi_Chieu_Moi.aspx
66,Tỉnh Đắk Lắk,22114,Xã Tuy An Bắc,XÃ,Tuy An Bắc,01/07/2025,https://danhmuchanhchinh.nso.gov.vn/Doi_Chieu_Moi.aspx
66,Tỉnh Đắk Lắk,22120,Xã Tuy An Đông,XÃ,Tuy An Đông,01/07/2025,https://danhmuchanhchinh.nso.gov.vn/Doi_Chieu_Moi.aspx
66,Tỉnh Đắk Lắk,22132,Xã Tuy An Tây,XÃ,Tuy An Tây,01/07/2025,https://danhmuchanhchinh.nso.gov.vn/Doi_Chieu_Moi.aspx
66,Tỉnh Đắk Lắk,22147,Xã Ô Loan,XÃ,Ô Loan,01/07/2025,https://danhmuchanhchinh.nso.gov.vn/Doi_Chieu_Moi.aspx
66,Tỉnh Đắk Lắk,22153,Xã Tuy An Nam,XÃ,Tuy An Nam,01/07/2025,https://danhmuchanhchinh.nso.gov.vn/Doi_Chieu_Moi.aspx
66,Tỉnh Đắk Lắk,22165,Xã Sơn Hòa,XÃ,Sơn Hòa,01/07/2025,https://danhmuchanhchinh.nso.gov.vn/Doi_Chieu_Moi.aspx
66,Tỉnh Đắk Lắk,22171,Xã Tây Sơn,XÃ,Tây Sơn,01/07/2025,https://danhmuchanhchinh.nso.gov.vn/Doi_Chieu_Moi.aspx
66,Tỉnh Đắk Lắk,22177,Xã Vân Hòa,XÃ,Vân Hòa,01/07/2025,https://danhmuchanhchinh.nso.gov.vn/Doi_Chieu_Moi.aspx
66,Tỉnh Đắk Lắk,22192,Xã Suối Trai,XÃ,Suối Trai,01/07/2025,https://danhmuchanhchinh.nso.gov.vn/Doi_Chieu_Moi.aspx
66,Tỉnh Đắk Lắk,22207,Xã Sông Hinh,XÃ,Sông Hinh,01/07/2025,https://danhmuchanhchinh.nso.gov.vn/Doi_Chieu_Moi.aspx
66,Tỉnh Đắk Lắk,22222,Xã Đức Bình,XÃ,Đức Bình,01/07/2025,https://danhmuchanhchinh.nso.gov.vn/Doi_Chieu_Moi.aspx
66,Tỉnh Đắk Lắk,22225,Xã Ea Bá,XÃ,Ea Bá,01/07/2025,https://danhmuchanhchinh.nso.gov.vn/Doi_Chieu_Moi.aspx
66,Tỉnh Đắk Lắk,22237,Xã Ea Ly,XÃ,Ea Ly,01/07/2025,https://danhmuchanhchinh.nso.gov.vn/Doi_Chieu_Moi.aspx
66,Tỉnh Đắk Lắk,22240,Phường Phú Yên,PHƯỜNG,Phú Yên,01/07/2025,https://danhmuchanhchinh.nso.gov.vn/Doi_Chieu_Moi.aspx
66,Tỉnh Đắk Lắk,22250,Xã Sơn Thành,XÃ,Sơn Thành,01/07/2025,https://danhmuchanhchinh.nso.gov.vn/Doi_Chieu_Moi.aspx
66,Tỉnh Đắk Lắk,22255,Xã Tây Hòa,XÃ,Tây Hòa,01/07/2025,https://danhmuchanhchinh.nso.gov.vn/Doi_Chieu_Moi.aspx
66,Tỉnh Đắk Lắk,22258,Phường Đông Hòa,PHƯỜNG,Đông Hòa,01/07/2025,https://danhmuchanhchinh.nso.gov.vn/Doi_Chieu_Moi.aspx
66,Tỉnh Đắk Lắk,22261,Phường Hòa Hiệp,PHƯỜNG,Hòa Hiệp,01/07/2025,https://danhmuchanhchinh.nso.gov.vn/Doi_Chieu_Moi.aspx
66,Tỉnh Đắk Lắk,22276,Xã Hòa Thịnh,XÃ,Hòa Thịnh,01/07/2025,https://danhmuchanhchinh.nso.gov.vn/Doi_Chieu_Moi.aspx
66,Tỉnh Đắk Lắk,22285,Xã Hòa Mỹ,XÃ,Hòa Mỹ,01/07/2025,https://danhmuchanhchinh.nso.gov.vn/Doi_Chieu_Moi.aspx
66,Tỉnh Đắk Lắk,22291,Xã Hòa Xuân,XÃ,Hòa Xuân,01/07/2025,https://danhmuchanhchinh.nso.gov.vn/Doi_Chieu_Moi.aspx
66,Tỉnh Đắk Lắk,22303,Xã Phú Hòa 2,XÃ,Phú Hòa 2,01/07/2025,https://danhmuchanhchinh.nso.gov.vn/Doi_Chieu_Moi.aspx
66,Tỉnh Đắk Lắk,22319,Xã Phú Hòa 1,XÃ,Phú Hòa 1,01/07/2025,https://danhmuchanhchinh.nso.gov.vn/Doi_Chieu_Moi.aspx
66,Tỉnh Đắk Lắk,24121,Phường Tân Lập,PHƯỜNG,Tân Lập,01/07/2025,https://danhmuchanhchinh.nso.gov.vn/Doi_Chieu_Moi.aspx
66,Tỉnh Đắk Lắk,24133,Phường Buôn Ma Thuột,PHƯỜNG,Buôn Ma Thuột,01/07/2025,https://danhmuchanhchinh.nso.gov.vn/Doi_Chieu_Moi.aspx
66,Tỉnh Đắk Lắk,24154,Phường Thành Nhất,PHƯỜNG,Thành Nhất,01/07/2025,https://danhmuchanhchinh.nso.gov.vn/Doi_Chieu_Moi.aspx
66,Tỉnh Đắk Lắk,24163,Phường Tân An,PHƯỜNG,Tân An,01/07/2025,https://danhmuchanhchinh.nso.gov.vn/Doi_Chieu_Moi.aspx
66,Tỉnh Đắk Lắk,24169,Phường Ea Kao,PHƯỜNG,Ea Kao,01/07/2025,https://danhmuchanhchinh.nso.gov.vn/Doi_Chieu_Moi.aspx
66,Tỉnh Đắk Lắk,24175,Xã Hòa Phú,XÃ,Hòa Phú,01/07/2025,https://danhmuchanhchinh.nso.gov.vn/Doi_Chieu_Moi.aspx
66,Tỉnh Đắk Lắk,24181,Xã Ea Drăng,XÃ,Ea Drăng,01/07/2025,https://danhmuchanhchinh.nso.gov.vn/Doi_Chieu_Moi.aspx
66,Tỉnh Đắk Lắk,24184,Xã Ea H’Leo,XÃ,Ea H’Leo,01/07/2025,https://danhmuchanhchinh.nso.gov.vn/Doi_Chieu_Moi.aspx
66,Tỉnh Đắk Lắk,24187,Xã Ea Hiao,XÃ,Ea Hiao,01/07/2025,https://danhmuchanhchinh.nso.gov.vn/Doi_Chieu_Moi.aspx
66,Tỉnh Đắk Lắk,24193,Xã Ea Wy,XÃ,Ea Wy,01/07/2025,https://danhmuchanhchinh.nso.gov.vn/Doi_Chieu_Moi.aspx
66,Tỉnh Đắk Lắk,24208,Xã Ea Khăl,XÃ,Ea Khăl,01/07/2025,https://danhmuchanhchinh.nso.gov.vn/Doi_Chieu_Moi.aspx
66,Tỉnh Đắk Lắk,24211,Xã Ea Súp,XÃ,Ea Súp,01/07/2025,https://danhmuchanhchinh.nso.gov.vn/Doi_Chieu_Moi.aspx
66,Tỉnh Đắk Lắk,24214,Xã Ia Lốp,XÃ,Ia Lốp,01/07/2025,https://danhmuchanhchinh.nso.gov.vn/Doi_Chieu_Moi.aspx
66,Tỉnh Đắk Lắk,24217,Xã Ea Rốk,XÃ,Ea Rốk,01/07/2025,https://danhmuchanhchinh.nso.gov.vn/Doi_Chieu_Moi.aspx
66,Tỉnh Đắk Lắk,24221,Xã Ia Rvê,XÃ,Ia Rvê,01/07/2025,https://danhmuchanhchinh.nso.gov.vn/Doi_Chieu_Moi.aspx
66,Tỉnh Đắk Lắk,24229,Xã Ea Bung,XÃ,Ea Bung,01/07/2025,https://danhmuchanhchinh.nso.gov.vn/Doi_Chieu_Moi.aspx
66,Tỉnh Đắk Lắk,24235,Xã Buôn Đôn,XÃ,Buôn Đôn,01/07/2025,https://danhmuchanhchinh.nso.gov.vn/Doi_Chieu_Moi.aspx
66,Tỉnh Đắk Lắk,24241,Xã Ea Wer,XÃ,Ea Wer,01/07/2025,https://danhmuchanhchinh.nso.gov.vn/Doi_Chieu_Moi.aspx
66,Tỉnh Đắk Lắk,24250,Xã Ea Nuôl,XÃ,Ea Nuôl,01/07/2025,https://danhmuchanhchinh.nso.gov.vn/Doi_Chieu_Moi.aspx
66,Tỉnh Đắk Lắk,24259,Xã Quảng Phú,XÃ,Quảng Phú,01/07/2025,https://danhmuchanhchinh.nso.gov.vn/Doi_Chieu_Moi.aspx
66,Tỉnh Đắk Lắk,24265,Xã Ea Kiết,XÃ,Ea Kiết,01/07/2025,https://danhmuchanhchinh.nso.gov.vn/Doi_Chieu_Moi.aspx
66,Tỉnh Đắk Lắk,24277,Xã Ea Tul,XÃ,Ea Tul,01/07/2025,https://danhmuchanhchinh.nso.gov.vn/Doi_Chieu_Moi.aspx
66,Tỉnh Đắk Lắk,24280,Xã Cư M’gar,XÃ,Cư M’gar,01/07/2025,https://danhmuchanhchinh.nso.gov.vn/Doi_Chieu_Moi.aspx
66,Tỉnh Đắk Lắk,24286,Xã Ea M’Droh,XÃ,Ea M’Droh,01/07/2025,https://danhmuchanhchinh.nso.gov.vn/Doi_Chieu_Moi.aspx
66,Tỉnh Đắk Lắk,24301,Xã Cuôr Đăng,XÃ,Cuôr Đăng,01/07/2025,https://danhmuchanhchinh.nso.gov.vn/Doi_Chieu_Moi.aspx
66,Tỉnh Đắk Lắk,24305,Phường Buôn Hồ,PHƯỜNG,Buôn Hồ,01/07/2025,https://danhmuchanhchinh.nso.gov.vn/Doi_Chieu_Moi.aspx
66,Tỉnh Đắk Lắk,24310,Xã Krông Búk,XÃ,Krông Búk,01/07/2025,https://danhmuchanhchinh.nso.gov.vn/Doi_Chieu_Moi.aspx
66,Tỉnh Đắk Lắk,24313,Xã Cư Pơng,XÃ,Cư Pơng,01/07/2025,https://danhmuchanhchinh.nso.gov.vn/Doi_Chieu_Moi.aspx
66,Tỉnh Đắk Lắk,24316,Xã Pơng Drang,XÃ,Pơng Drang,01/07/2025,https://danhmuchanhchinh.nso.gov.vn/Doi_Chieu_Moi.aspx
66,Tỉnh Đắk Lắk,24328,Xã Ea Drông,XÃ,Ea Drông,01/07/2025,https://danhmuchanhchinh.nso.gov.vn/Doi_Chieu_Moi.aspx
66,Tỉnh Đắk Lắk,24340,Phường Cư Bao,PHƯỜNG,Cư Bao,01/07/2025,https://danhmuchanhchinh.nso.gov.vn/Doi_Chieu_Moi.aspx
66,Tỉnh Đắk Lắk,24343,Xã Krông Năng,XÃ,Krông Năng,01/07/2025,https://danhmuchanhchinh.nso.gov.vn/Doi_Chieu_Moi.aspx
66,Tỉnh Đắk Lắk,24346,Xã Dliê Ya,XÃ,Dliê Ya,01/07/2025,https://danhmuchanhchinh.nso.gov.vn/Doi_Chieu_Moi.aspx
66,Tỉnh Đắk Lắk,24352,Xã Tam Giang,XÃ,Tam Giang,01/07/2025,https://danhmuchanhchinh.nso.gov.vn/Doi_Chieu_Moi.aspx
66,Tỉnh Đắk Lắk,24364,Xã Phú Xuân,XÃ,Phú Xuân,01/07/2025,https://danhmuchanhchinh.nso.gov.vn/Doi_Chieu_Moi.aspx
66,Tỉnh Đắk Lắk,24373,Xã Ea Kar,XÃ,Ea Kar,01/07/2025,https://danhmuchanhchinh.nso.gov.vn/Doi_Chieu_Moi.aspx
66,Tỉnh Đắk Lắk,24376,Xã Ea Knốp,XÃ,Ea Knốp,01/07/2025,https://danhmuchanhchinh.nso.gov.vn/Doi_Chieu_Moi.aspx
66,Tỉnh Đắk Lắk,24400,Xã Ea Păl,XÃ,Ea Păl,01/07/2025,https://danhmuchanhchinh.nso.gov.vn/Doi_Chieu_Moi.aspx
66,Tỉnh Đắk Lắk,24403,Xã Ea Ô,XÃ,Ea Ô,01/07/2025,https://danhmuchanhchinh.nso.gov.vn/Doi_Chieu_Moi.aspx
66,Tỉnh Đắk Lắk,24406,Xã Cư Yang,XÃ,Cư Yang,01/07/2025,https://danhmuchanhchinh.nso.gov.vn/Doi_Chieu_Moi.aspx
66,Tỉnh Đắk Lắk,24412,Xã M’Drắk,XÃ,M’Drắk,01/07/2025,https://danhmuchanhchinh.nso.gov.vn/Doi_Chieu_Moi.aspx
66,Tỉnh Đắk Lắk,24415,Xã Cư Prao,XÃ,Cư Prao,01/07/2025,https://danhmuchanhchinh.nso.gov.vn/Doi_Chieu_Moi.aspx
66,Tỉnh Đắk Lắk,24433,Xã Ea Riêng,XÃ,Ea Riêng,01/07/2025,https://danhmuchanhchinh.nso.gov.vn/Doi_Chieu_Moi.aspx
66,Tỉnh Đắk Lắk,24436,Xã Cư M’ta,XÃ,Cư M’ta,01/07/2025,https://danhmuchanhchinh.nso.gov.vn/Doi_Chieu_Moi.aspx
66,Tỉnh Đắk Lắk,24444,Xã Krông Á,XÃ,Krông Á,01/07/2025,https://danhmuchanhchinh.nso.gov.vn/Doi_Chieu_Moi.aspx
66,Tỉnh Đắk Lắk,24445,Xã Ea Trang,XÃ,Ea Trang,01/07/2025,https://danhmuchanhchinh.nso.gov.vn/Doi_Chieu_Moi.aspx
66,Tỉnh Đắk Lắk,24448,Xã Krông Bông,XÃ,Krông Bông,01/07/2025,https://danhmuchanhchinh.nso.gov.vn/Doi_Chieu_Moi.aspx
66,Tỉnh Đắk Lắk,24454,Xã Dang Kang,XÃ,Dang Kang,01/07/2025,https://danhmuchanhchinh.nso.gov.vn/Doi_Chieu_Moi.aspx
66,Tỉnh Đắk Lắk,24472,Xã Hòa Sơn,XÃ,Hòa Sơn,01/07/2025,https://danhmuchanhchinh.nso.gov.vn/Doi_Chieu_Moi.aspx
66,Tỉnh Đắk Lắk,24478,Xã Cư Pui,XÃ,Cư Pui,01/07/2025,https://danhmuchanhchinh.nso.gov.vn/Doi_Chieu_Moi.aspx
66,Tỉnh Đắk Lắk,24484,Xã Yang Mao,XÃ,Yang Mao,01/07/2025,https://danhmuchanhchinh.nso.gov.vn/Doi_Chieu_Moi.aspx
66,Tỉnh Đắk Lắk,24490,Xã Krông Pắc,XÃ,Krông Pắc,01/07/2025,https://danhmuchanhchinh.nso.gov.vn/Doi_Chieu_Moi.aspx
66,Tỉnh Đắk Lắk,24496,Xã Ea Kly,XÃ,Ea Kly,01/07/2025,https://danhmuchanhchinh.nso.gov.vn/Doi_Chieu_Moi.aspx
66,Tỉnh Đắk Lắk,24502,Xã Ea Phê,XÃ,Ea Phê,01/07/2025,https://danhmuchanhchinh.nso.gov.vn/Doi_Chieu_Moi.aspx
66,Tỉnh Đắk Lắk,24505,Xã Ea Knuếc,XÃ,Ea Knuếc,01/07/2025,https://danhmuchanhchinh.nso.gov.vn/Doi_Chieu_Moi.aspx
66,Tỉnh Đắk Lắk,24526,Xã Tân Tiến,XÃ,Tân Tiến,01/07/2025,https://danhmuchanhchinh.nso.gov.vn/Doi_Chieu_Moi.aspx
66,Tỉnh Đắk Lắk,24529,Xã Vụ Bổn,XÃ,Vụ Bổn,01/07/2025,https://danhmuchanhchinh.nso.gov.vn/Doi_Chieu_Moi.aspx
66,Tỉnh Đắk Lắk,24538,Xã Krông Ana,XÃ,Krông Ana,01/07/2025,https://danhmuchanhchinh.nso.gov.vn/Doi_Chieu_Moi.aspx
66,Tỉnh Đắk Lắk,24540,Xã Ea Ning,XÃ,Ea Ning,01/07/2025,https://danhmuchanhchinh.nso.gov.vn/Doi_Chieu_Moi.aspx
66,Tỉnh Đắk Lắk,24544,Xã Ea Ktur,XÃ,Ea Ktur,01/07/2025,https://danhmuchanhchinh.nso.gov.vn/Doi_Chieu_Moi.aspx
66,Tỉnh Đắk Lắk,24559,Xã Ea Na,XÃ,Ea Na,01/07/2025,https://danhmuchanhchinh.nso.gov.vn/Doi_Chieu_Moi.aspx
66,Tỉnh Đắk Lắk,24561,Xã Dray Bhăng,XÃ,Dray Bhăng,01/07/2025,https://danhmuchanhchinh.nso.gov.vn/Doi_Chieu_Moi.aspx
66,Tỉnh Đắk Lắk,24568,Xã Dur Kmăl,XÃ,Dur Kmăl,01/07/2025,https://danhmuchanhchinh.nso.gov.vn/Doi_Chieu_Moi.aspx
66,Tỉnh Đắk Lắk,24580,Xã Liên Sơn Lắk,XÃ,Liên Sơn Lắk,01/07/2025,https://danhmuchanhchinh.nso.gov.vn/Doi_Chieu_Moi.aspx
66,Tỉnh Đắk Lắk,24595,Xã Đắk Liêng,XÃ,Đắk Liêng,01/07/2025,https://danhmuchanhchinh.nso.gov.vn/Doi_Chieu_Moi.aspx
66,Tỉnh Đắk Lắk,24598,Xã Đắk Phơi,XÃ,Đắk Phơi,01/07/2025,https://danhmuchanhchinh.nso.gov.vn/Doi_Chieu_Moi.aspx
66,Tỉnh Đắk Lắk,24604,Xã Krông Nô,XÃ,Krông Nô,01/07/2025,https://danhmuchanhchinh.nso.gov.vn/Doi_Chieu_Moi.aspx
66,Tỉnh Đắk Lắk,24607,Xã Nam Ka,XÃ,Nam Ka,01/07/2025,https://danhmuchanhchinh.nso.gov.vn/Doi_Chieu_Moi.aspx
68,Tỉnh Lâm Đồng,22918,Phường Mũi Né,PHƯỜNG,Mũi Né,01/07/2025,https://danhmuchanhchinh.nso.gov.vn/Doi_Chieu_Moi.aspx
68,Tỉnh Lâm Đồng,22924,Phường Phú Thuỷ,PHƯỜNG,Phú Thuỷ,01/07/2025,https://danhmuchanhchinh.nso.gov.vn/Doi_Chieu_Moi.aspx
68,Tỉnh Lâm Đồng,22933,Phường Hàm Thắng,PHƯỜNG,Hàm Thắng,01/07/2025,https://danhmuchanhchinh.nso.gov.vn/Doi_Chieu_Moi.aspx
68,Tỉnh Lâm Đồng,22945,Phường Phan Thiết,PHƯỜNG,Phan Thiết,01/07/2025,https://danhmuchanhchinh.nso.gov.vn/Doi_Chieu_Moi.aspx
68,Tỉnh Lâm Đồng,22954,Phường Tiến Thành,PHƯỜNG,Tiến Thành,01/07/2025,https://danhmuchanhchinh.nso.gov.vn/Doi_Chieu_Moi.aspx
68,Tỉnh Lâm Đồng,22960,Phường Bình Thuận,PHƯỜNG,Bình Thuận,01/07/2025,https://danhmuchanhchinh.nso.gov.vn/Doi_Chieu_Moi.aspx
68,Tỉnh Lâm Đồng,22963,Xã Tuyên Quang,XÃ,Tuyên Quang,01/07/2025,https://danhmuchanhchinh.nso.gov.vn/Doi_Chieu_Moi.aspx
68,Tỉnh Lâm Đồng,22969,Xã Liên Hương,XÃ,Liên Hương,01/07/2025,https://danhmuchanhchinh.nso.gov.vn/Doi_Chieu_Moi.aspx
68,Tỉnh Lâm Đồng,22972,Xã Phan Rí Cửa,XÃ,Phan Rí Cửa,01/07/2025,https://danhmuchanhchinh.nso.gov.vn/Doi_Chieu_Moi.aspx
68,Tỉnh Lâm Đồng,22978,Xã Tuy Phong,XÃ,Tuy Phong,01/07/2025,https://danhmuchanhchinh.nso.gov.vn/Doi_Chieu_Moi.aspx
68,Tỉnh Lâm Đồng,22981,Xã Vĩnh Hảo,XÃ,Vĩnh Hảo,01/07/2025,https://danhmuchanhchinh.nso.gov.vn/Doi_Chieu_Moi.aspx
68,Tỉnh Lâm Đồng,23005,Xã Bắc Bình,XÃ,Bắc Bình,01/07/2025,https://danhmuchanhchinh.nso.gov.vn/Doi_Chieu_Moi.aspx
68,Tỉnh Lâm Đồng,23008,Xã Phan Sơn,XÃ,Phan Sơn,01/07/2025,https://danhmuchanhchinh.nso.gov.vn/Doi_Chieu_Moi.aspx
68,Tỉnh Lâm Đồng,23020,Xã Hải Ninh,XÃ,Hải Ninh,01/07/2025,https://danhmuchanhchinh.nso.gov.vn/Doi_Chieu_Moi.aspx
68,Tỉnh Lâm Đồng,23023,Xã Sông Lũy,XÃ,Sông Lũy,01/07/2025,https://danhmuchanhchinh.nso.gov.vn/Doi_Chieu_Moi.aspx
68,Tỉnh Lâm Đồng,23032,Xã Lương Sơn,XÃ,Lương Sơn,01/07/2025,https://danhmuchanhchinh.nso.gov.vn/Doi_Chieu_Moi.aspx
68,Tỉnh Lâm Đồng,23041,Xã Hồng Thái,XÃ,Hồng Thái,01/07/2025,https://danhmuchanhchinh.nso.gov.vn/Doi_Chieu_Moi.aspx
68,Tỉnh Lâm Đồng,23053,Xã Hòa Thắng,XÃ,Hòa Thắng,01/07/2025,https://danhmuchanhchinh.nso.gov.vn/Doi_Chieu_Moi.aspx
68,Tỉnh Lâm Đồng,23059,Xã Hàm Thuận,XÃ,Hàm Thuận,01/07/2025,https://danhmuchanhchinh.nso.gov.vn/Doi_Chieu_Moi.aspx
68,Tỉnh Lâm Đồng,23065,Xã La Dạ,XÃ,La Dạ,01/07/2025,https://danhmuchanhchinh.nso.gov.vn/Doi_Chieu_Moi.aspx
68,Tỉnh Lâm Đồng,23074,Xã Đông Giang,XÃ,Đông Giang,01/07/2025,https://danhmuchanhchinh.nso.gov.vn/Doi_Chieu_Moi.aspx
68,Tỉnh Lâm Đồng,23086,Xã Hồng Sơn,XÃ,Hồng Sơn,01/07/2025,https://danhmuchanhchinh.nso.gov.vn/Doi_Chieu_Moi.aspx
68,Tỉnh Lâm Đồng,23089,Xã Hàm Thuận Bắc,XÃ,Hàm Thuận Bắc,01/07/2025,https://danhmuchanhchinh.nso.gov.vn/Doi_Chieu_Moi.aspx
68,Tỉnh Lâm Đồng,23095,Xã Hàm Liêm,XÃ,Hàm Liêm,01/07/2025,https://danhmuchanhchinh.nso.gov.vn/Doi_Chieu_Moi.aspx
68,Tỉnh Lâm Đồng,23110,Xã Hàm Thuận Nam,XÃ,Hàm Thuận Nam,01/07/2025,https://danhmuchanhchinh.nso.gov.vn/Doi_Chieu_Moi.aspx
68,Tỉnh Lâm Đồng,23122,Xã Hàm Thạnh,XÃ,Hàm Thạnh,01/07/2025,https://danhmuchanhchinh.nso.gov.vn/Doi_Chieu_Moi.aspx
68,Tỉnh Lâm Đồng,23128,Xã Hàm Kiệm,XÃ,Hàm Kiệm,01/07/2025,https://danhmuchanhchinh.nso.gov.vn/Doi_Chieu_Moi.aspx
68,Tỉnh Lâm Đồng,23134,Xã Tân Lập,XÃ,Tân Lập,01/07/2025,https://danhmuchanhchinh.nso.gov.vn/Doi_Chieu_Moi.aspx
68,Tỉnh Lâm Đồng,23143,Xã Tân Thành,XÃ,Tân Thành,01/07/2025,https://danhmuchanhchinh.nso.gov.vn/Doi_Chieu_Moi.aspx
68,Tỉnh Lâm Đồng,23149,Xã Tánh Linh,XÃ,Tánh Linh,01/07/2025,https://danhmuchanhchinh.nso.gov.vn/Doi_Chieu_Moi.aspx
68,Tỉnh Lâm Đồng,23152,Xã Bắc Ruộng,XÃ,Bắc Ruộng,01/07/2025,https://danhmuchanhchinh.nso.gov.vn/Doi_Chieu_Moi.aspx
68,Tỉnh Lâm Đồng,23158,Xã Nghị Đức,XÃ,Nghị Đức,01/07/2025,https://danhmuchanhchinh.nso.gov.vn/Doi_Chieu_Moi.aspx
68,Tỉnh Lâm Đồng,23173,Xã Đồng Kho,XÃ,Đồng Kho,01/07/2025,https://danhmuchanhchinh.nso.gov.vn/Doi_Chieu_Moi.aspx
68,Tỉnh Lâm Đồng,23188,Xã Suối Kiết,XÃ,Suối Kiết,01/07/2025,https://danhmuchanhchinh.nso.gov.vn/Doi_Chieu_Moi.aspx
68,Tỉnh Lâm Đồng,23191,Xã Đức Linh,XÃ,Đức Linh,01/07/2025,https://danhmuchanhchinh.nso.gov.vn/Doi_Chieu_Moi.aspx
68,Tỉnh Lâm Đồng,23194,Xã Hoài Đức,XÃ,Hoài Đức,01/07/2025,https://danhmuchanhchinh.nso.gov.vn/Doi_Chieu_Moi.aspx
68,Tỉnh Lâm Đồng,23200,Xã Nam Thành,XÃ,Nam Thành,01/07/2025,https://danhmuchanhchinh.nso.gov.vn/Doi_Chieu_Moi.aspx
68,Tỉnh Lâm Đồng,23227,Xã Trà Tân,XÃ,Trà Tân,01/07/2025,https://danhmuchanhchinh.nso.gov.vn/Doi_Chieu_Moi.aspx
68,Tỉnh Lâm Đồng,23230,Xã Tân Minh,XÃ,Tân Minh,01/07/2025,https://danhmuchanhchinh.nso.gov.vn/Doi_Chieu_Moi.aspx
68,Tỉnh Lâm Đồng,23231,Phường Phước Hội,PHƯỜNG,Phước Hội,01/07/2025,https://danhmuchanhchinh.nso.gov.vn/Doi_Chieu_Moi.aspx
68,Tỉnh Lâm Đồng,23235,Phường La Gi,PHƯỜNG,La Gi,01/07/2025,https://danhmuchanhchinh.nso.gov.vn/Doi_Chieu_Moi.aspx
68,Tỉnh Lâm Đồng,23236,Xã Hàm Tân,XÃ,Hàm Tân,01/07/2025,https://danhmuchanhchinh.nso.gov.vn/Doi_Chieu_Moi.aspx
68,Tỉnh Lâm Đồng,23246,Xã Tân Hải,XÃ,Tân Hải,01/07/2025,https://danhmuchanhchinh.nso.gov.vn/Doi_Chieu_Moi.aspx
68,Tỉnh Lâm Đồng,23266,Xã Sơn Mỹ,XÃ,Sơn Mỹ,01/07/2025,https://danhmuchanhchinh.nso.gov.vn/Doi_Chieu_Moi.aspx
68,Tỉnh Lâm Đồng,23272,Đặc khu Phú Quý,ĐẶC KHU,Phú Quý,01/07/2025,https://danhmuchanhchinh.nso.gov.vn/Doi_Chieu_Moi.aspx
68,Tỉnh Lâm Đồng,24611,Phường Bắc Gia Nghĩa,PHƯỜNG,Bắc Gia Nghĩa,01/07/2025,https://danhmuchanhchinh.nso.gov.vn/Doi_Chieu_Moi.aspx
68,Tỉnh Lâm Đồng,24615,Phường Nam Gia Nghĩa,PHƯỜNG,Nam Gia Nghĩa,01/07/2025,https://danhmuchanhchinh.nso.gov.vn/Doi_Chieu_Moi.aspx
68,Tỉnh Lâm Đồng,24616,Xã Quảng Sơn,XÃ,Quảng Sơn,01/07/2025,https://danhmuchanhchinh.nso.gov.vn/Doi_Chieu_Moi.aspx
68,Tỉnh Lâm Đồng,24617,Phường Đông Gia Nghĩa,PHƯỜNG,Đông Gia Nghĩa,01/07/2025,https://danhmuchanhchinh.nso.gov.vn/Doi_Chieu_Moi.aspx
68,Tỉnh Lâm Đồng,24620,Xã Quảng Hòa,XÃ,Quảng Hòa,01/07/2025,https://danhmuchanhchinh.nso.gov.vn/Doi_Chieu_Moi.aspx
68,Tỉnh Lâm Đồng,24631,Xã Quảng Khê,XÃ,Quảng Khê,01/07/2025,https://danhmuchanhchinh.nso.gov.vn/Doi_Chieu_Moi.aspx
68,Tỉnh Lâm Đồng,24637,Xã Tà Đùng,XÃ,Tà Đùng,01/07/2025,https://danhmuchanhchinh.nso.gov.vn/Doi_Chieu_Moi.aspx
68,Tỉnh Lâm Đồng,24640,Xã Cư Jút,XÃ,Cư Jút,01/07/2025,https://danhmuchanhchinh.nso.gov.vn/Doi_Chieu_Moi.aspx
68,Tỉnh Lâm Đồng,24646,Xã Đắk Wil,XÃ,Đắk Wil,01/07/2025,https://danhmuchanhchinh.nso.gov.vn/Doi_Chieu_Moi.aspx
68,Tỉnh Lâm Đồng,24649,Xã Nam Dong,XÃ,Nam Dong,01/07/2025,https://danhmuchanhchinh.nso.gov.vn/Doi_Chieu_Moi.aspx
68,Tỉnh Lâm Đồng,24664,Xã Đức Lập,XÃ,Đức Lập,01/07/2025,https://danhmuchanhchinh.nso.gov.vn/Doi_Chieu_Moi.aspx
68,Tỉnh Lâm Đồng,24670,Xã Đắk Mil,XÃ,Đắk Mil,01/07/2025,https://danhmuchanhchinh.nso.gov.vn/Doi_Chieu_Moi.aspx
68,Tỉnh Lâm Đồng,24678,Xã Đắk Sắk,XÃ,Đắk Sắk,01/07/2025,https://danhmuchanhchinh.nso.gov.vn/Doi_Chieu_Moi.aspx
68,Tỉnh Lâm Đồng,24682,Xã Thuận An,XÃ,Thuận An,01/07/2025,https://danhmuchanhchinh.nso.gov.vn/Doi_Chieu_Moi.aspx
68,Tỉnh Lâm Đồng,24688,Xã Krông Nô,XÃ,Krông Nô,01/07/2025,https://danhmuchanhchinh.nso.gov.vn/Doi_Chieu_Moi.aspx
68,Tỉnh Lâm Đồng,24697,Xã Nam Đà,XÃ,Nam Đà,01/07/2025,https://danhmuchanhchinh.nso.gov.vn/Doi_Chieu_Moi.aspx
68,Tỉnh Lâm Đồng,24703,Xã Nâm Nung,XÃ,Nâm Nung,01/07/2025,https://danhmuchanhchinh.nso.gov.vn/Doi_Chieu_Moi.aspx
68,Tỉnh Lâm Đồng,24712,Xã Quảng Phú,XÃ,Quảng Phú,01/07/2025,https://danhmuchanhchinh.nso.gov.vn/Doi_Chieu_Moi.aspx
68,Tỉnh Lâm Đồng,24717,Xã Đức An,XÃ,Đức An,01/07/2025,https://danhmuchanhchinh.nso.gov.vn/Doi_Chieu_Moi.aspx
68,Tỉnh Lâm Đồng,24718,Xã Đắk Song,XÃ,Đắk Song,01/07/2025,https://danhmuchanhchinh.nso.gov.vn/Doi_Chieu_Moi.aspx
68,Tỉnh Lâm Đồng,24722,Xã Thuận Hạnh,XÃ,Thuận Hạnh,01/07/2025,https://danhmuchanhchinh.nso.gov.vn/Doi_Chieu_Moi.aspx
68,Tỉnh Lâm Đồng,24730,Xã Trường Xuân,XÃ,Trường Xuân,01/07/2025,https://danhmuchanhchinh.nso.gov.vn/Doi_Chieu_Moi.aspx
68,Tỉnh Lâm Đồng,24733,Xã Kiến Đức,XÃ,Kiến Đức,01/07/2025,https://danhmuchanhchinh.nso.gov.vn/Doi_Chieu_Moi.aspx
68,Tỉnh Lâm Đồng,24736,Xã Quảng Trực,XÃ,Quảng Trực,01/07/2025,https://danhmuchanhchinh.nso.gov.vn/Doi_Chieu_Moi.aspx
68,Tỉnh Lâm Đồng,24739,Xã Tuy Đức,XÃ,Tuy Đức,01/07/2025,https://danhmuchanhchinh.nso.gov.vn/Doi_Chieu_Moi.aspx
68,Tỉnh Lâm Đồng,24748,Xã Quảng Tân,XÃ,Quảng Tân,01/07/2025,https://danhmuchanhchinh.nso.gov.vn/Doi_Chieu_Moi.aspx
68,Tỉnh Lâm Đồng,24751,Xã Nhân Cơ,XÃ,Nhân Cơ,01/07/2025,https://danhmuchanhchinh.nso.gov.vn/Doi_Chieu_Moi.aspx
68,Tỉnh Lâm Đồng,24760,Xã Quảng Tín,XÃ,Quảng Tín,01/07/2025,https://danhmuchanhchinh.nso.gov.vn/Doi_Chieu_Moi.aspx
68,Tỉnh Lâm Đồng,24778,Phường Lâm Viên - Đà Lạt,PHƯỜNG,Lâm Viên - Đà Lạt,01/07/2025,https://danhmuchanhchinh.nso.gov.vn/Doi_Chieu_Moi.aspx
68,Tỉnh Lâm Đồng,24781,Phường Xuân Hương - Đà Lạt,PHƯỜNG,Xuân Hương - Đà Lạt,01/07/2025,https://danhmuchanhchinh.nso.gov.vn/Doi_Chieu_Moi.aspx
68,Tỉnh Lâm Đồng,24787,Phường Cam Ly - Đà Lạt,PHƯỜNG,Cam Ly - Đà Lạt,01/07/2025,https://danhmuchanhchinh.nso.gov.vn/Doi_Chieu_Moi.aspx
68,Tỉnh Lâm Đồng,24805,Phường Xuân Trường - Đà Lạt,PHƯỜNG,Xuân Trường - Đà Lạt,01/07/2025,https://danhmuchanhchinh.nso.gov.vn/Doi_Chieu_Moi.aspx
68,Tỉnh Lâm Đồng,24820,Phường 2 Bảo Lộc,PHƯỜNG,2 Bảo Lộc,01/07/2025,https://danhmuchanhchinh.nso.gov.vn/Doi_Chieu_Moi.aspx
68,Tỉnh Lâm Đồng,24823,Phường 1 Bảo Lộc,PHƯỜNG,1 Bảo Lộc,01/07/2025,https://danhmuchanhchinh.nso.gov.vn/Doi_Chieu_Moi.aspx
68,Tỉnh Lâm Đồng,24829,Phường B’Lao,PHƯỜNG,B’Lao,01/07/2025,https://danhmuchanhchinh.nso.gov.vn/Doi_Chieu_Moi.aspx
68,Tỉnh Lâm Đồng,24841,Phường 3 Bảo Lộc,PHƯỜNG,3 Bảo Lộc,01/07/2025,https://danhmuchanhchinh.nso.gov.vn/Doi_Chieu_Moi.aspx
68,Tỉnh Lâm Đồng,24846,Phường Lang Biang - Đà Lạt,PHƯỜNG,Lang Biang - Đà Lạt,01/07/2025,https://danhmuchanhchinh.nso.gov.vn/Doi_Chieu_Moi.aspx
68,Tỉnh Lâm Đồng,24848,Xã Lạc Dương,XÃ,Lạc Dương,01/07/2025,https://danhmuchanhchinh.nso.gov.vn/Doi_Chieu_Moi.aspx
68,Tỉnh Lâm Đồng,24853,Xã Đam Rông 4,XÃ,Đam Rông 4,01/07/2025,https://danhmuchanhchinh.nso.gov.vn/Doi_Chieu_Moi.aspx
68,Tỉnh Lâm Đồng,24868,Xã Nam Ban Lâm Hà,XÃ,Nam Ban Lâm Hà,01/07/2025,https://danhmuchanhchinh.nso.gov.vn/Doi_Chieu_Moi.aspx
68,Tỉnh Lâm Đồng,24871,Xã Đinh Văn Lâm Hà,XÃ,Đinh Văn Lâm Hà,01/07/2025,https://danhmuchanhchinh.nso.gov.vn/Doi_Chieu_Moi.aspx
68,Tỉnh Lâm Đồng,24875,Xã Đam Rông 3,XÃ,Đam Rông 3,01/07/2025,https://danhmuchanhchinh.nso.gov.vn/Doi_Chieu_Moi.aspx
68,Tỉnh Lâm Đồng,24877,Xã Đam Rông 2,XÃ,Đam Rông 2,01/07/2025,https://danhmuchanhchinh.nso.gov.vn/Doi_Chieu_Moi.aspx
68,Tỉnh Lâm Đồng,24883,Xã Nam Hà Lâm Hà,XÃ,Nam Hà Lâm Hà,01/07/2025,https://danhmuchanhchinh.nso.gov.vn/Doi_Chieu_Moi.aspx
68,Tỉnh Lâm Đồng,24886,Xã Đam Rông 1,XÃ,Đam Rông 1,01/07/2025,https://danhmuchanhchinh.nso.gov.vn/Doi_Chieu_Moi.aspx
68,Tỉnh Lâm Đồng,24895,Xã Phú Sơn Lâm Hà,XÃ,Phú Sơn Lâm Hà,01/07/2025,https://danhmuchanhchinh.nso.gov.vn/Doi_Chieu_Moi.aspx
68,Tỉnh Lâm Đồng,24907,Xã Phúc Thọ Lâm Hà,XÃ,Phúc Thọ Lâm Hà,01/07/2025,https://danhmuchanhchinh.nso.gov.vn/Doi_Chieu_Moi.aspx
68,Tỉnh Lâm Đồng,24916,Xã Tân Hà Lâm Hà,XÃ,Tân Hà Lâm Hà,01/07/2025,https://danhmuchanhchinh.nso.gov.vn/Doi_Chieu_Moi.aspx
68,Tỉnh Lâm Đồng,24931,Xã Đơn Dương,XÃ,Đơn Dương,01/07/2025,https://danhmuchanhchinh.nso.gov.vn/Doi_Chieu_Moi.aspx
68,Tỉnh Lâm Đồng,24934,Xã D’Ran,XÃ,D’Ran,01/07/2025,https://danhmuchanhchinh.nso.gov.vn/Doi_Chieu_Moi.aspx
68,Tỉnh Lâm Đồng,24943,Xã Ka Đô,XÃ,Ka Đô,01/07/2025,https://danhmuchanhchinh.nso.gov.vn/Doi_Chieu_Moi.aspx
68,Tỉnh Lâm Đồng,24955,Xã Quảng Lập,XÃ,Quảng Lập,01/07/2025,https://danhmuchanhchinh.nso.gov.vn/Doi_Chieu_Moi.aspx
68,Tỉnh Lâm Đồng,24958,Xã Đức Trọng,XÃ,Đức Trọng,01/07/2025,https://danhmuchanhchinh.nso.gov.vn/Doi_Chieu_Moi.aspx
68,Tỉnh Lâm Đồng,24967,Xã Hiệp Thạnh,XÃ,Hiệp Thạnh,01/07/2025,https://danhmuchanhchinh.nso.gov.vn/Doi_Chieu_Moi.aspx
68,Tỉnh Lâm Đồng,24976,Xã Tân Hội,XÃ,Tân Hội,01/07/2025,https://danhmuchanhchinh.nso.gov.vn/Doi_Chieu_Moi.aspx
68,Tỉnh Lâm Đồng,24985,Xã Ninh Gia,XÃ,Ninh Gia,01/07/2025,https://danhmuchanhchinh.nso.gov.vn/Doi_Chieu_Moi.aspx
68,Tỉnh Lâm Đồng,24988,Xã Tà Năng,XÃ,Tà Năng,01/07/2025,https://danhmuchanhchinh.nso.gov.vn/Doi_Chieu_Moi.aspx
68,Tỉnh Lâm Đồng,24991,Xã Tà Hine,XÃ,Tà Hine,01/07/2025,https://danhmuchanhchinh.nso.gov.vn/Doi_Chieu_Moi.aspx
68,Tỉnh Lâm Đồng,25000,Xã Di Linh,XÃ,Di Linh,01/07/2025,https://danhmuchanhchinh.nso.gov.vn/Doi_Chieu_Moi.aspx
68,Tỉnh Lâm Đồng,25007,Xã Đinh Trang Thượng,XÃ,Đinh Trang Thượng,01/07/2025,https://danhmuchanhchinh.nso.gov.vn/Doi_Chieu_Moi.aspx
68,Tỉnh Lâm Đồng,25015,Xã Gia Hiệp,XÃ,Gia Hiệp,01/07/2025,https://danhmuchanhchinh.nso.gov.vn/Doi_Chieu_Moi.aspx
68,Tỉnh Lâm Đồng,25018,Xã Bảo Thuận,XÃ,Bảo Thuận,01/07/2025,https://danhmuchanhchinh.nso.gov.vn/Doi_Chieu_Moi.aspx
68,Tỉnh Lâm Đồng,25036,Xã Hòa Ninh,XÃ,Hòa Ninh,01/07/2025,https://danhmuchanhchinh.nso.gov.vn/Doi_Chieu_Moi.aspx
68,Tỉnh Lâm Đồng,25042,Xã Hòa Bắc,XÃ,Hòa Bắc,01/07/2025,https://danhmuchanhchinh.nso.gov.vn/Doi_Chieu_Moi.aspx
68,Tỉnh Lâm Đồng,25051,Xã Sơn Điền,XÃ,Sơn Điền,01/07/2025,https://danhmuchanhchinh.nso.gov.vn/Doi_Chieu_Moi.aspx
68,Tỉnh Lâm Đồng,25054,Xã Bảo Lâm 1,XÃ,Bảo Lâm 1,01/07/2025,https://danhmuchanhchinh.nso.gov.vn/Doi_Chieu_Moi.aspx
68,Tỉnh Lâm Đồng,25057,Xã Bảo Lâm 5,XÃ,Bảo Lâm 5,01/07/2025,https://danhmuchanhchinh.nso.gov.vn/Doi_Chieu_Moi.aspx
68,Tỉnh Lâm Đồng,25063,Xã Bảo Lâm 4,XÃ,Bảo Lâm 4,01/07/2025,https://danhmuchanhchinh.nso.gov.vn/Doi_Chieu_Moi.aspx
68,Tỉnh Lâm Đồng,25084,Xã Bảo Lâm 2,XÃ,Bảo Lâm 2,01/07/2025,https://danhmuchanhchinh.nso.gov.vn/Doi_Chieu_Moi.aspx
68,Tỉnh Lâm Đồng,25093,Xã Bảo Lâm 3,XÃ,Bảo Lâm 3,01/07/2025,https://danhmuchanhchinh.nso.gov.vn/Doi_Chieu_Moi.aspx
68,Tỉnh Lâm Đồng,25099,Xã Đạ Huoai,XÃ,Đạ Huoai,01/07/2025,https://danhmuchanhchinh.nso.gov.vn/Doi_Chieu_Moi.aspx
68,Tỉnh Lâm Đồng,25105,Xã Đạ Huoai 2,XÃ,Đạ Huoai 2,01/07/2025,https://danhmuchanhchinh.nso.gov.vn/Doi_Chieu_Moi.aspx
68,Tỉnh Lâm Đồng,25114,Xã Đạ Huoai 3,XÃ,Đạ Huoai 3,01/07/2025,https://danhmuchanhchinh.nso.gov.vn/Doi_Chieu_Moi.aspx
68,Tỉnh Lâm Đồng,25126,Xã Đạ Tẻh,XÃ,Đạ Tẻh,01/07/2025,https://danhmuchanhchinh.nso.gov.vn/Doi_Chieu_Moi.aspx
68,Tỉnh Lâm Đồng,25135,Xã Đạ Tẻh 3,XÃ,Đạ Tẻh 3,01/07/2025,https://danhmuchanhchinh.nso.gov.vn/Doi_Chieu_Moi.aspx
68,Tỉnh Lâm Đồng,25138,Xã Đạ Tẻh 2,XÃ,Đạ Tẻh 2,01/07/2025,https://danhmuchanhchinh.nso.gov.vn/Doi_Chieu_Moi.aspx
68,Tỉnh Lâm Đồng,25159,Xã Cát Tiên,XÃ,Cát Tiên,01/07/2025,https://danhmuchanhchinh.nso.gov.vn/Doi_Chieu_Moi.aspx
68,Tỉnh Lâm Đồng,25162,Xã Cát Tiên 3,XÃ,Cát Tiên 3,01/07/2025,https://danhmuchanhchinh.nso.gov.vn/Doi_Chieu_Moi.aspx
68,Tỉnh Lâm Đồng,25180,Xã Cát Tiên 2,XÃ,Cát Tiên 2,01/07/2025,https://danhmuchanhchinh.nso.gov.vn/Doi_Chieu_Moi.aspx
80,Tỉnh Tây Ninh,25459,Phường Tân Ninh,PHƯỜNG,Tân Ninh,01/07/2025,https://danhmuchanhchinh.nso.gov.vn/Doi_Chieu_Moi.aspx
80,Tỉnh Tây Ninh,25480,Phường Bình Minh,PHƯỜNG,Bình Minh,01/07/2025,https://danhmuchanhchinh.nso.gov.vn/Doi_Chieu_Moi.aspx
80,Tỉnh Tây Ninh,25486,Xã Tân Biên,XÃ,Tân Biên,01/07/2025,https://danhmuchanhchinh.nso.gov.vn/Doi_Chieu_Moi.aspx
80,Tỉnh Tây Ninh,25489,Xã Tân Lập,XÃ,Tân Lập,01/07/2025,https://danhmuchanhchinh.nso.gov.vn/Doi_Chieu_Moi.aspx
80,Tỉnh Tây Ninh,25498,Xã Thạnh Bình,XÃ,Thạnh Bình,01/07/2025,https://danhmuchanhchinh.nso.gov.vn/Doi_Chieu_Moi.aspx
80,Tỉnh Tây Ninh,25510,Xã Trà Vong,XÃ,Trà Vong,01/07/2025,https://danhmuchanhchinh.nso.gov.vn/Doi_Chieu_Moi.aspx
80,Tỉnh Tây Ninh,25516,Xã Tân Châu,XÃ,Tân Châu,01/07/2025,https://danhmuchanhchinh.nso.gov.vn/Doi_Chieu_Moi.aspx
80,Tỉnh Tây Ninh,25522,Xã Tân Đông,XÃ,Tân Đông,01/07/2025,https://danhmuchanhchinh.nso.gov.vn/Doi_Chieu_Moi.aspx
80,Tỉnh Tây Ninh,25525,Xã Tân Hội,XÃ,Tân Hội,01/07/2025,https://danhmuchanhchinh.nso.gov.vn/Doi_Chieu_Moi.aspx
80,Tỉnh Tây Ninh,25531,Xã Tân Hòa,XÃ,Tân Hòa,01/07/2025,https://danhmuchanhchinh.nso.gov.vn/Doi_Chieu_Moi.aspx
80,Tỉnh Tây Ninh,25534,Xã Tân Thành,XÃ,Tân Thành,01/07/2025,https://danhmuchanhchinh.nso.gov.vn/Doi_Chieu_Moi.aspx
80,Tỉnh Tây Ninh,25549,Xã Tân Phú,XÃ,Tân Phú,01/07/2025,https://danhmuchanhchinh.nso.gov.vn/Doi_Chieu_Moi.aspx
80,Tỉnh Tây Ninh,25552,Xã Dương Minh Châu,XÃ,Dương Minh Châu,01/07/2025,https://danhmuchanhchinh.nso.gov.vn/Doi_Chieu_Moi.aspx
80,Tỉnh Tây Ninh,25567,Phường Ninh Thạnh,PHƯỜNG,Ninh Thạnh,01/07/2025,https://danhmuchanhchinh.nso.gov.vn/Doi_Chieu_Moi.aspx
80,Tỉnh Tây Ninh,25573,Xã Cầu Khởi,XÃ,Cầu Khởi,01/07/2025,https://danhmuchanhchinh.nso.gov.vn/Doi_Chieu_Moi.aspx
80,Tỉnh Tây Ninh,25579,Xã Lộc Ninh,XÃ,Lộc Ninh,01/07/2025,https://danhmuchanhchinh.nso.gov.vn/Doi_Chieu_Moi.aspx
80,Tỉnh Tây Ninh,25585,Xã Châu Thành,XÃ,Châu Thành,01/07/2025,https://danhmuchanhchinh.nso.gov.vn/Doi_Chieu_Moi.aspx
80,Tỉnh Tây Ninh,25588,Xã Hảo Đước,XÃ,Hảo Đước,01/07/2025,https://danhmuchanhchinh.nso.gov.vn/Doi_Chieu_Moi.aspx
80,Tỉnh Tây Ninh,25591,Xã Phước Vinh,XÃ,Phước Vinh,01/07/2025,https://danhmuchanhchinh.nso.gov.vn/Doi_Chieu_Moi.aspx
80,Tỉnh Tây Ninh,25606,Xã Hòa Hội,XÃ,Hòa Hội,01/07/2025,https://danhmuchanhchinh.nso.gov.vn/Doi_Chieu_Moi.aspx
80,Tỉnh Tây Ninh,25621,Xã Ninh Điền,XÃ,Ninh Điền,01/07/2025,https://danhmuchanhchinh.nso.gov.vn/Doi_Chieu_Moi.aspx
80,Tỉnh Tây Ninh,25630,Phường Long Hoa,PHƯỜNG,Long Hoa,01/07/2025,https://danhmuchanhchinh.nso.gov.vn/Doi_Chieu_Moi.aspx
80,Tỉnh Tây Ninh,25633,Phường Thanh Điền,PHƯỜNG,Thanh Điền,01/07/2025,https://danhmuchanhchinh.nso.gov.vn/Doi_Chieu_Moi.aspx
80,Tỉnh Tây Ninh,25645,Phường Hòa Thành,PHƯỜNG,Hòa Thành,01/07/2025,https://danhmuchanhchinh.nso.gov.vn/Doi_Chieu_Moi.aspx
80,Tỉnh Tây Ninh,25654,Phường Gò Dầu,PHƯỜNG,Gò Dầu,01/07/2025,https://danhmuchanhchinh.nso.gov.vn/Doi_Chieu_Moi.aspx
80,Tỉnh Tây Ninh,25657,Xã Thạnh Đức,XÃ,Thạnh Đức,01/07/2025,https://danhmuchanhchinh.nso.gov.vn/Doi_Chieu_Moi.aspx
80,Tỉnh Tây Ninh,25663,Xã Phước Thạnh,XÃ,Phước Thạnh,01/07/2025,https://danhmuchanhchinh.nso.gov.vn/Doi_Chieu_Moi.aspx
80,Tỉnh Tây Ninh,25666,Xã Truông Mít,XÃ,Truông Mít,01/07/2025,https://danhmuchanhchinh.nso.gov.vn/Doi_Chieu_Moi.aspx
80,Tỉnh Tây Ninh,25672,Phường Gia Lộc,PHƯỜNG,Gia Lộc,01/07/2025,https://danhmuchanhchinh.nso.gov.vn/Doi_Chieu_Moi.aspx
80,Tỉnh Tây Ninh,25681,Xã Bến Cầu,XÃ,Bến Cầu,01/07/2025,https://danhmuchanhchinh.nso.gov.vn/Doi_Chieu_Moi.aspx
80,Tỉnh Tây Ninh,25684,Xã Long Chữ,XÃ,Long Chữ,01/07/2025,https://danhmuchanhchinh.nso.gov.vn/Doi_Chieu_Moi.aspx
80,Tỉnh Tây Ninh,25702,Xã Long Thuận,XÃ,Long Thuận,01/07/2025,https://danhmuchanhchinh.nso.gov.vn/Doi_Chieu_Moi.aspx
80,Tỉnh Tây Ninh,25708,Phường Trảng Bàng,PHƯỜNG,Trảng Bàng,01/07/2025,https://danhmuchanhchinh.nso.gov.vn/Doi_Chieu_Moi.aspx
80,Tỉnh Tây Ninh,25711,Xã Hưng Thuận,XÃ,Hưng Thuận,01/07/2025,https://danhmuchanhchinh.nso.gov.vn/Doi_Chieu_Moi.aspx
80,Tỉnh Tây Ninh,25729,Xã Phước Chỉ,XÃ,Phước Chỉ,01/07/2025,https://danhmuchanhchinh.nso.gov.vn/Doi_Chieu_Moi.aspx
80,Tỉnh Tây Ninh,25732,Phường An Tịnh,PHƯỜNG,An Tịnh,01/07/2025,https://danhmuchanhchinh.nso.gov.vn/Doi_Chieu_Moi.aspx
80,Tỉnh Tây Ninh,27694,Phường Long An,PHƯỜNG,Long An,01/07/2025,https://danhmuchanhchinh.nso.gov.vn/Doi_Chieu_Moi.aspx
80,Tỉnh Tây Ninh,27712,Phường Tân An,PHƯỜNG,Tân An,01/07/2025,https://danhmuchanhchinh.nso.gov.vn/Doi_Chieu_Moi.aspx
80,Tỉnh Tây Ninh,27715,Phường Khánh Hậu,PHƯỜNG,Khánh Hậu,01/07/2025,https://danhmuchanhchinh.nso.gov.vn/Doi_Chieu_Moi.aspx
80,Tỉnh Tây Ninh,27721,Xã Tân Hưng,XÃ,Tân Hưng,01/07/2025,https://danhmuchanhchinh.nso.gov.vn/Doi_Chieu_Moi.aspx
80,Tỉnh Tây Ninh,27727,Xã Hưng Điền,XÃ,Hưng Điền,01/07/2025,https://danhmuchanhchinh.nso.gov.vn/Doi_Chieu_Moi.aspx
80,Tỉnh Tây Ninh,27736,Xã Vĩnh Thạnh,XÃ,Vĩnh Thạnh,01/07/2025,https://danhmuchanhchinh.nso.gov.vn/Doi_Chieu_Moi.aspx
80,Tỉnh Tây Ninh,27748,Xã Vĩnh Châu,XÃ,Vĩnh Châu,01/07/2025,https://danhmuchanhchinh.nso.gov.vn/Doi_Chieu_Moi.aspx
80,Tỉnh Tây Ninh,27757,Xã Vĩnh Hưng,XÃ,Vĩnh Hưng,01/07/2025,https://danhmuchanhchinh.nso.gov.vn/Doi_Chieu_Moi.aspx
80,Tỉnh Tây Ninh,27763,Xã Khánh Hưng,XÃ,Khánh Hưng,01/07/2025,https://danhmuchanhchinh.nso.gov.vn/Doi_Chieu_Moi.aspx
80,Tỉnh Tây Ninh,27775,Xã Tuyên Bình,XÃ,Tuyên Bình,01/07/2025,https://danhmuchanhchinh.nso.gov.vn/Doi_Chieu_Moi.aspx
80,Tỉnh Tây Ninh,27787,Phường Kiến Tường,PHƯỜNG,Kiến Tường,01/07/2025,https://danhmuchanhchinh.nso.gov.vn/Doi_Chieu_Moi.aspx
80,Tỉnh Tây Ninh,27793,Xã Bình Hiệp,XÃ,Bình Hiệp,01/07/2025,https://danhmuchanhchinh.nso.gov.vn/Doi_Chieu_Moi.aspx
80,Tỉnh Tây Ninh,27811,Xã Bình Hòa,XÃ,Bình Hòa,01/07/2025,https://danhmuchanhchinh.nso.gov.vn/Doi_Chieu_Moi.aspx
80,Tỉnh Tây Ninh,27817,Xã Tuyên Thạnh,XÃ,Tuyên Thạnh,01/07/2025,https://danhmuchanhchinh.nso.gov.vn/Doi_Chieu_Moi.aspx
80,Tỉnh Tây Ninh,27823,Xã Mộc Hóa,XÃ,Mộc Hóa,01/07/2025,https://danhmuchanhchinh.nso.gov.vn/Doi_Chieu_Moi.aspx
80,Tỉnh Tây Ninh,27826,Xã Tân Thạnh,XÃ,Tân Thạnh,01/07/2025,https://danhmuchanhchinh.nso.gov.vn/Doi_Chieu_Moi.aspx
80,Tỉnh Tây Ninh,27838,Xã Nhơn Hòa Lập,XÃ,Nhơn Hòa Lập,01/07/2025,https://danhmuchanhchinh.nso.gov.vn/Doi_Chieu_Moi.aspx
80,Tỉnh Tây Ninh,27841,Xã Hậu Thạnh,XÃ,Hậu Thạnh,01/07/2025,https://danhmuchanhchinh.nso.gov.vn/Doi_Chieu_Moi.aspx
80,Tỉnh Tây Ninh,27856,Xã Nhơn Ninh,XÃ,Nhơn Ninh,01/07/2025,https://danhmuchanhchinh.nso.gov.vn/Doi_Chieu_Moi.aspx
80,Tỉnh Tây Ninh,27865,Xã Thạnh Hóa,XÃ,Thạnh Hóa,01/07/2025,https://danhmuchanhchinh.nso.gov.vn/Doi_Chieu_Moi.aspx
80,Tỉnh Tây Ninh,27868,Xã Bình Thành,XÃ,Bình Thành,01/07/2025,https://danhmuchanhchinh.nso.gov.vn/Doi_Chieu_Moi.aspx
80,Tỉnh Tây Ninh,27877,Xã Thạnh Phước,XÃ,Thạnh Phước,01/07/2025,https://danhmuchanhchinh.nso.gov.vn/Doi_Chieu_Moi.aspx
80,Tỉnh Tây Ninh,27889,Xã Tân Tây,XÃ,Tân Tây,01/07/2025,https://danhmuchanhchinh.nso.gov.vn/Doi_Chieu_Moi.aspx
80,Tỉnh Tây Ninh,27898,Xã Đông Thành,XÃ,Đông Thành,01/07/2025,https://danhmuchanhchinh.nso.gov.vn/Doi_Chieu_Moi.aspx
80,Tỉnh Tây Ninh,27907,Xã Mỹ Quý,XÃ,Mỹ Quý,01/07/2025,https://danhmuchanhchinh.nso.gov.vn/Doi_Chieu_Moi.aspx
80,Tỉnh Tây Ninh,27925,Xã Đức Huệ,XÃ,Đức Huệ,01/07/2025,https://danhmuchanhchinh.nso.gov.vn/Doi_Chieu_Moi.aspx
80,Tỉnh Tây Ninh,27931,Xã Hậu Nghĩa,XÃ,Hậu Nghĩa,01/07/2025,https://danhmuchanhchinh.nso.gov.vn/Doi_Chieu_Moi.aspx
80,Tỉnh Tây Ninh,27937,Xã Đức Hòa,XÃ,Đức Hòa,01/07/2025,https://danhmuchanhchinh.nso.gov.vn/Doi_Chieu_Moi.aspx
80,Tỉnh Tây Ninh,27943,Xã An Ninh,XÃ,An Ninh,01/07/2025,https://danhmuchanhchinh.nso.gov.vn/Doi_Chieu_Moi.aspx
80,Tỉnh Tây Ninh,27952,Xã Hiệp Hòa,XÃ,Hiệp Hòa,01/07/2025,https://danhmuchanhchinh.nso.gov.vn/Doi_Chieu_Moi.aspx
80,Tỉnh Tây Ninh,27964,Xã Đức Lập,XÃ,Đức Lập,01/07/2025,https://danhmuchanhchinh.nso.gov.vn/Doi_Chieu_Moi.aspx
80,Tỉnh Tây Ninh,27976,Xã Mỹ Hạnh,XÃ,Mỹ Hạnh,01/07/2025,https://danhmuchanhchinh.nso.gov.vn/Doi_Chieu_Moi.aspx
80,Tỉnh Tây Ninh,27979,Xã Hòa Khánh,XÃ,Hòa Khánh,01/07/2025,https://danhmuchanhchinh.nso.gov.vn/Doi_Chieu_Moi.aspx
80,Tỉnh Tây Ninh,27991,Xã Bến Lức,XÃ,Bến Lức,01/07/2025,https://danhmuchanhchinh.nso.gov.vn/Doi_Chieu_Moi.aspx
80,Tỉnh Tây Ninh,27994,Xã Thạnh Lợi,XÃ,Thạnh Lợi,01/07/2025,https://danhmuchanhchinh.nso.gov.vn/Doi_Chieu_Moi.aspx
80,Tỉnh Tây Ninh,28003,Xã Lương Hòa,XÃ,Lương Hòa,01/07/2025,https://danhmuchanhchinh.nso.gov.vn/Doi_Chieu_Moi.aspx
80,Tỉnh Tây Ninh,28015,Xã Bình Đức,XÃ,Bình Đức,01/07/2025,https://danhmuchanhchinh.nso.gov.vn/Doi_Chieu_Moi.aspx
80,Tỉnh Tây Ninh,28018,Xã Mỹ Yên,XÃ,Mỹ Yên,01/07/2025,https://danhmuchanhchinh.nso.gov.vn/Doi_Chieu_Moi.aspx
80,Tỉnh Tây Ninh,28036,Xã Thủ Thừa,XÃ,Thủ Thừa,01/07/2025,https://danhmuchanhchinh.nso.gov.vn/Doi_Chieu_Moi.aspx
80,Tỉnh Tây Ninh,28051,Xã Mỹ Thạnh,XÃ,Mỹ Thạnh,01/07/2025,https://danhmuchanhchinh.nso.gov.vn/Doi_Chieu_Moi.aspx
80,Tỉnh Tây Ninh,28066,Xã Mỹ An,XÃ,Mỹ An,01/07/2025,https://danhmuchanhchinh.nso.gov.vn/Doi_Chieu_Moi.aspx
80,Tỉnh Tây Ninh,28072,Xã Tân Long,XÃ,Tân Long,01/07/2025,https://danhmuchanhchinh.nso.gov.vn/Doi_Chieu_Moi.aspx
80,Tỉnh Tây Ninh,28075,Xã Tân Trụ,XÃ,Tân Trụ,01/07/2025,https://danhmuchanhchinh.nso.gov.vn/Doi_Chieu_Moi.aspx
80,Tỉnh Tây Ninh,28087,Xã Nhựt Tảo,XÃ,Nhựt Tảo,01/07/2025,https://danhmuchanhchinh.nso.gov.vn/Doi_Chieu_Moi.aspx
80,Tỉnh Tây Ninh,28093,Xã Vàm Cỏ,XÃ,Vàm Cỏ,01/07/2025,https://danhmuchanhchinh.nso.gov.vn/Doi_Chieu_Moi.aspx
80,Tỉnh Tây Ninh,28108,Xã Cần Đước,XÃ,Cần Đước,01/07/2025,https://danhmuchanhchinh.nso.gov.vn/Doi_Chieu_Moi.aspx
80,Tỉnh Tây Ninh,28114,Xã Rạch Kiến,XÃ,Rạch Kiến,01/07/2025,https://danhmuchanhchinh.nso.gov.vn/Doi_Chieu_Moi.aspx
80,Tỉnh Tây Ninh,28126,Xã Long Cang,XÃ,Long Cang,01/07/2025,https://danhmuchanhchinh.nso.gov.vn/Doi_Chieu_Moi.aspx
80,Tỉnh Tây Ninh,28132,Xã Mỹ Lệ,XÃ,Mỹ Lệ,01/07/2025,https://danhmuchanhchinh.nso.gov.vn/Doi_Chieu_Moi.aspx
80,Tỉnh Tây Ninh,28138,Xã Tân Lân,XÃ,Tân Lân,01/07/2025,https://danhmuchanhchinh.nso.gov.vn/Doi_Chieu_Moi.aspx
80,Tỉnh Tây Ninh,28144,Xã Long Hựu,XÃ,Long Hựu,01/07/2025,https://danhmuchanhchinh.nso.gov.vn/Doi_Chieu_Moi.aspx
80,Tỉnh Tây Ninh,28159,Xã Cần Giuộc,XÃ,Cần Giuộc,01/07/2025,https://danhmuchanhchinh.nso.gov.vn/Doi_Chieu_Moi.aspx
80,Tỉnh Tây Ninh,28165,Xã Phước Lý,XÃ,Phước Lý,01/07/2025,https://danhmuchanhchinh.nso.gov.vn/Doi_Chieu_Moi.aspx
80,Tỉnh Tây Ninh,28177,Xã Mỹ Lộc,XÃ,Mỹ Lộc,01/07/2025,https://danhmuchanhchinh.nso.gov.vn/Doi_Chieu_Moi.aspx
80,Tỉnh Tây Ninh,28201,Xã Phước Vĩnh Tây,XÃ,Phước Vĩnh Tây,01/07/2025,https://danhmuchanhchinh.nso.gov.vn/Doi_Chieu_Moi.aspx
80,Tỉnh Tây Ninh,28207,Xã Tân Tập,XÃ,Tân Tập,01/07/2025,https://danhmuchanhchinh.nso.gov.vn/Doi_Chieu_Moi.aspx
80,Tỉnh Tây Ninh,28210,Xã Tầm Vu,XÃ,Tầm Vu,01/07/2025,https://danhmuchanhchinh.nso.gov.vn/Doi_Chieu_Moi.aspx
80,Tỉnh Tây Ninh,28222,Xã Vĩnh Công,XÃ,Vĩnh Công,01/07/2025,https://danhmuchanhchinh.nso.gov.vn/Doi_Chieu_Moi.aspx
80,Tỉnh Tây Ninh,28225,Xã Thuận Mỹ,XÃ,Thuận Mỹ,01/07/2025,https://danhmuchanhchinh.nso.gov.vn/Doi_Chieu_Moi.aspx
80,Tỉnh Tây Ninh,28243,Xã An Lục Long,XÃ,An Lục Long,01/07/2025,https://danhmuchanhchinh.nso.gov.vn/Doi_Chieu_Moi.aspx
75,Tỉnh Đồng Nai,25195,Phường Bình Phước,PHƯỜNG,Bình Phước,01/07/2025,https://danhmuchanhchinh.nso.gov.vn/Doi_Chieu_Moi.aspx
75,Tỉnh Đồng Nai,25210,Phường Đồng Xoài,PHƯỜNG,Đồng Xoài,01/07/2025,https://danhmuchanhchinh.nso.gov.vn/Doi_Chieu_Moi.aspx
75,Tỉnh Đồng Nai,25217,Phường Phước Long,PHƯỜNG,Phước Long,01/07/2025,https://danhmuchanhchinh.nso.gov.vn/Doi_Chieu_Moi.aspx
75,Tỉnh Đồng Nai,25220,Phường Phước Bình,PHƯỜNG,Phước Bình,01/07/2025,https://danhmuchanhchinh.nso.gov.vn/Doi_Chieu_Moi.aspx
75,Tỉnh Đồng Nai,25222,Xã Bù Gia Mập,XÃ,Bù Gia Mập,01/07/2025,https://danhmuchanhchinh.nso.gov.vn/Doi_Chieu_Moi.aspx
75,Tỉnh Đồng Nai,25225,Xã Đăk Ơ,XÃ,Đăk Ơ,01/07/2025,https://danhmuchanhchinh.nso.gov.vn/Doi_Chieu_Moi.aspx
75,Tỉnh Đồng Nai,25231,Xã Đa Kia,XÃ,Đa Kia,01/07/2025,https://danhmuchanhchinh.nso.gov.vn/Doi_Chieu_Moi.aspx
75,Tỉnh Đồng Nai,25246,Xã Bình Tân,XÃ,Bình Tân,01/07/2025,https://danhmuchanhchinh.nso.gov.vn/Doi_Chieu_Moi.aspx
75,Tỉnh Đồng Nai,25252,Xã Phú Riềng,XÃ,Phú Riềng,01/07/2025,https://danhmuchanhchinh.nso.gov.vn/Doi_Chieu_Moi.aspx
75,Tỉnh Đồng Nai,25255,Xã Long Hà,XÃ,Long Hà,01/07/2025,https://danhmuchanhchinh.nso.gov.vn/Doi_Chieu_Moi.aspx
75,Tỉnh Đồng Nai,25261,Xã Phú Trung,XÃ,Phú Trung,01/07/2025,https://danhmuchanhchinh.nso.gov.vn/Doi_Chieu_Moi.aspx
75,Tỉnh Đồng Nai,25267,Xã Phú Nghĩa,XÃ,Phú Nghĩa,01/07/2025,https://danhmuchanhchinh.nso.gov.vn/Doi_Chieu_Moi.aspx
75,Tỉnh Đồng Nai,25270,Xã Lộc Ninh,XÃ,Lộc Ninh,01/07/2025,https://danhmuchanhchinh.nso.gov.vn/Doi_Chieu_Moi.aspx
75,Tỉnh Đồng Nai,25279,Xã Lộc Tấn,XÃ,Lộc Tấn,01/07/2025,https://danhmuchanhchinh.nso.gov.vn/Doi_Chieu_Moi.aspx
75,Tỉnh Đồng Nai,25280,Xã Lộc Thạnh,XÃ,Lộc Thạnh,01/07/2025,https://danhmuchanhchinh.nso.gov.vn/Doi_Chieu_Moi.aspx
75,Tỉnh Đồng Nai,25292,Xã Lộc Quang,XÃ,Lộc Quang,01/07/2025,https://danhmuchanhchinh.nso.gov.vn/Doi_Chieu_Moi.aspx
75,Tỉnh Đồng Nai,25294,Xã Lộc Thành,XÃ,Lộc Thành,01/07/2025,https://danhmuchanhchinh.nso.gov.vn/Doi_Chieu_Moi.aspx
75,Tỉnh Đồng Nai,25303,Xã Lộc Hưng,XÃ,Lộc Hưng,01/07/2025,https://danhmuchanhchinh.nso.gov.vn/Doi_Chieu_Moi.aspx
75,Tỉnh Đồng Nai,25308,Xã Thiện Hưng,XÃ,Thiện Hưng,01/07/2025,https://danhmuchanhchinh.nso.gov.vn/Doi_Chieu_Moi.aspx
75,Tỉnh Đồng Nai,25309,Xã Hưng Phước,XÃ,Hưng Phước,01/07/2025,https://danhmuchanhchinh.nso.gov.vn/Doi_Chieu_Moi.aspx
75,Tỉnh Đồng Nai,25318,Xã Tân Tiến,XÃ,Tân Tiến,01/07/2025,https://danhmuchanhchinh.nso.gov.vn/Doi_Chieu_Moi.aspx
75,Tỉnh Đồng Nai,25326,Phường Bình Long,PHƯỜNG,Bình Long,01/07/2025,https://danhmuchanhchinh.nso.gov.vn/Doi_Chieu_Moi.aspx
75,Tỉnh Đồng Nai,25333,Phường An Lộc,PHƯỜNG,An Lộc,01/07/2025,https://danhmuchanhchinh.nso.gov.vn/Doi_Chieu_Moi.aspx
75,Tỉnh Đồng Nai,25345,Xã Tân Hưng,XÃ,Tân Hưng,01/07/2025,https://danhmuchanhchinh.nso.gov.vn/Doi_Chieu_Moi.aspx
75,Tỉnh Đồng Nai,25349,Xã Minh Đức,XÃ,Minh Đức,01/07/2025,https://danhmuchanhchinh.nso.gov.vn/Doi_Chieu_Moi.aspx
75,Tỉnh Đồng Nai,25351,Xã Tân Quan,XÃ,Tân Quan,01/07/2025,https://danhmuchanhchinh.nso.gov.vn/Doi_Chieu_Moi.aspx
75,Tỉnh Đồng Nai,25357,Xã Tân Khai,XÃ,Tân Khai,01/07/2025,https://danhmuchanhchinh.nso.gov.vn/Doi_Chieu_Moi.aspx
75,Tỉnh Đồng Nai,25363,Xã Đồng Phú,XÃ,Đồng Phú,01/07/2025,https://danhmuchanhchinh.nso.gov.vn/Doi_Chieu_Moi.aspx
75,Tỉnh Đồng Nai,25378,Xã Tân Lợi,XÃ,Tân Lợi,01/07/2025,https://danhmuchanhchinh.nso.gov.vn/Doi_Chieu_Moi.aspx
75,Tỉnh Đồng Nai,25387,Xã Thuận Lợi,XÃ,Thuận Lợi,01/07/2025,https://danhmuchanhchinh.nso.gov.vn/Doi_Chieu_Moi.aspx
75,Tỉnh Đồng Nai,25390,Xã Đồng Tâm,XÃ,Đồng Tâm,01/07/2025,https://danhmuchanhchinh.nso.gov.vn/Doi_Chieu_Moi.aspx
75,Tỉnh Đồng Nai,25396,Xã Bù Đăng,XÃ,Bù Đăng,01/07/2025,https://danhmuchanhchinh.nso.gov.vn/Doi_Chieu_Moi.aspx
75,Tỉnh Đồng Nai,25399,Xã Đak Nhau,XÃ,Đak Nhau,01/07/2025,https://danhmuchanhchinh.nso.gov.vn/Doi_Chieu_Moi.aspx
75,Tỉnh Đồng Nai,25402,Xã Thọ Sơn,XÃ,Thọ Sơn,01/07/2025,https://danhmuchanhchinh.nso.gov.vn/Doi_Chieu_Moi.aspx
75,Tỉnh Đồng Nai,25405,Xã Bom Bo,XÃ,Bom Bo,01/07/2025,https://danhmuchanhchinh.nso.gov.vn/Doi_Chieu_Moi.aspx
75,Tỉnh Đồng Nai,25417,Xã Nghĩa Trung,XÃ,Nghĩa Trung,01/07/2025,https://danhmuchanhchinh.nso.gov.vn/Doi_Chieu_Moi.aspx
75,Tỉnh Đồng Nai,25420,Xã Phước Sơn,XÃ,Phước Sơn,01/07/2025,https://danhmuchanhchinh.nso.gov.vn/Doi_Chieu_Moi.aspx
75,Tỉnh Đồng Nai,25432,Phường Chơn Thành,PHƯỜNG,Chơn Thành,01/07/2025,https://danhmuchanhchinh.nso.gov.vn/Doi_Chieu_Moi.aspx
75,Tỉnh Đồng Nai,25441,Phường Minh Hưng,PHƯỜNG,Minh Hưng,01/07/2025,https://danhmuchanhchinh.nso.gov.vn/Doi_Chieu_Moi.aspx
75,Tỉnh Đồng Nai,25450,Xã Nha Bích,XÃ,Nha Bích,01/07/2025,https://danhmuchanhchinh.nso.gov.vn/Doi_Chieu_Moi.aspx
75,Tỉnh Đồng Nai,25993,Phường Trảng Dài,PHƯỜNG,Trảng Dài,01/07/2025,https://danhmuchanhchinh.nso.gov.vn/Doi_Chieu_Moi.aspx
75,Tỉnh Đồng Nai,26005,Phường Hố Nai,PHƯỜNG,Hố Nai,01/07/2025,https://danhmuchanhchinh.nso.gov.vn/Doi_Chieu_Moi.aspx
75,Tỉnh Đồng Nai,26017,Phường Tam Hiệp,PHƯỜNG,Tam Hiệp,01/07/2025,https://danhmuchanhchinh.nso.gov.vn/Doi_Chieu_Moi.aspx
75,Tỉnh Đồng Nai,26020,Phường Long Bình,PHƯỜNG,Long Bình,01/07/2025,https://danhmuchanhchinh.nso.gov.vn/Doi_Chieu_Moi.aspx
75,Tỉnh Đồng Nai,26041,Phường Trấn Biên,PHƯỜNG,Trấn Biên,01/07/2025,https://danhmuchanhchinh.nso.gov.vn/Doi_Chieu_Moi.aspx
75,Tỉnh Đồng Nai,26068,Phường Biên Hòa,PHƯỜNG,Biên Hòa,01/07/2025,https://danhmuchanhchinh.nso.gov.vn/Doi_Chieu_Moi.aspx
75,Tỉnh Đồng Nai,26080,Phường Long Khánh,PHƯỜNG,Long Khánh,01/07/2025,https://danhmuchanhchinh.nso.gov.vn/Doi_Chieu_Moi.aspx
75,Tỉnh Đồng Nai,26089,Phường Bình Lộc,PHƯỜNG,Bình Lộc,01/07/2025,https://danhmuchanhchinh.nso.gov.vn/Doi_Chieu_Moi.aspx
75,Tỉnh Đồng Nai,26098,Phường Bảo Vinh,PHƯỜNG,Bảo Vinh,01/07/2025,https://danhmuchanhchinh.nso.gov.vn/Doi_Chieu_Moi.aspx
75,Tỉnh Đồng Nai,26104,Phường Xuân Lập,PHƯỜNG,Xuân Lập,01/07/2025,https://danhmuchanhchinh.nso.gov.vn/Doi_Chieu_Moi.aspx
75,Tỉnh Đồng Nai,26113,Phường Hàng Gòn,PHƯỜNG,Hàng Gòn,01/07/2025,https://danhmuchanhchinh.nso.gov.vn/Doi_Chieu_Moi.aspx
75,Tỉnh Đồng Nai,26116,Xã Tân Phú,XÃ,Tân Phú,01/07/2025,https://danhmuchanhchinh.nso.gov.vn/Doi_Chieu_Moi.aspx
75,Tỉnh Đồng Nai,26119,Xã Đak Lua,XÃ,Đak Lua,01/07/2025,https://danhmuchanhchinh.nso.gov.vn/Doi_Chieu_Moi.aspx
75,Tỉnh Đồng Nai,26122,Xã Nam Cát Tiên,XÃ,Nam Cát Tiên,01/07/2025,https://danhmuchanhchinh.nso.gov.vn/Doi_Chieu_Moi.aspx
75,Tỉnh Đồng Nai,26134,Xã Tà Lài,XÃ,Tà Lài,01/07/2025,https://danhmuchanhchinh.nso.gov.vn/Doi_Chieu_Moi.aspx
75,Tỉnh Đồng Nai,26158,Xã Phú Lâm,XÃ,Phú Lâm,01/07/2025,https://danhmuchanhchinh.nso.gov.vn/Doi_Chieu_Moi.aspx
75,Tỉnh Đồng Nai,26170,Xã Trị An,XÃ,Trị An,01/07/2025,https://danhmuchanhchinh.nso.gov.vn/Doi_Chieu_Moi.aspx
75,Tỉnh Đồng Nai,26173,Xã Phú Lý,XÃ,Phú Lý,01/07/2025,https://danhmuchanhchinh.nso.gov.vn/Doi_Chieu_Moi.aspx
75,Tỉnh Đồng Nai,26179,Xã Tân An,XÃ,Tân An,01/07/2025,https://danhmuchanhchinh.nso.gov.vn/Doi_Chieu_Moi.aspx
75,Tỉnh Đồng Nai,26188,Phường Tân Triều,PHƯỜNG,Tân Triều,01/07/2025,https://danhmuchanhchinh.nso.gov.vn/Doi_Chieu_Moi.aspx
75,Tỉnh Đồng Nai,26206,Xã Định Quán,XÃ,Định Quán,01/07/2025,https://danhmuchanhchinh.nso.gov.vn/Doi_Chieu_Moi.aspx
75,Tỉnh Đồng Nai,26209,Xã Thanh Sơn,XÃ,Thanh Sơn,01/07/2025,https://danhmuchanhchinh.nso.gov.vn/Doi_Chieu_Moi.aspx
75,Tỉnh Đồng Nai,26215,Xã Phú Vinh,XÃ,Phú Vinh,01/07/2025,https://danhmuchanhchinh.nso.gov.vn/Doi_Chieu_Moi.aspx
75,Tỉnh Đồng Nai,26221,Xã Phú Hòa,XÃ,Phú Hòa,01/07/2025,https://danhmuchanhchinh.nso.gov.vn/Doi_Chieu_Moi.aspx
75,Tỉnh Đồng Nai,26227,Xã La Ngà,XÃ,La Ngà,01/07/2025,https://danhmuchanhchinh.nso.gov.vn/Doi_Chieu_Moi.aspx
75,Tỉnh Đồng Nai,26248,Xã Trảng Bom,XÃ,Trảng Bom,01/07/2025,https://danhmuchanhchinh.nso.gov.vn/Doi_Chieu_Moi.aspx
75,Tỉnh Đồng Nai,26254,Xã Bàu Hàm,XÃ,Bàu Hàm,01/07/2025,https://danhmuchanhchinh.nso.gov.vn/Doi_Chieu_Moi.aspx
75,Tỉnh Đồng Nai,26278,Xã Bình Minh,XÃ,Bình Minh,01/07/2025,https://danhmuchanhchinh.nso.gov.vn/Doi_Chieu_Moi.aspx
75,Tỉnh Đồng Nai,26281,Xã Hưng Thịnh,XÃ,Hưng Thịnh,01/07/2025,https://danhmuchanhchinh.nso.gov.vn/Doi_Chieu_Moi.aspx
75,Tỉnh Đồng Nai,26296,Xã An Viễn,XÃ,An Viễn,01/07/2025,https://danhmuchanhchinh.nso.gov.vn/Doi_Chieu_Moi.aspx
75,Tỉnh Đồng Nai,26299,Xã Thống Nhất,XÃ,Thống Nhất,01/07/2025,https://danhmuchanhchinh.nso.gov.vn/Doi_Chieu_Moi.aspx
75,Tỉnh Đồng Nai,26311,Xã Gia Kiệm,XÃ,Gia Kiệm,01/07/2025,https://danhmuchanhchinh.nso.gov.vn/Doi_Chieu_Moi.aspx
75,Tỉnh Đồng Nai,26326,Xã Dầu Giây,XÃ,Dầu Giây,01/07/2025,https://danhmuchanhchinh.nso.gov.vn/Doi_Chieu_Moi.aspx
75,Tỉnh Đồng Nai,26332,Xã Xuân Quế,XÃ,Xuân Quế,01/07/2025,https://danhmuchanhchinh.nso.gov.vn/Doi_Chieu_Moi.aspx
75,Tỉnh Đồng Nai,26341,Xã Cẩm Mỹ,XÃ,Cẩm Mỹ,01/07/2025,https://danhmuchanhchinh.nso.gov.vn/Doi_Chieu_Moi.aspx
75,Tỉnh Đồng Nai,26347,Xã Xuân Đường,XÃ,Xuân Đường,01/07/2025,https://danhmuchanhchinh.nso.gov.vn/Doi_Chieu_Moi.aspx
75,Tỉnh Đồng Nai,26359,Xã Xuân Đông,XÃ,Xuân Đông,01/07/2025,https://danhmuchanhchinh.nso.gov.vn/Doi_Chieu_Moi.aspx
75,Tỉnh Đồng Nai,26362,Xã Sông Ray,XÃ,Sông Ray,01/07/2025,https://danhmuchanhchinh.nso.gov.vn/Doi_Chieu_Moi.aspx
75,Tỉnh Đồng Nai,26368,Xã Long Thành,XÃ,Long Thành,01/07/2025,https://danhmuchanhchinh.nso.gov.vn/Doi_Chieu_Moi.aspx
75,Tỉnh Đồng Nai,26374,Phường Tam Phước,PHƯỜNG,Tam Phước,01/07/2025,https://danhmuchanhchinh.nso.gov.vn/Doi_Chieu_Moi.aspx
75,Tỉnh Đồng Nai,26377,Phường Phước Tân,PHƯỜNG,Phước Tân,01/07/2025,https://danhmuchanhchinh.nso.gov.vn/Doi_Chieu_Moi.aspx
75,Tỉnh Đồng Nai,26380,Phường Long Hưng,PHƯỜNG,Long Hưng,01/07/2025,https://danhmuchanhchinh.nso.gov.vn/Doi_Chieu_Moi.aspx
75,Tỉnh Đồng Nai,26383,Xã An Phước,XÃ,An Phước,01/07/2025,https://danhmuchanhchinh.nso.gov.vn/Doi_Chieu_Moi.aspx
75,Tỉnh Đồng Nai,26389,Xã Bình An,XÃ,Bình An,01/07/2025,https://danhmuchanhchinh.nso.gov.vn/Doi_Chieu_Moi.aspx
75,Tỉnh Đồng Nai,26413,Xã Long Phước,XÃ,Long Phước,01/07/2025,https://danhmuchanhchinh.nso.gov.vn/Doi_Chieu_Moi.aspx
75,Tỉnh Đồng Nai,26422,Xã Phước Thái,XÃ,Phước Thái,01/07/2025,https://danhmuchanhchinh.nso.gov.vn/Doi_Chieu_Moi.aspx
75,Tỉnh Đồng Nai,26425,Xã Xuân Lộc,XÃ,Xuân Lộc,01/07/2025,https://danhmuchanhchinh.nso.gov.vn/Doi_Chieu_Moi.aspx
75,Tỉnh Đồng Nai,26428,Xã Xuân Bắc,XÃ,Xuân Bắc,01/07/2025,https://danhmuchanhchinh.nso.gov.vn/Doi_Chieu_Moi.aspx
75,Tỉnh Đồng Nai,26434,Xã Xuân Thành,XÃ,Xuân Thành,01/07/2025,https://danhmuchanhchinh.nso.gov.vn/Doi_Chieu_Moi.aspx
75,Tỉnh Đồng Nai,26446,Xã Xuân Hòa,XÃ,Xuân Hòa,01/07/2025,https://danhmuchanhchinh.nso.gov.vn/Doi_Chieu_Moi.aspx
75,Tỉnh Đồng Nai,26458,Xã Xuân Phú,XÃ,Xuân Phú,01/07/2025,https://danhmuchanhchinh.nso.gov.vn/Doi_Chieu_Moi.aspx
75,Tỉnh Đồng Nai,26461,Xã Xuân Định,XÃ,Xuân Định,01/07/2025,https://danhmuchanhchinh.nso.gov.vn/Doi_Chieu_Moi.aspx
75,Tỉnh Đồng Nai,26485,Xã Nhơn Trạch,XÃ,Nhơn Trạch,01/07/2025,https://danhmuchanhchinh.nso.gov.vn/Doi_Chieu_Moi.aspx
75,Tỉnh Đồng Nai,26491,Xã Đại Phước,XÃ,Đại Phước,01/07/2025,https://danhmuchanhchinh.nso.gov.vn/Doi_Chieu_Moi.aspx
75,Tỉnh Đồng Nai,26503,Xã Phước An,XÃ,Phước An,01/07/2025,https://danhmuchanhchinh.nso.gov.vn/Doi_Chieu_Moi.aspx
79,Thành phố Hồ Chí Minh,25747,Phường Thủ Dầu Một,PHƯỜNG,Thủ Dầu Một,01/07/2025,https://danhmuchanhchinh.nso.gov.vn/Doi_Chieu_Moi.aspx
79,Thành phố Hồ Chí Minh,25750,Phường Phú Lợi,PHƯỜNG,Phú Lợi,01/07/2025,https://danhmuchanhchinh.nso.gov.vn/Doi_Chieu_Moi.aspx
79,Thành phố Hồ Chí Minh,25760,Phường Bình Dương,PHƯỜNG,Bình Dương,01/07/2025,https://danhmuchanhchinh.nso.gov.vn/Doi_Chieu_Moi.aspx
79,Thành phố Hồ Chí Minh,25768,Phường Phú An,PHƯỜNG,Phú An,01/07/2025,https://danhmuchanhchinh.nso.gov.vn/Doi_Chieu_Moi.aspx
79,Thành phố Hồ Chí Minh,25771,Phường Chánh Hiệp,PHƯỜNG,Chánh Hiệp,01/07/2025,https://danhmuchanhchinh.nso.gov.vn/Doi_Chieu_Moi.aspx
79,Thành phố Hồ Chí Minh,25777,Xã Dầu Tiếng,XÃ,Dầu Tiếng,01/07/2025,https://danhmuchanhchinh.nso.gov.vn/Doi_Chieu_Moi.aspx
79,Thành phố Hồ Chí Minh,25780,Xã Minh Thạnh,XÃ,Minh Thạnh,01/07/2025,https://danhmuchanhchinh.nso.gov.vn/Doi_Chieu_Moi.aspx
79,Thành phố Hồ Chí Minh,25792,Xã Long Hòa,XÃ,Long Hòa,01/07/2025,https://danhmuchanhchinh.nso.gov.vn/Doi_Chieu_Moi.aspx
79,Thành phố Hồ Chí Minh,25807,Xã Thanh An,XÃ,Thanh An,01/07/2025,https://danhmuchanhchinh.nso.gov.vn/Doi_Chieu_Moi.aspx
79,Thành phố Hồ Chí Minh,25813,Phường Bến Cát,PHƯỜNG,Bến Cát,01/07/2025,https://danhmuchanhchinh.nso.gov.vn/Doi_Chieu_Moi.aspx
79,Thành phố Hồ Chí Minh,25819,Xã Trừ Văn Thố,XÃ,Trừ Văn Thố,01/07/2025,https://danhmuchanhchinh.nso.gov.vn/Doi_Chieu_Moi.aspx
79,Thành phố Hồ Chí Minh,25822,Xã Bàu Bàng,XÃ,Bàu Bàng,01/07/2025,https://danhmuchanhchinh.nso.gov.vn/Doi_Chieu_Moi.aspx
79,Thành phố Hồ Chí Minh,25837,Phường Chánh Phú Hòa,PHƯỜNG,Chánh Phú Hòa,01/07/2025,https://danhmuchanhchinh.nso.gov.vn/Doi_Chieu_Moi.aspx
79,Thành phố Hồ Chí Minh,25840,Phường Long Nguyên,PHƯỜNG,Long Nguyên,01/07/2025,https://danhmuchanhchinh.nso.gov.vn/Doi_Chieu_Moi.aspx
79,Thành phố Hồ Chí Minh,25843,Phường Tây Nam,PHƯỜNG,Tây Nam,01/07/2025,https://danhmuchanhchinh.nso.gov.vn/Doi_Chieu_Moi.aspx
79,Thành phố Hồ Chí Minh,25846,Phường Thới Hòa,PHƯỜNG,Thới Hòa,01/07/2025,https://danhmuchanhchinh.nso.gov.vn/Doi_Chieu_Moi.aspx
79,Thành phố Hồ Chí Minh,25849,Phường Hòa Lợi,PHƯỜNG,Hòa Lợi,01/07/2025,https://danhmuchanhchinh.nso.gov.vn/Doi_Chieu_Moi.aspx
79,Thành phố Hồ Chí Minh,25858,Xã Phú Giáo,XÃ,Phú Giáo,01/07/2025,https://danhmuchanhchinh.nso.gov.vn/Doi_Chieu_Moi.aspx
79,Thành phố Hồ Chí Minh,25864,Xã Phước Thành,XÃ,Phước Thành,01/07/2025,https://danhmuchanhchinh.nso.gov.vn/Doi_Chieu_Moi.aspx
79,Thành phố Hồ Chí Minh,25867,Xã An Long,XÃ,An Long,01/07/2025,https://danhmuchanhchinh.nso.gov.vn/Doi_Chieu_Moi.aspx
79,Thành phố Hồ Chí Minh,25882,Xã Phước Hòa,XÃ,Phước Hòa,01/07/2025,https://danhmuchanhchinh.nso.gov.vn/Doi_Chieu_Moi.aspx
79,Thành phố Hồ Chí Minh,25888,Phường Tân Uyên,PHƯỜNG,Tân Uyên,01/07/2025,https://danhmuchanhchinh.nso.gov.vn/Doi_Chieu_Moi.aspx
79,Thành phố Hồ Chí Minh,25891,Phường Tân Khánh,PHƯỜNG,Tân Khánh,01/07/2025,https://danhmuchanhchinh.nso.gov.vn/Doi_Chieu_Moi.aspx
79,Thành phố Hồ Chí Minh,25906,Xã Bắc Tân Uyên,XÃ,Bắc Tân Uyên,01/07/2025,https://danhmuchanhchinh.nso.gov.vn/Doi_Chieu_Moi.aspx
79,Thành phố Hồ Chí Minh,25909,Xã Thường Tân,XÃ,Thường Tân,01/07/2025,https://danhmuchanhchinh.nso.gov.vn/Doi_Chieu_Moi.aspx
79,Thành phố Hồ Chí Minh,25912,Phường Vĩnh Tân,PHƯỜNG,Vĩnh Tân,01/07/2025,https://danhmuchanhchinh.nso.gov.vn/Doi_Chieu_Moi.aspx
79,Thành phố Hồ Chí Minh,25915,Phường Bình Cơ,PHƯỜNG,Bình Cơ,01/07/2025,https://danhmuchanhchinh.nso.gov.vn/Doi_Chieu_Moi.aspx
79,Thành phố Hồ Chí Minh,25920,Phường Tân Hiệp,PHƯỜNG,Tân Hiệp,01/07/2025,https://danhmuchanhchinh.nso.gov.vn/Doi_Chieu_Moi.aspx
79,Thành phố Hồ Chí Minh,25942,Phường Dĩ An,PHƯỜNG,Dĩ An,01/07/2025,https://danhmuchanhchinh.nso.gov.vn/Doi_Chieu_Moi.aspx
79,Thành phố Hồ Chí Minh,25945,Phường Tân Đông Hiệp,PHƯỜNG,Tân Đông Hiệp,01/07/2025,https://danhmuchanhchinh.nso.gov.vn/Doi_Chieu_Moi.aspx
79,Thành phố Hồ Chí Minh,25951,Phường Đông Hòa,PHƯỜNG,Đông Hòa,01/07/2025,https://danhmuchanhchinh.nso.gov.vn/Doi_Chieu_Moi.aspx
79,Thành phố Hồ Chí Minh,25966,Phường Lái Thiêu,PHƯỜNG,Lái Thiêu,01/07/2025,https://danhmuchanhchinh.nso.gov.vn/Doi_Chieu_Moi.aspx
79,Thành phố Hồ Chí Minh,25969,Phường Thuận Giao,PHƯỜNG,Thuận Giao,01/07/2025,https://danhmuchanhchinh.nso.gov.vn/Doi_Chieu_Moi.aspx
79,Thành phố Hồ Chí Minh,25975,Phường An Phú,PHƯỜNG,An Phú,01/07/2025,https://danhmuchanhchinh.nso.gov.vn/Doi_Chieu_Moi.aspx
79,Thành phố Hồ Chí Minh,25978,Phường Thuận An,PHƯỜNG,Thuận An,01/07/2025,https://danhmuchanhchinh.nso.gov.vn/Doi_Chieu_Moi.aspx
79,Thành phố Hồ Chí Minh,25987,Phường Bình Hòa,PHƯỜNG,Bình Hòa,01/07/2025,https://danhmuchanhchinh.nso.gov.vn/Doi_Chieu_Moi.aspx
79,Thành phố Hồ Chí Minh,26506,Phường Vũng Tàu,PHƯỜNG,Vũng Tàu,01/07/2025,https://danhmuchanhchinh.nso.gov.vn/Doi_Chieu_Moi.aspx
79,Thành phố Hồ Chí Minh,26526,Phường Tam Thắng,PHƯỜNG,Tam Thắng,01/07/2025,https://danhmuchanhchinh.nso.gov.vn/Doi_Chieu_Moi.aspx
79,Thành phố Hồ Chí Minh,26536,Phường Rạch Dừa,PHƯỜNG,Rạch Dừa,01/07/2025,https://danhmuchanhchinh.nso.gov.vn/Doi_Chieu_Moi.aspx
79,Thành phố Hồ Chí Minh,26542,Phường Phước Thắng,PHƯỜNG,Phước Thắng,01/07/2025,https://danhmuchanhchinh.nso.gov.vn/Doi_Chieu_Moi.aspx
79,Thành phố Hồ Chí Minh,26545,Xã Long Sơn,XÃ,Long Sơn,01/07/2025,https://danhmuchanhchinh.nso.gov.vn/Doi_Chieu_Moi.aspx
79,Thành phố Hồ Chí Minh,26560,Phường Bà Rịa,PHƯỜNG,Bà Rịa,01/07/2025,https://danhmuchanhchinh.nso.gov.vn/Doi_Chieu_Moi.aspx
79,Thành phố Hồ Chí Minh,26566,Phường Long Hương,PHƯỜNG,Long Hương,01/07/2025,https://danhmuchanhchinh.nso.gov.vn/Doi_Chieu_Moi.aspx
79,Thành phố Hồ Chí Minh,26572,Phường Tam Long,PHƯỜNG,Tam Long,01/07/2025,https://danhmuchanhchinh.nso.gov.vn/Doi_Chieu_Moi.aspx
79,Thành phố Hồ Chí Minh,26575,Xã Ngãi Giao,XÃ,Ngãi Giao,01/07/2025,https://danhmuchanhchinh.nso.gov.vn/Doi_Chieu_Moi.aspx
79,Thành phố Hồ Chí Minh,26584,Xã Xuân Sơn,XÃ,Xuân Sơn,01/07/2025,https://danhmuchanhchinh.nso.gov.vn/Doi_Chieu_Moi.aspx
79,Thành phố Hồ Chí Minh,26590,Xã Bình Giã,XÃ,Bình Giã,01/07/2025,https://danhmuchanhchinh.nso.gov.vn/Doi_Chieu_Moi.aspx
79,Thành phố Hồ Chí Minh,26596,Xã Châu Đức,XÃ,Châu Đức,01/07/2025,https://danhmuchanhchinh.nso.gov.vn/Doi_Chieu_Moi.aspx
79,Thành phố Hồ Chí Minh,26608,Xã Kim Long,XÃ,Kim Long,01/07/2025,https://danhmuchanhchinh.nso.gov.vn/Doi_Chieu_Moi.aspx
79,Thành phố Hồ Chí Minh,26617,Xã Nghĩa Thành,XÃ,Nghĩa Thành,01/07/2025,https://danhmuchanhchinh.nso.gov.vn/Doi_Chieu_Moi.aspx
79,Thành phố Hồ Chí Minh,26620,Xã Hồ Tràm,XÃ,Hồ Tràm,01/07/2025,https://danhmuchanhchinh.nso.gov.vn/Doi_Chieu_Moi.aspx
79,Thành phố Hồ Chí Minh,26632,Xã Xuyên Mộc,XÃ,Xuyên Mộc,01/07/2025,https://danhmuchanhchinh.nso.gov.vn/Doi_Chieu_Moi.aspx
79,Thành phố Hồ Chí Minh,26638,Xã Bàu Lâm,XÃ,Bàu Lâm,01/07/2025,https://danhmuchanhchinh.nso.gov.vn/Doi_Chieu_Moi.aspx
79,Thành phố Hồ Chí Minh,26641,Xã Hòa Hội,XÃ,Hòa Hội,01/07/2025,https://danhmuchanhchinh.nso.gov.vn/Doi_Chieu_Moi.aspx
79,Thành phố Hồ Chí Minh,26647,Xã Hòa Hiệp,XÃ,Hòa Hiệp,01/07/2025,https://danhmuchanhchinh.nso.gov.vn/Doi_Chieu_Moi.aspx
79,Thành phố Hồ Chí Minh,26656,Xã Bình Châu,XÃ,Bình Châu,01/07/2025,https://danhmuchanhchinh.nso.gov.vn/Doi_Chieu_Moi.aspx
79,Thành phố Hồ Chí Minh,26659,Xã Long Điền,XÃ,Long Điền,01/07/2025,https://danhmuchanhchinh.nso.gov.vn/Doi_Chieu_Moi.aspx
79,Thành phố Hồ Chí Minh,26662,Xã Long Hải,XÃ,Long Hải,01/07/2025,https://danhmuchanhchinh.nso.gov.vn/Doi_Chieu_Moi.aspx
79,Thành phố Hồ Chí Minh,26680,Xã Đất Đỏ,XÃ,Đất Đỏ,01/07/2025,https://danhmuchanhchinh.nso.gov.vn/Doi_Chieu_Moi.aspx
79,Thành phố Hồ Chí Minh,26686,Xã Phước Hải,XÃ,Phước Hải,01/07/2025,https://danhmuchanhchinh.nso.gov.vn/Doi_Chieu_Moi.aspx
79,Thành phố Hồ Chí Minh,26704,Phường Phú Mỹ,PHƯỜNG,Phú Mỹ,01/07/2025,https://danhmuchanhchinh.nso.gov.vn/Doi_Chieu_Moi.aspx
79,Thành phố Hồ Chí Minh,26710,Phường Tân Hải,PHƯỜNG,Tân Hải,01/07/2025,https://danhmuchanhchinh.nso.gov.vn/Doi_Chieu_Moi.aspx
79,Thành phố Hồ Chí Minh,26713,Phường Tân Phước,PHƯỜNG,Tân Phước,01/07/2025,https://danhmuchanhchinh.nso.gov.vn/Doi_Chieu_Moi.aspx
79,Thành phố Hồ Chí Minh,26725,Phường Tân Thành,PHƯỜNG,Tân Thành,01/07/2025,https://danhmuchanhchinh.nso.gov.vn/Doi_Chieu_Moi.aspx
79,Thành phố Hồ Chí Minh,26728,Xã Châu Pha,XÃ,Châu Pha,01/07/2025,https://danhmuchanhchinh.nso.gov.vn/Doi_Chieu_Moi.aspx
79,Thành phố Hồ Chí Minh,26732,Đặc khu Côn Đảo,ĐẶC KHU,Côn Đảo,01/07/2025,https://danhmuchanhchinh.nso.gov.vn/Doi_Chieu_Moi.aspx
79,Thành phố Hồ Chí Minh,26737,Phường Tân Định,PHƯỜNG,Tân Định,01/07/2025,https://danhmuchanhchinh.nso.gov.vn/Doi_Chieu_Moi.aspx
79,Thành phố Hồ Chí Minh,26740,Phường Sài Gòn,PHƯỜNG,Sài Gòn,01/07/2025,https://danhmuchanhchinh.nso.gov.vn/Doi_Chieu_Moi.aspx
79,Thành phố Hồ Chí Minh,26743,Phường Bến Thành,PHƯỜNG,Bến Thành,01/07/2025,https://danhmuchanhchinh.nso.gov.vn/Doi_Chieu_Moi.aspx
79,Thành phố Hồ Chí Minh,26758,Phường Cầu Ông Lãnh,PHƯỜNG,Cầu Ông Lãnh,01/07/2025,https://danhmuchanhchinh.nso.gov.vn/Doi_Chieu_Moi.aspx
79,Thành phố Hồ Chí Minh,26767,Phường An Phú Đông,PHƯỜNG,An Phú Đông,01/07/2025,https://danhmuchanhchinh.nso.gov.vn/Doi_Chieu_Moi.aspx
79,Thành phố Hồ Chí Minh,26773,Phường Thới An,PHƯỜNG,Thới An,01/07/2025,https://danhmuchanhchinh.nso.gov.vn/Doi_Chieu_Moi.aspx
79,Thành phố Hồ Chí Minh,26782,Phường Tân Thới Hiệp,PHƯỜNG,Tân Thới Hiệp,01/07/2025,https://danhmuchanhchinh.nso.gov.vn/Doi_Chieu_Moi.aspx
79,Thành phố Hồ Chí Minh,26785,Phường Trung Mỹ Tây,PHƯỜNG,Trung Mỹ Tây,01/07/2025,https://danhmuchanhchinh.nso.gov.vn/Doi_Chieu_Moi.aspx
79,Thành phố Hồ Chí Minh,26791,Phường Đông Hưng Thuận,PHƯỜNG,Đông Hưng Thuận,01/07/2025,https://danhmuchanhchinh.nso.gov.vn/Doi_Chieu_Moi.aspx
79,Thành phố Hồ Chí Minh,26800,Phường Linh Xuân,PHƯỜNG,Linh Xuân,01/07/2025,https://danhmuchanhchinh.nso.gov.vn/Doi_Chieu_Moi.aspx
79,Thành phố Hồ Chí Minh,26803,Phường Tam Bình,PHƯỜNG,Tam Bình,01/07/2025,https://danhmuchanhchinh.nso.gov.vn/Doi_Chieu_Moi.aspx
79,Thành phố Hồ Chí Minh,26809,Phường Hiệp Bình,PHƯỜNG,Hiệp Bình,01/07/2025,https://danhmuchanhchinh.nso.gov.vn/Doi_Chieu_Moi.aspx
79,Thành phố Hồ Chí Minh,26824,Phường Thủ Đức,PHƯỜNG,Thủ Đức,01/07/2025,https://danhmuchanhchinh.nso.gov.vn/Doi_Chieu_Moi.aspx
79,Thành phố Hồ Chí Minh,26833,Phường Long Bình,PHƯỜNG,Long Bình,01/07/2025,https://danhmuchanhchinh.nso.gov.vn/Doi_Chieu_Moi.aspx
79,Thành phố Hồ Chí Minh,26842,Phường Tăng Nhơn Phú,PHƯỜNG,Tăng Nhơn Phú,01/07/2025,https://danhmuchanhchinh.nso.gov.vn/Doi_Chieu_Moi.aspx
79,Thành phố Hồ Chí Minh,26848,Phường Phước Long,PHƯỜNG,Phước Long,01/07/2025,https://danhmuchanhchinh.nso.gov.vn/Doi_Chieu_Moi.aspx
79,Thành phố Hồ Chí Minh,26857,Phường Long Phước,PHƯỜNG,Long Phước,01/07/2025,https://danhmuchanhchinh.nso.gov.vn/Doi_Chieu_Moi.aspx
79,Thành phố Hồ Chí Minh,26860,Phường Long Trường,PHƯỜNG,Long Trường,01/07/2025,https://danhmuchanhchinh.nso.gov.vn/Doi_Chieu_Moi.aspx
79,Thành phố Hồ Chí Minh,26876,Phường An Nhơn,PHƯỜNG,An Nhơn,01/07/2025,https://danhmuchanhchinh.nso.gov.vn/Doi_Chieu_Moi.aspx
79,Thành phố Hồ Chí Minh,26878,Phường An Hội Đông,PHƯỜNG,An Hội Đông,01/07/2025,https://danhmuchanhchinh.nso.gov.vn/Doi_Chieu_Moi.aspx
79,Thành phố Hồ Chí Minh,26882,Phường An Hội Tây,PHƯỜNG,An Hội Tây,01/07/2025,https://danhmuchanhchinh.nso.gov.vn/Doi_Chieu_Moi.aspx
79,Thành phố Hồ Chí Minh,26884,Phường Gò Vấp,PHƯỜNG,Gò Vấp,01/07/2025,https://danhmuchanhchinh.nso.gov.vn/Doi_Chieu_Moi.aspx
79,Thành phố Hồ Chí Minh,26890,Phường Hạnh Thông,PHƯỜNG,Hạnh Thông,01/07/2025,https://danhmuchanhchinh.nso.gov.vn/Doi_Chieu_Moi.aspx
79,Thành phố Hồ Chí Minh,26898,Phường Thông Tây Hội,PHƯỜNG,Thông Tây Hội,01/07/2025,https://danhmuchanhchinh.nso.gov.vn/Doi_Chieu_Moi.aspx
79,Thành phố Hồ Chí Minh,26905,Phường Bình Lợi Trung,PHƯỜNG,Bình Lợi Trung,01/07/2025,https://danhmuchanhchinh.nso.gov.vn/Doi_Chieu_Moi.aspx
79,Thành phố Hồ Chí Minh,26911,Phường Bình Quới,PHƯỜNG,Bình Quới,01/07/2025,https://danhmuchanhchinh.nso.gov.vn/Doi_Chieu_Moi.aspx
79,Thành phố Hồ Chí Minh,26929,Phường Bình Thạnh,PHƯỜNG,Bình Thạnh,01/07/2025,https://danhmuchanhchinh.nso.gov.vn/Doi_Chieu_Moi.aspx
79,Thành phố Hồ Chí Minh,26944,Phường Gia Định,PHƯỜNG,Gia Định,01/07/2025,https://danhmuchanhchinh.nso.gov.vn/Doi_Chieu_Moi.aspx
79,Thành phố Hồ Chí Minh,26956,Phường Thạnh Mỹ Tây,PHƯỜNG,Thạnh Mỹ Tây,01/07/2025,https://danhmuchanhchinh.nso.gov.vn/Doi_Chieu_Moi.aspx
79,Thành phố Hồ Chí Minh,26968,Phường Tân Sơn Nhất,PHƯỜNG,Tân Sơn Nhất,01/07/2025,https://danhmuchanhchinh.nso.gov.vn/Doi_Chieu_Moi.aspx
79,Thành phố Hồ Chí Minh,26977,Phường Tân Sơn Hòa,PHƯỜNG,Tân Sơn Hòa,01/07/2025,https://danhmuchanhchinh.nso.gov.vn/Doi_Chieu_Moi.aspx
79,Thành phố Hồ Chí Minh,26983,Phường Bảy Hiền,PHƯỜNG,Bảy Hiền,01/07/2025,https://danhmuchanhchinh.nso.gov.vn/Doi_Chieu_Moi.aspx
79,Thành phố Hồ Chí Minh,26995,Phường Tân Hòa,PHƯỜNG,Tân Hòa,01/07/2025,https://danhmuchanhchinh.nso.gov.vn/Doi_Chieu_Moi.aspx
79,Thành phố Hồ Chí Minh,27004,Phường Tân Bình,PHƯỜNG,Tân Bình,01/07/2025,https://danhmuchanhchinh.nso.gov.vn/Doi_Chieu_Moi.aspx
79,Thành phố Hồ Chí Minh,27007,Phường Tân Sơn,PHƯỜNG,Tân Sơn,01/07/2025,https://danhmuchanhchinh.nso.gov.vn/Doi_Chieu_Moi.aspx
79,Thành phố Hồ Chí Minh,27013,Phường Tây Thạnh,PHƯỜNG,Tây Thạnh,01/07/2025,https://danhmuchanhchinh.nso.gov.vn/Doi_Chieu_Moi.aspx
79,Thành phố Hồ Chí Minh,27019,Phường Tân Sơn Nhì,PHƯỜNG,Tân Sơn Nhì,01/07/2025,https://danhmuchanhchinh.nso.gov.vn/Doi_Chieu_Moi.aspx
79,Thành phố Hồ Chí Minh,27022,Phường Phú Thọ Hòa,PHƯỜNG,Phú Thọ Hòa,01/07/2025,https://danhmuchanhchinh.nso.gov.vn/Doi_Chieu_Moi.aspx
79,Thành phố Hồ Chí Minh,27028,Phường Phú Thạnh,PHƯỜNG,Phú Thạnh,01/07/2025,https://danhmuchanhchinh.nso.gov.vn/Doi_Chieu_Moi.aspx
79,Thành phố Hồ Chí Minh,27031,Phường Tân Phú,PHƯỜNG,Tân Phú,01/07/2025,https://danhmuchanhchinh.nso.gov.vn/Doi_Chieu_Moi.aspx
79,Thành phố Hồ Chí Minh,27043,Phường Đức Nhuận,PHƯỜNG,Đức Nhuận,01/07/2025,https://danhmuchanhchinh.nso.gov.vn/Doi_Chieu_Moi.aspx
79,Thành phố Hồ Chí Minh,27058,Phường Cầu Kiệu,PHƯỜNG,Cầu Kiệu,01/07/2025,https://danhmuchanhchinh.nso.gov.vn/Doi_Chieu_Moi.aspx
79,Thành phố Hồ Chí Minh,27073,Phường Phú Nhuận,PHƯỜNG,Phú Nhuận,01/07/2025,https://danhmuchanhchinh.nso.gov.vn/Doi_Chieu_Moi.aspx
79,Thành phố Hồ Chí Minh,27094,Phường An Khánh,PHƯỜNG,An Khánh,01/07/2025,https://danhmuchanhchinh.nso.gov.vn/Doi_Chieu_Moi.aspx
79,Thành phố Hồ Chí Minh,27097,Phường Bình Trưng,PHƯỜNG,Bình Trưng,01/07/2025,https://danhmuchanhchinh.nso.gov.vn/Doi_Chieu_Moi.aspx
79,Thành phố Hồ Chí Minh,27112,Phường Cát Lái,PHƯỜNG,Cát Lái,01/07/2025,https://danhmuchanhchinh.nso.gov.vn/Doi_Chieu_Moi.aspx
79,Thành phố Hồ Chí Minh,27139,Phường Xuân Hòa,PHƯỜNG,Xuân Hòa,01/07/2025,https://danhmuchanhchinh.nso.gov.vn/Doi_Chieu_Moi.aspx
79,Thành phố Hồ Chí Minh,27142,Phường Nhiêu Lộc,PHƯỜNG,Nhiêu Lộc,01/07/2025,https://danhmuchanhchinh.nso.gov.vn/Doi_Chieu_Moi.aspx
79,Thành phố Hồ Chí Minh,27154,Phường Bàn Cờ,PHƯỜNG,Bàn Cờ,01/07/2025,https://danhmuchanhchinh.nso.gov.vn/Doi_Chieu_Moi.aspx
79,Thành phố Hồ Chí Minh,27163,Phường Hòa Hưng,PHƯỜNG,Hòa Hưng,01/07/2025,https://danhmuchanhchinh.nso.gov.vn/Doi_Chieu_Moi.aspx
79,Thành phố Hồ Chí Minh,27169,Phường Diên Hồng,PHƯỜNG,Diên Hồng,01/07/2025,https://danhmuchanhchinh.nso.gov.vn/Doi_Chieu_Moi.aspx
79,Thành phố Hồ Chí Minh,27190,Phường Vườn Lài,PHƯỜNG,Vườn Lài,01/07/2025,https://danhmuchanhchinh.nso.gov.vn/Doi_Chieu_Moi.aspx
79,Thành phố Hồ Chí Minh,27211,Phường Hòa Bình,PHƯỜNG,Hòa Bình,01/07/2025,https://danhmuchanhchinh.nso.gov.vn/Doi_Chieu_Moi.aspx
79,Thành phố Hồ Chí Minh,27226,Phường Phú Thọ,PHƯỜNG,Phú Thọ,01/07/2025,https://danhmuchanhchinh.nso.gov.vn/Doi_Chieu_Moi.aspx
79,Thành phố Hồ Chí Minh,27232,Phường Bình Thới,PHƯỜNG,Bình Thới,01/07/2025,https://danhmuchanhchinh.nso.gov.vn/Doi_Chieu_Moi.aspx
79,Thành phố Hồ Chí Minh,27238,Phường Minh Phụng,PHƯỜNG,Minh Phụng,01/07/2025,https://danhmuchanhchinh.nso.gov.vn/Doi_Chieu_Moi.aspx
79,Thành phố Hồ Chí Minh,27259,Phường Xóm Chiếu,PHƯỜNG,Xóm Chiếu,01/07/2025,https://danhmuchanhchinh.nso.gov.vn/Doi_Chieu_Moi.aspx
79,Thành phố Hồ Chí Minh,27265,Phường Khánh Hội,PHƯỜNG,Khánh Hội,01/07/2025,https://danhmuchanhchinh.nso.gov.vn/Doi_Chieu_Moi.aspx
79,Thành phố Hồ Chí Minh,27286,Phường Vĩnh Hội,PHƯỜNG,Vĩnh Hội,01/07/2025,https://danhmuchanhchinh.nso.gov.vn/Doi_Chieu_Moi.aspx
79,Thành phố Hồ Chí Minh,27301,Phường Chợ Quán,PHƯỜNG,Chợ Quán,01/07/2025,https://danhmuchanhchinh.nso.gov.vn/Doi_Chieu_Moi.aspx
79,Thành phố Hồ Chí Minh,27316,Phường An Đông,PHƯỜNG,An Đông,01/07/2025,https://danhmuchanhchinh.nso.gov.vn/Doi_Chieu_Moi.aspx
79,Thành phố Hồ Chí Minh,27343,Phường Chợ Lớn,PHƯỜNG,Chợ Lớn,01/07/2025,https://danhmuchanhchinh.nso.gov.vn/Doi_Chieu_Moi.aspx
79,Thành phố Hồ Chí Minh,27349,Phường Phú Lâm,PHƯỜNG,Phú Lâm,01/07/2025,https://danhmuchanhchinh.nso.gov.vn/Doi_Chieu_Moi.aspx
79,Thành phố Hồ Chí Minh,27364,Phường Bình Phú,PHƯỜNG,Bình Phú,01/07/2025,https://danhmuchanhchinh.nso.gov.vn/Doi_Chieu_Moi.aspx
79,Thành phố Hồ Chí Minh,27367,Phường Bình Tây,PHƯỜNG,Bình Tây,01/07/2025,https://danhmuchanhchinh.nso.gov.vn/Doi_Chieu_Moi.aspx
79,Thành phố Hồ Chí Minh,27373,Phường Bình Tiên,PHƯỜNG,Bình Tiên,01/07/2025,https://danhmuchanhchinh.nso.gov.vn/Doi_Chieu_Moi.aspx
79,Thành phố Hồ Chí Minh,27418,Phường Chánh Hưng,PHƯỜNG,Chánh Hưng,01/07/2025,https://danhmuchanhchinh.nso.gov.vn/Doi_Chieu_Moi.aspx
79,Thành phố Hồ Chí Minh,27424,Phường Bình Đông,PHƯỜNG,Bình Đông,01/07/2025,https://danhmuchanhchinh.nso.gov.vn/Doi_Chieu_Moi.aspx
79,Thành phố Hồ Chí Minh,27427,Phường Phú Định,PHƯỜNG,Phú Định,01/07/2025,https://danhmuchanhchinh.nso.gov.vn/Doi_Chieu_Moi.aspx
79,Thành phố Hồ Chí Minh,27439,Phường Bình Hưng Hòa,PHƯỜNG,Bình Hưng Hòa,01/07/2025,https://danhmuchanhchinh.nso.gov.vn/Doi_Chieu_Moi.aspx
79,Thành phố Hồ Chí Minh,27442,Phường Bình Tân,PHƯỜNG,Bình Tân,01/07/2025,https://danhmuchanhchinh.nso.gov.vn/Doi_Chieu_Moi.aspx
79,Thành phố Hồ Chí Minh,27448,Phường Bình Trị Đông,PHƯỜNG,Bình Trị Đông,01/07/2025,https://danhmuchanhchinh.nso.gov.vn/Doi_Chieu_Moi.aspx
79,Thành phố Hồ Chí Minh,27457,Phường Tân Tạo,PHƯỜNG,Tân Tạo,01/07/2025,https://danhmuchanhchinh.nso.gov.vn/Doi_Chieu_Moi.aspx
79,Thành phố Hồ Chí Minh,27460,Phường An Lạc,PHƯỜNG,An Lạc,01/07/2025,https://danhmuchanhchinh.nso.gov.vn/Doi_Chieu_Moi.aspx
79,Thành phố Hồ Chí Minh,27475,Phường Tân Hưng,PHƯỜNG,Tân Hưng,01/07/2025,https://danhmuchanhchinh.nso.gov.vn/Doi_Chieu_Moi.aspx
79,Thành phố Hồ Chí Minh,27478,Phường Tân Thuận,PHƯỜNG,Tân Thuận,01/07/2025,https://danhmuchanhchinh.nso.gov.vn/Doi_Chieu_Moi.aspx
79,Thành phố Hồ Chí Minh,27484,Phường Phú Thuận,PHƯỜNG,Phú Thuận,01/07/2025,https://danhmuchanhchinh.nso.gov.vn/Doi_Chieu_Moi.aspx
79,Thành phố Hồ Chí Minh,27487,Phường Tân Mỹ,PHƯỜNG,Tân Mỹ,01/07/2025,https://danhmuchanhchinh.nso.gov.vn/Doi_Chieu_Moi.aspx
79,Thành phố Hồ Chí Minh,27496,Xã Tân An Hội,XÃ,Tân An Hội,01/07/2025,https://danhmuchanhchinh.nso.gov.vn/Doi_Chieu_Moi.aspx
79,Thành phố Hồ Chí Minh,27508,Xã An Nhơn Tây,XÃ,An Nhơn Tây,01/07/2025,https://danhmuchanhchinh.nso.gov.vn/Doi_Chieu_Moi.aspx
79,Thành phố Hồ Chí Minh,27511,Xã Nhuận Đức,XÃ,Nhuận Đức,01/07/2025,https://danhmuchanhchinh.nso.gov.vn/Doi_Chieu_Moi.aspx
79,Thành phố Hồ Chí Minh,27526,Xã Thái Mỹ,XÃ,Thái Mỹ,01/07/2025,https://danhmuchanhchinh.nso.gov.vn/Doi_Chieu_Moi.aspx
79,Thành phố Hồ Chí Minh,27541,Xã Phú Hòa Đông,XÃ,Phú Hòa Đông,01/07/2025,https://danhmuchanhchinh.nso.gov.vn/Doi_Chieu_Moi.aspx
79,Thành phố Hồ Chí Minh,27544,Xã Bình Mỹ,XÃ,Bình Mỹ,01/07/2025,https://danhmuchanhchinh.nso.gov.vn/Doi_Chieu_Moi.aspx
79,Thành phố Hồ Chí Minh,27553,Xã Củ Chi,XÃ,Củ Chi,01/07/2025,https://danhmuchanhchinh.nso.gov.vn/Doi_Chieu_Moi.aspx
79,Thành phố Hồ Chí Minh,27559,Xã Hóc Môn,XÃ,Hóc Môn,01/07/2025,https://danhmuchanhchinh.nso.gov.vn/Doi_Chieu_Moi.aspx
79,Thành phố Hồ Chí Minh,27568,Xã Đông Thạnh,XÃ,Đông Thạnh,01/07/2025,https://danhmuchanhchinh.nso.gov.vn/Doi_Chieu_Moi.aspx
79,Thành phố Hồ Chí Minh,27577,Xã Xuân Thới Sơn,XÃ,Xuân Thới Sơn,01/07/2025,https://danhmuchanhchinh.nso.gov.vn/Doi_Chieu_Moi.aspx
79,Thành phố Hồ Chí Minh,27592,Xã Bà Điểm,XÃ,Bà Điểm,01/07/2025,https://danhmuchanhchinh.nso.gov.vn/Doi_Chieu_Moi.aspx
79,Thành phố Hồ Chí Minh,27595,Xã Tân Nhựt,XÃ,Tân Nhựt,01/07/2025,https://danhmuchanhchinh.nso.gov.vn/Doi_Chieu_Moi.aspx
79,Thành phố Hồ Chí Minh,27601,Xã Vĩnh Lộc,XÃ,Vĩnh Lộc,01/07/2025,https://danhmuchanhchinh.nso.gov.vn/Doi_Chieu_Moi.aspx
79,Thành phố Hồ Chí Minh,27604,Xã Tân Vĩnh Lộc,XÃ,Tân Vĩnh Lộc,01/07/2025,https://danhmuchanhchinh.nso.gov.vn/Doi_Chieu_Moi.aspx
79,Thành phố Hồ Chí Minh,27610,Xã Bình Lợi,XÃ,Bình Lợi,01/07/2025,https://danhmuchanhchinh.nso.gov.vn/Doi_Chieu_Moi.aspx
79,Thành phố Hồ Chí Minh,27619,Xã Bình Hưng,XÃ,Bình Hưng,01/07/2025,https://danhmuchanhchinh.nso.gov.vn/Doi_Chieu_Moi.aspx
79,Thành phố Hồ Chí Minh,27628,Xã Hưng Long,XÃ,Hưng Long,01/07/2025,https://danhmuchanhchinh.nso.gov.vn/Doi_Chieu_Moi.aspx
79,Thành phố Hồ Chí Minh,27637,Xã Bình Chánh,XÃ,Bình Chánh,01/07/2025,https://danhmuchanhchinh.nso.gov.vn/Doi_Chieu_Moi.aspx
79,Thành phố Hồ Chí Minh,27655,Xã Nhà Bè,XÃ,Nhà Bè,01/07/2025,https://danhmuchanhchinh.nso.gov.vn/Doi_Chieu_Moi.aspx
79,Thành phố Hồ Chí Minh,27658,Xã Hiệp Phước,XÃ,Hiệp Phước,01/07/2025,https://danhmuchanhchinh.nso.gov.vn/Doi_Chieu_Moi.aspx
79,Thành phố Hồ Chí Minh,27664,Xã Cần Giờ,XÃ,Cần Giờ,01/07/2025,https://danhmuchanhchinh.nso.gov.vn/Doi_Chieu_Moi.aspx
79,Thành phố Hồ Chí Minh,27667,Xã Bình Khánh,XÃ,Bình Khánh,01/07/2025,https://danhmuchanhchinh.nso.gov.vn/Doi_Chieu_Moi.aspx
79,Thành phố Hồ Chí Minh,27673,Xã An Thới Đông,XÃ,An Thới Đông,01/07/2025,https://danhmuchanhchinh.nso.gov.vn/Doi_Chieu_Moi.aspx
79,Thành phố Hồ Chí Minh,27676,Xã Thạnh An,XÃ,Thạnh An,01/07/2025,https://danhmuchanhchinh.nso.gov.vn/Doi_Chieu_Moi.aspx
86,Tỉnh Vĩnh Long,28756,Phường Phú Khương,PHƯỜNG,Phú Khương,01/07/2025,https://danhmuchanhchinh.nso.gov.vn/Doi_Chieu_Moi.aspx
86,Tỉnh Vĩnh Long,28777,Phường An Hội,PHƯỜNG,An Hội,01/07/2025,https://danhmuchanhchinh.nso.gov.vn/Doi_Chieu_Moi.aspx
86,Tỉnh Vĩnh Long,28783,Phường Sơn Đông,PHƯỜNG,Sơn Đông,01/07/2025,https://danhmuchanhchinh.nso.gov.vn/Doi_Chieu_Moi.aspx
86,Tỉnh Vĩnh Long,28789,Phường Bến Tre,PHƯỜNG,Bến Tre,01/07/2025,https://danhmuchanhchinh.nso.gov.vn/Doi_Chieu_Moi.aspx
86,Tỉnh Vĩnh Long,28807,Xã Giao Long,XÃ,Giao Long,01/07/2025,https://danhmuchanhchinh.nso.gov.vn/Doi_Chieu_Moi.aspx
86,Tỉnh Vĩnh Long,28810,Xã Phú Túc,XÃ,Phú Túc,01/07/2025,https://danhmuchanhchinh.nso.gov.vn/Doi_Chieu_Moi.aspx
86,Tỉnh Vĩnh Long,28840,Xã Tân Phú,XÃ,Tân Phú,01/07/2025,https://danhmuchanhchinh.nso.gov.vn/Doi_Chieu_Moi.aspx
86,Tỉnh Vĩnh Long,28858,Phường Phú Tân,PHƯỜNG,Phú Tân,01/07/2025,https://danhmuchanhchinh.nso.gov.vn/Doi_Chieu_Moi.aspx
86,Tỉnh Vĩnh Long,28861,Xã Tiên Thủy,XÃ,Tiên Thủy,01/07/2025,https://danhmuchanhchinh.nso.gov.vn/Doi_Chieu_Moi.aspx
86,Tỉnh Vĩnh Long,28870,Xã Chợ Lách,XÃ,Chợ Lách,01/07/2025,https://danhmuchanhchinh.nso.gov.vn/Doi_Chieu_Moi.aspx
86,Tỉnh Vĩnh Long,28879,Xã Phú Phụng,XÃ,Phú Phụng,01/07/2025,https://danhmuchanhchinh.nso.gov.vn/Doi_Chieu_Moi.aspx
86,Tỉnh Vĩnh Long,28894,Xã Vĩnh Thành,XÃ,Vĩnh Thành,01/07/2025,https://danhmuchanhchinh.nso.gov.vn/Doi_Chieu_Moi.aspx
86,Tỉnh Vĩnh Long,28901,Xã Hưng Khánh Trung,XÃ,Hưng Khánh Trung,01/07/2025,https://danhmuchanhchinh.nso.gov.vn/Doi_Chieu_Moi.aspx
86,Tỉnh Vĩnh Long,28903,Xã Mỏ Cày,XÃ,Mỏ Cày,01/07/2025,https://danhmuchanhchinh.nso.gov.vn/Doi_Chieu_Moi.aspx
86,Tỉnh Vĩnh Long,28915,Xã Phước Mỹ Trung,XÃ,Phước Mỹ Trung,01/07/2025,https://danhmuchanhchinh.nso.gov.vn/Doi_Chieu_Moi.aspx
86,Tỉnh Vĩnh Long,28921,Xã Tân Thành Bình,XÃ,Tân Thành Bình,01/07/2025,https://danhmuchanhchinh.nso.gov.vn/Doi_Chieu_Moi.aspx
86,Tỉnh Vĩnh Long,28945,Xã Đồng Khởi,XÃ,Đồng Khởi,01/07/2025,https://danhmuchanhchinh.nso.gov.vn/Doi_Chieu_Moi.aspx
86,Tỉnh Vĩnh Long,28948,Xã Nhuận Phú Tân,XÃ,Nhuận Phú Tân,01/07/2025,https://danhmuchanhchinh.nso.gov.vn/Doi_Chieu_Moi.aspx
86,Tỉnh Vĩnh Long,28957,Xã An Định,XÃ,An Định,01/07/2025,https://danhmuchanhchinh.nso.gov.vn/Doi_Chieu_Moi.aspx
86,Tỉnh Vĩnh Long,28969,Xã Thành Thới,XÃ,Thành Thới,01/07/2025,https://danhmuchanhchinh.nso.gov.vn/Doi_Chieu_Moi.aspx
86,Tỉnh Vĩnh Long,28981,Xã Hương Mỹ,XÃ,Hương Mỹ,01/07/2025,https://danhmuchanhchinh.nso.gov.vn/Doi_Chieu_Moi.aspx
86,Tỉnh Vĩnh Long,28984,Xã Giồng Trôm,XÃ,Giồng Trôm,01/07/2025,https://danhmuchanhchinh.nso.gov.vn/Doi_Chieu_Moi.aspx
86,Tỉnh Vĩnh Long,28987,Xã Lương Hòa,XÃ,Lương Hòa,01/07/2025,https://danhmuchanhchinh.nso.gov.vn/Doi_Chieu_Moi.aspx
86,Tỉnh Vĩnh Long,28993,Xã Lương Phú,XÃ,Lương Phú,01/07/2025,https://danhmuchanhchinh.nso.gov.vn/Doi_Chieu_Moi.aspx
86,Tỉnh Vĩnh Long,28996,Xã Châu Hòa,XÃ,Châu Hòa,01/07/2025,https://danhmuchanhchinh.nso.gov.vn/Doi_Chieu_Moi.aspx
86,Tỉnh Vĩnh Long,29020,Xã Phước Long,XÃ,Phước Long,01/07/2025,https://danhmuchanhchinh.nso.gov.vn/Doi_Chieu_Moi.aspx
86,Tỉnh Vĩnh Long,29029,Xã Tân Hào,XÃ,Tân Hào,01/07/2025,https://danhmuchanhchinh.nso.gov.vn/Doi_Chieu_Moi.aspx
86,Tỉnh Vĩnh Long,29044,Xã Hưng Nhượng,XÃ,Hưng Nhượng,01/07/2025,https://danhmuchanhchinh.nso.gov.vn/Doi_Chieu_Moi.aspx
86,Tỉnh Vĩnh Long,29050,Xã Bình Đại,XÃ,Bình Đại,01/07/2025,https://danhmuchanhchinh.nso.gov.vn/Doi_Chieu_Moi.aspx
86,Tỉnh Vĩnh Long,29062,Xã Phú Thuận,XÃ,Phú Thuận,01/07/2025,https://danhmuchanhchinh.nso.gov.vn/Doi_Chieu_Moi.aspx
86,Tỉnh Vĩnh Long,29077,Xã Lộc Thuận,XÃ,Lộc Thuận,01/07/2025,https://danhmuchanhchinh.nso.gov.vn/Doi_Chieu_Moi.aspx
86,Tỉnh Vĩnh Long,29083,Xã Châu Hưng,XÃ,Châu Hưng,01/07/2025,https://danhmuchanhchinh.nso.gov.vn/Doi_Chieu_Moi.aspx
86,Tỉnh Vĩnh Long,29089,Xã Thạnh Trị,XÃ,Thạnh Trị,01/07/2025,https://danhmuchanhchinh.nso.gov.vn/Doi_Chieu_Moi.aspx
86,Tỉnh Vĩnh Long,29104,Xã Thạnh Phước,XÃ,Thạnh Phước,01/07/2025,https://danhmuchanhchinh.nso.gov.vn/Doi_Chieu_Moi.aspx
86,Tỉnh Vĩnh Long,29107,Xã Thới Thuận,XÃ,Thới Thuận,01/07/2025,https://danhmuchanhchinh.nso.gov.vn/Doi_Chieu_Moi.aspx
86,Tỉnh Vĩnh Long,29110,Xã Ba Tri,XÃ,Ba Tri,01/07/2025,https://danhmuchanhchinh.nso.gov.vn/Doi_Chieu_Moi.aspx
86,Tỉnh Vĩnh Long,29122,Xã Mỹ Chánh Hòa,XÃ,Mỹ Chánh Hòa,01/07/2025,https://danhmuchanhchinh.nso.gov.vn/Doi_Chieu_Moi.aspx
86,Tỉnh Vĩnh Long,29125,Xã Bảo Thạnh,XÃ,Bảo Thạnh,01/07/2025,https://danhmuchanhchinh.nso.gov.vn/Doi_Chieu_Moi.aspx
86,Tỉnh Vĩnh Long,29137,Xã Tân Xuân,XÃ,Tân Xuân,01/07/2025,https://danhmuchanhchinh.nso.gov.vn/Doi_Chieu_Moi.aspx
86,Tỉnh Vĩnh Long,29143,Xã An Ngãi Trung,XÃ,An Ngãi Trung,01/07/2025,https://danhmuchanhchinh.nso.gov.vn/Doi_Chieu_Moi.aspx
86,Tỉnh Vĩnh Long,29158,Xã An Hiệp,XÃ,An Hiệp,01/07/2025,https://danhmuchanhchinh.nso.gov.vn/Doi_Chieu_Moi.aspx
86,Tỉnh Vĩnh Long,29167,Xã Tân Thủy,XÃ,Tân Thủy,01/07/2025,https://danhmuchanhchinh.nso.gov.vn/Doi_Chieu_Moi.aspx
86,Tỉnh Vĩnh Long,29182,Xã Thạnh Phú,XÃ,Thạnh Phú,01/07/2025,https://danhmuchanhchinh.nso.gov.vn/Doi_Chieu_Moi.aspx
86,Tỉnh Vĩnh Long,29191,Xã Quới Điền,XÃ,Quới Điền,01/07/2025,https://danhmuchanhchinh.nso.gov.vn/Doi_Chieu_Moi.aspx
86,Tỉnh Vĩnh Long,29194,Xã Đại Điền,XÃ,Đại Điền,01/07/2025,https://danhmuchanhchinh.nso.gov.vn/Doi_Chieu_Moi.aspx
86,Tỉnh Vĩnh Long,29221,Xã Thạnh Hải,XÃ,Thạnh Hải,01/07/2025,https://danhmuchanhchinh.nso.gov.vn/Doi_Chieu_Moi.aspx
86,Tỉnh Vĩnh Long,29224,Xã An Qui,XÃ,An Qui,01/07/2025,https://danhmuchanhchinh.nso.gov.vn/Doi_Chieu_Moi.aspx
86,Tỉnh Vĩnh Long,29227,Xã Thạnh Phong,XÃ,Thạnh Phong,01/07/2025,https://danhmuchanhchinh.nso.gov.vn/Doi_Chieu_Moi.aspx
86,Tỉnh Vĩnh Long,29242,Phường Trà Vinh,PHƯỜNG,Trà Vinh,01/07/2025,https://danhmuchanhchinh.nso.gov.vn/Doi_Chieu_Moi.aspx
86,Tỉnh Vĩnh Long,29254,Phường Nguyệt Hóa,PHƯỜNG,Nguyệt Hóa,01/07/2025,https://danhmuchanhchinh.nso.gov.vn/Doi_Chieu_Moi.aspx
86,Tỉnh Vĩnh Long,29263,Phường Long Đức,PHƯỜNG,Long Đức,01/07/2025,https://danhmuchanhchinh.nso.gov.vn/Doi_Chieu_Moi.aspx
86,Tỉnh Vĩnh Long,29266,Xã Càng Long,XÃ,Càng Long,01/07/2025,https://danhmuchanhchinh.nso.gov.vn/Doi_Chieu_Moi.aspx
86,Tỉnh Vĩnh Long,29275,Xã An Trường,XÃ,An Trường,01/07/2025,https://danhmuchanhchinh.nso.gov.vn/Doi_Chieu_Moi.aspx
86,Tỉnh Vĩnh Long,29278,Xã Tân An,XÃ,Tân An,01/07/2025,https://danhmuchanhchinh.nso.gov.vn/Doi_Chieu_Moi.aspx
86,Tỉnh Vĩnh Long,29287,Xã Bình Phú,XÃ,Bình Phú,01/07/2025,https://danhmuchanhchinh.nso.gov.vn/Doi_Chieu_Moi.aspx
86,Tỉnh Vĩnh Long,29302,Xã Nhị Long,XÃ,Nhị Long,01/07/2025,https://danhmuchanhchinh.nso.gov.vn/Doi_Chieu_Moi.aspx
86,Tỉnh Vĩnh Long,29308,Xã Cầu Kè,XÃ,Cầu Kè,01/07/2025,https://danhmuchanhchinh.nso.gov.vn/Doi_Chieu_Moi.aspx
86,Tỉnh Vĩnh Long,29317,Xã An Phú Tân,XÃ,An Phú Tân,01/07/2025,https://danhmuchanhchinh.nso.gov.vn/Doi_Chieu_Moi.aspx
86,Tỉnh Vĩnh Long,29329,Xã Phong Thạnh,XÃ,Phong Thạnh,01/07/2025,https://danhmuchanhchinh.nso.gov.vn/Doi_Chieu_Moi.aspx
86,Tỉnh Vĩnh Long,29335,Xã Tam Ngãi,XÃ,Tam Ngãi,01/07/2025,https://danhmuchanhchinh.nso.gov.vn/Doi_Chieu_Moi.aspx
86,Tỉnh Vĩnh Long,29341,Xã Tiểu Cần,XÃ,Tiểu Cần,01/07/2025,https://danhmuchanhchinh.nso.gov.vn/Doi_Chieu_Moi.aspx
86,Tỉnh Vĩnh Long,29362,Xã Hùng Hòa,XÃ,Hùng Hòa,01/07/2025,https://danhmuchanhchinh.nso.gov.vn/Doi_Chieu_Moi.aspx
86,Tỉnh Vĩnh Long,29365,Xã Tập Ngãi,XÃ,Tập Ngãi,01/07/2025,https://danhmuchanhchinh.nso.gov.vn/Doi_Chieu_Moi.aspx
86,Tỉnh Vĩnh Long,29371,Xã Tân Hòa,XÃ,Tân Hòa,01/07/2025,https://danhmuchanhchinh.nso.gov.vn/Doi_Chieu_Moi.aspx
86,Tỉnh Vĩnh Long,29374,Xã Châu Thành,XÃ,Châu Thành,01/07/2025,https://danhmuchanhchinh.nso.gov.vn/Doi_Chieu_Moi.aspx
86,Tỉnh Vĩnh Long,29386,Xã Song Lộc,XÃ,Song Lộc,01/07/2025,https://danhmuchanhchinh.nso.gov.vn/Doi_Chieu_Moi.aspx
86,Tỉnh Vĩnh Long,29398,Phường Hòa Thuận,PHƯỜNG,Hòa Thuận,01/07/2025,https://danhmuchanhchinh.nso.gov.vn/Doi_Chieu_Moi.aspx
86,Tỉnh Vĩnh Long,29407,Xã Hưng Mỹ,XÃ,Hưng Mỹ,01/07/2025,https://danhmuchanhchinh.nso.gov.vn/Doi_Chieu_Moi.aspx
86,Tỉnh Vĩnh Long,29410,Xã Hòa Minh,XÃ,Hòa Minh,01/07/2025,https://danhmuchanhchinh.nso.gov.vn/Doi_Chieu_Moi.aspx
86,Tỉnh Vĩnh Long,29413,Xã Long Hòa,XÃ,Long Hòa,01/07/2025,https://danhmuchanhchinh.nso.gov.vn/Doi_Chieu_Moi.aspx
86,Tỉnh Vĩnh Long,29416,Xã Cầu Ngang,XÃ,Cầu Ngang,01/07/2025,https://danhmuchanhchinh.nso.gov.vn/Doi_Chieu_Moi.aspx
86,Tỉnh Vĩnh Long,29419,Xã Mỹ Long,XÃ,Mỹ Long,01/07/2025,https://danhmuchanhchinh.nso.gov.vn/Doi_Chieu_Moi.aspx
86,Tỉnh Vĩnh Long,29431,Xã Vinh Kim,XÃ,Vinh Kim,01/07/2025,https://danhmuchanhchinh.nso.gov.vn/Doi_Chieu_Moi.aspx
86,Tỉnh Vĩnh Long,29446,Xã Nhị Trường,XÃ,Nhị Trường,01/07/2025,https://danhmuchanhchinh.nso.gov.vn/Doi_Chieu_Moi.aspx
86,Tỉnh Vĩnh Long,29455,Xã Hiệp Mỹ,XÃ,Hiệp Mỹ,01/07/2025,https://danhmuchanhchinh.nso.gov.vn/Doi_Chieu_Moi.aspx
86,Tỉnh Vĩnh Long,29461,Xã Trà Cú,XÃ,Trà Cú,01/07/2025,https://danhmuchanhchinh.nso.gov.vn/Doi_Chieu_Moi.aspx
86,Tỉnh Vĩnh Long,29467,Xã Tập Sơn,XÃ,Tập Sơn,01/07/2025,https://danhmuchanhchinh.nso.gov.vn/Doi_Chieu_Moi.aspx
86,Tỉnh Vĩnh Long,29476,Xã Lưu Nghiệp Anh,XÃ,Lưu Nghiệp Anh,01/07/2025,https://danhmuchanhchinh.nso.gov.vn/Doi_Chieu_Moi.aspx
86,Tỉnh Vĩnh Long,29489,Xã Hàm Giang,XÃ,Hàm Giang,01/07/2025,https://danhmuchanhchinh.nso.gov.vn/Doi_Chieu_Moi.aspx
86,Tỉnh Vĩnh Long,29491,Xã Đại An,XÃ,Đại An,01/07/2025,https://danhmuchanhchinh.nso.gov.vn/Doi_Chieu_Moi.aspx
86,Tỉnh Vĩnh Long,29497,Xã Đôn Châu,XÃ,Đôn Châu,01/07/2025,https://danhmuchanhchinh.nso.gov.vn/Doi_Chieu_Moi.aspx
86,Tỉnh Vĩnh Long,29506,Xã Long Hiệp,XÃ,Long Hiệp,01/07/2025,https://danhmuchanhchinh.nso.gov.vn/Doi_Chieu_Moi.aspx
86,Tỉnh Vĩnh Long,29512,Phường Duyên Hải,PHƯỜNG,Duyên Hải,01/07/2025,https://danhmuchanhchinh.nso.gov.vn/Doi_Chieu_Moi.aspx
86,Tỉnh Vĩnh Long,29513,Xã Long Thành,XÃ,Long Thành,01/07/2025,https://danhmuchanhchinh.nso.gov.vn/Doi_Chieu_Moi.aspx
86,Tỉnh Vĩnh Long,29516,Phường Trường Long Hòa,PHƯỜNG,Trường Long Hòa,01/07/2025,https://danhmuchanhchinh.nso.gov.vn/Doi_Chieu_Moi.aspx
86,Tỉnh Vĩnh Long,29518,Xã Long Hữu,XÃ,Long Hữu,01/07/2025,https://danhmuchanhchinh.nso.gov.vn/Doi_Chieu_Moi.aspx
86,Tỉnh Vĩnh Long,29530,Xã Ngũ Lạc,XÃ,Ngũ Lạc,01/07/2025,https://danhmuchanhchinh.nso.gov.vn/Doi_Chieu_Moi.aspx
86,Tỉnh Vĩnh Long,29533,Xã Long Vĩnh,XÃ,Long Vĩnh,01/07/2025,https://danhmuchanhchinh.nso.gov.vn/Doi_Chieu_Moi.aspx
86,Tỉnh Vĩnh Long,29536,Xã Đông Hải,XÃ,Đông Hải,01/07/2025,https://danhmuchanhchinh.nso.gov.vn/Doi_Chieu_Moi.aspx
86,Tỉnh Vĩnh Long,29551,Phường Long Châu,PHƯỜNG,Long Châu,01/07/2025,https://danhmuchanhchinh.nso.gov.vn/Doi_Chieu_Moi.aspx
86,Tỉnh Vĩnh Long,29557,Phường Phước Hậu,PHƯỜNG,Phước Hậu,01/07/2025,https://danhmuchanhchinh.nso.gov.vn/Doi_Chieu_Moi.aspx
86,Tỉnh Vĩnh Long,29566,Phường Tân Ngãi,PHƯỜNG,Tân Ngãi,01/07/2025,https://danhmuchanhchinh.nso.gov.vn/Doi_Chieu_Moi.aspx
86,Tỉnh Vĩnh Long,29584,Xã An Bình,XÃ,An Bình,01/07/2025,https://danhmuchanhchinh.nso.gov.vn/Doi_Chieu_Moi.aspx
86,Tỉnh Vĩnh Long,29590,Phường Thanh Đức,PHƯỜNG,Thanh Đức,01/07/2025,https://danhmuchanhchinh.nso.gov.vn/Doi_Chieu_Moi.aspx
86,Tỉnh Vĩnh Long,29593,Phường Tân Hạnh,PHƯỜNG,Tân Hạnh,01/07/2025,https://danhmuchanhchinh.nso.gov.vn/Doi_Chieu_Moi.aspx
86,Tỉnh Vĩnh Long,29602,Xã Long Hồ,XÃ,Long Hồ,01/07/2025,https://danhmuchanhchinh.nso.gov.vn/Doi_Chieu_Moi.aspx
86,Tỉnh Vĩnh Long,29611,Xã Phú Quới,XÃ,Phú Quới,01/07/2025,https://danhmuchanhchinh.nso.gov.vn/Doi_Chieu_Moi.aspx
86,Tỉnh Vĩnh Long,29623,Xã Nhơn Phú,XÃ,Nhơn Phú,01/07/2025,https://danhmuchanhchinh.nso.gov.vn/Doi_Chieu_Moi.aspx
86,Tỉnh Vĩnh Long,29638,Xã Bình Phước,XÃ,Bình Phước,01/07/2025,https://danhmuchanhchinh.nso.gov.vn/Doi_Chieu_Moi.aspx
86,Tỉnh Vĩnh Long,29641,Xã Cái Nhum,XÃ,Cái Nhum,01/07/2025,https://danhmuchanhchinh.nso.gov.vn/Doi_Chieu_Moi.aspx
86,Tỉnh Vĩnh Long,29653,Xã Tân Long Hội,XÃ,Tân Long Hội,01/07/2025,https://danhmuchanhchinh.nso.gov.vn/Doi_Chieu_Moi.aspx
86,Tỉnh Vĩnh Long,29659,Xã Trung Thành,XÃ,Trung Thành,01/07/2025,https://danhmuchanhchinh.nso.gov.vn/Doi_Chieu_Moi.aspx
86,Tỉnh Vĩnh Long,29668,Xã Quới An,XÃ,Quới An,01/07/2025,https://danhmuchanhchinh.nso.gov.vn/Doi_Chieu_Moi.aspx
86,Tỉnh Vĩnh Long,29677,Xã Quới Thiện,XÃ,Quới Thiện,01/07/2025,https://danhmuchanhchinh.nso.gov.vn/Doi_Chieu_Moi.aspx
86,Tỉnh Vĩnh Long,29683,Xã Trung Hiệp,XÃ,Trung Hiệp,01/07/2025,https://danhmuchanhchinh.nso.gov.vn/Doi_Chieu_Moi.aspx
86,Tỉnh Vĩnh Long,29698,Xã Trung Ngãi,XÃ,Trung Ngãi,01/07/2025,https://danhmuchanhchinh.nso.gov.vn/Doi_Chieu_Moi.aspx
86,Tỉnh Vĩnh Long,29701,Xã Hiếu Phụng,XÃ,Hiếu Phụng,01/07/2025,https://danhmuchanhchinh.nso.gov.vn/Doi_Chieu_Moi.aspx
86,Tỉnh Vĩnh Long,29713,Xã Hiếu Thành,XÃ,Hiếu Thành,01/07/2025,https://danhmuchanhchinh.nso.gov.vn/Doi_Chieu_Moi.aspx
86,Tỉnh Vĩnh Long,29719,Xã Tam Bình,XÃ,Tam Bình,01/07/2025,https://danhmuchanhchinh.nso.gov.vn/Doi_Chieu_Moi.aspx
86,Tỉnh Vĩnh Long,29728,Xã Cái Ngang,XÃ,Cái Ngang,01/07/2025,https://danhmuchanhchinh.nso.gov.vn/Doi_Chieu_Moi.aspx
86,Tỉnh Vĩnh Long,29734,Xã Hòa Hiệp,XÃ,Hòa Hiệp,01/07/2025,https://danhmuchanhchinh.nso.gov.vn/Doi_Chieu_Moi.aspx
86,Tỉnh Vĩnh Long,29740,Xã Song Phú,XÃ,Song Phú,01/07/2025,https://danhmuchanhchinh.nso.gov.vn/Doi_Chieu_Moi.aspx
86,Tỉnh Vĩnh Long,29767,Xã Ngãi Tứ,XÃ,Ngãi Tứ,01/07/2025,https://danhmuchanhchinh.nso.gov.vn/Doi_Chieu_Moi.aspx
86,Tỉnh Vĩnh Long,29770,Phường Cái Vồn,PHƯỜNG,Cái Vồn,01/07/2025,https://danhmuchanhchinh.nso.gov.vn/Doi_Chieu_Moi.aspx
86,Tỉnh Vĩnh Long,29771,Phường Bình Minh,PHƯỜNG,Bình Minh,01/07/2025,https://danhmuchanhchinh.nso.gov.vn/Doi_Chieu_Moi.aspx
86,Tỉnh Vĩnh Long,29785,Xã Tân Lược,XÃ,Tân Lược,01/07/2025,https://danhmuchanhchinh.nso.gov.vn/Doi_Chieu_Moi.aspx
86,Tỉnh Vĩnh Long,29788,Xã Mỹ Thuận,XÃ,Mỹ Thuận,01/07/2025,https://danhmuchanhchinh.nso.gov.vn/Doi_Chieu_Moi.aspx
86,Tỉnh Vĩnh Long,29800,Xã Tân Quới,XÃ,Tân Quới,01/07/2025,https://danhmuchanhchinh.nso.gov.vn/Doi_Chieu_Moi.aspx
86,Tỉnh Vĩnh Long,29812,Phường Đông Thành,PHƯỜNG,Đông Thành,01/07/2025,https://danhmuchanhchinh.nso.gov.vn/Doi_Chieu_Moi.aspx
86,Tỉnh Vĩnh Long,29821,Xã Trà Ôn,XÃ,Trà Ôn,01/07/2025,https://danhmuchanhchinh.nso.gov.vn/Doi_Chieu_Moi.aspx
86,Tỉnh Vĩnh Long,29830,Xã Hòa Bình,XÃ,Hòa Bình,01/07/2025,https://danhmuchanhchinh.nso.gov.vn/Doi_Chieu_Moi.aspx
86,Tỉnh Vĩnh Long,29836,Xã Trà Côn,XÃ,Trà Côn,01/07/2025,https://danhmuchanhchinh.nso.gov.vn/Doi_Chieu_Moi.aspx
86,Tỉnh Vĩnh Long,29845,Xã Vĩnh Xuân,XÃ,Vĩnh Xuân,01/07/2025,https://danhmuchanhchinh.nso.gov.vn/Doi_Chieu_Moi.aspx
86,Tỉnh Vĩnh Long,29857,Xã Lục Sĩ Thành,XÃ,Lục Sĩ Thành,01/07/2025,https://danhmuchanhchinh.nso.gov.vn/Doi_Chieu_Moi.aspx
82,Tỉnh Đồng Tháp,28249,Phường Đạo Thạnh,PHƯỜNG,Đạo Thạnh,01/07/2025,https://danhmuchanhchinh.nso.gov.vn/Doi_Chieu_Moi.aspx
82,Tỉnh Đồng Tháp,28261,Phường Mỹ Tho,PHƯỜNG,Mỹ Tho,01/07/2025,https://danhmuchanhchinh.nso.gov.vn/Doi_Chieu_Moi.aspx
82,Tỉnh Đồng Tháp,28270,Phường Thới Sơn,PHƯỜNG,Thới Sơn,01/07/2025,https://danhmuchanhchinh.nso.gov.vn/Doi_Chieu_Moi.aspx
82,Tỉnh Đồng Tháp,28273,Phường Mỹ Phong,PHƯỜNG,Mỹ Phong,01/07/2025,https://danhmuchanhchinh.nso.gov.vn/Doi_Chieu_Moi.aspx
82,Tỉnh Đồng Tháp,28285,Phường Trung An,PHƯỜNG,Trung An,01/07/2025,https://danhmuchanhchinh.nso.gov.vn/Doi_Chieu_Moi.aspx
82,Tỉnh Đồng Tháp,28297,Phường Long Thuận,PHƯỜNG,Long Thuận,01/07/2025,https://danhmuchanhchinh.nso.gov.vn/Doi_Chieu_Moi.aspx
82,Tỉnh Đồng Tháp,28306,Phường Gò Công,PHƯỜNG,Gò Công,01/07/2025,https://danhmuchanhchinh.nso.gov.vn/Doi_Chieu_Moi.aspx
82,Tỉnh Đồng Tháp,28315,Phường Bình Xuân,PHƯỜNG,Bình Xuân,01/07/2025,https://danhmuchanhchinh.nso.gov.vn/Doi_Chieu_Moi.aspx
82,Tỉnh Đồng Tháp,28321,Xã Tân Phước 1,XÃ,Tân Phước 1,01/07/2025,https://danhmuchanhchinh.nso.gov.vn/Doi_Chieu_Moi.aspx
82,Tỉnh Đồng Tháp,28327,Xã Tân Phước 2,XÃ,Tân Phước 2,01/07/2025,https://danhmuchanhchinh.nso.gov.vn/Doi_Chieu_Moi.aspx
82,Tỉnh Đồng Tháp,28336,Xã Hưng Thạnh,XÃ,Hưng Thạnh,01/07/2025,https://danhmuchanhchinh.nso.gov.vn/Doi_Chieu_Moi.aspx
82,Tỉnh Đồng Tháp,28345,Xã Tân Phước 3,XÃ,Tân Phước 3,01/07/2025,https://danhmuchanhchinh.nso.gov.vn/Doi_Chieu_Moi.aspx
82,Tỉnh Đồng Tháp,28360,Xã Cái Bè,XÃ,Cái Bè,01/07/2025,https://danhmuchanhchinh.nso.gov.vn/Doi_Chieu_Moi.aspx
82,Tỉnh Đồng Tháp,28366,Xã Hậu Mỹ,XÃ,Hậu Mỹ,01/07/2025,https://danhmuchanhchinh.nso.gov.vn/Doi_Chieu_Moi.aspx
82,Tỉnh Đồng Tháp,28378,Xã Mỹ Thiện,XÃ,Mỹ Thiện,01/07/2025,https://danhmuchanhchinh.nso.gov.vn/Doi_Chieu_Moi.aspx
82,Tỉnh Đồng Tháp,28393,Xã Hội Cư,XÃ,Hội Cư,01/07/2025,https://danhmuchanhchinh.nso.gov.vn/Doi_Chieu_Moi.aspx
82,Tỉnh Đồng Tháp,28405,Xã Mỹ Đức Tây,XÃ,Mỹ Đức Tây,01/07/2025,https://danhmuchanhchinh.nso.gov.vn/Doi_Chieu_Moi.aspx
82,Tỉnh Đồng Tháp,28414,Xã Mỹ Lợi,XÃ,Mỹ Lợi,01/07/2025,https://danhmuchanhchinh.nso.gov.vn/Doi_Chieu_Moi.aspx
82,Tỉnh Đồng Tháp,28426,Xã Thanh Hưng,XÃ,Thanh Hưng,01/07/2025,https://danhmuchanhchinh.nso.gov.vn/Doi_Chieu_Moi.aspx
82,Tỉnh Đồng Tháp,28429,Xã An Hữu,XÃ,An Hữu,01/07/2025,https://danhmuchanhchinh.nso.gov.vn/Doi_Chieu_Moi.aspx
82,Tỉnh Đồng Tháp,28435,Phường Mỹ Phước Tây,PHƯỜNG,Mỹ Phước Tây,01/07/2025,https://danhmuchanhchinh.nso.gov.vn/Doi_Chieu_Moi.aspx
82,Tỉnh Đồng Tháp,28436,Phường Thanh Hòa,PHƯỜNG,Thanh Hòa,01/07/2025,https://danhmuchanhchinh.nso.gov.vn/Doi_Chieu_Moi.aspx
82,Tỉnh Đồng Tháp,28439,Phường Cai Lậy,PHƯỜNG,Cai Lậy,01/07/2025,https://danhmuchanhchinh.nso.gov.vn/Doi_Chieu_Moi.aspx
82,Tỉnh Đồng Tháp,28444,Xã Thạnh Phú,XÃ,Thạnh Phú,01/07/2025,https://danhmuchanhchinh.nso.gov.vn/Doi_Chieu_Moi.aspx
82,Tỉnh Đồng Tháp,28456,Xã Mỹ Thành,XÃ,Mỹ Thành,01/07/2025,https://danhmuchanhchinh.nso.gov.vn/Doi_Chieu_Moi.aspx
82,Tỉnh Đồng Tháp,28468,Xã Tân Phú,XÃ,Tân Phú,01/07/2025,https://danhmuchanhchinh.nso.gov.vn/Doi_Chieu_Moi.aspx
82,Tỉnh Đồng Tháp,28471,Xã Bình Phú,XÃ,Bình Phú,01/07/2025,https://danhmuchanhchinh.nso.gov.vn/Doi_Chieu_Moi.aspx
82,Tỉnh Đồng Tháp,28477,Phường Nhị Quý,PHƯỜNG,Nhị Quý,01/07/2025,https://danhmuchanhchinh.nso.gov.vn/Doi_Chieu_Moi.aspx
82,Tỉnh Đồng Tháp,28501,Xã Hiệp Đức,XÃ,Hiệp Đức,01/07/2025,https://danhmuchanhchinh.nso.gov.vn/Doi_Chieu_Moi.aspx
82,Tỉnh Đồng Tháp,28504,Xã Long Tiên,XÃ,Long Tiên,01/07/2025,https://danhmuchanhchinh.nso.gov.vn/Doi_Chieu_Moi.aspx
82,Tỉnh Đồng Tháp,28516,Xã Ngũ Hiệp,XÃ,Ngũ Hiệp,01/07/2025,https://danhmuchanhchinh.nso.gov.vn/Doi_Chieu_Moi.aspx
82,Tỉnh Đồng Tháp,28519,Xã Châu Thành,XÃ,Châu Thành,01/07/2025,https://danhmuchanhchinh.nso.gov.vn/Doi_Chieu_Moi.aspx
82,Tỉnh Đồng Tháp,28525,Xã Tân Hương,XÃ,Tân Hương,01/07/2025,https://danhmuchanhchinh.nso.gov.vn/Doi_Chieu_Moi.aspx
82,Tỉnh Đồng Tháp,28537,Xã Long Hưng,XÃ,Long Hưng,01/07/2025,https://danhmuchanhchinh.nso.gov.vn/Doi_Chieu_Moi.aspx
82,Tỉnh Đồng Tháp,28543,Xã Long Định,XÃ,Long Định,01/07/2025,https://danhmuchanhchinh.nso.gov.vn/Doi_Chieu_Moi.aspx
82,Tỉnh Đồng Tháp,28564,Xã Bình Trưng,XÃ,Bình Trưng,01/07/2025,https://danhmuchanhchinh.nso.gov.vn/Doi_Chieu_Moi.aspx
82,Tỉnh Đồng Tháp,28576,Xã Vĩnh Kim,XÃ,Vĩnh Kim,01/07/2025,https://danhmuchanhchinh.nso.gov.vn/Doi_Chieu_Moi.aspx
82,Tỉnh Đồng Tháp,28582,Xã Kim Sơn,XÃ,Kim Sơn,01/07/2025,https://danhmuchanhchinh.nso.gov.vn/Doi_Chieu_Moi.aspx
82,Tỉnh Đồng Tháp,28594,Xã Chợ Gạo,XÃ,Chợ Gạo,01/07/2025,https://danhmuchanhchinh.nso.gov.vn/Doi_Chieu_Moi.aspx
82,Tỉnh Đồng Tháp,28603,Xã Mỹ Tịnh An,XÃ,Mỹ Tịnh An,01/07/2025,https://danhmuchanhchinh.nso.gov.vn/Doi_Chieu_Moi.aspx
82,Tỉnh Đồng Tháp,28615,Xã Lương Hòa Lạc,XÃ,Lương Hòa Lạc,01/07/2025,https://danhmuchanhchinh.nso.gov.vn/Doi_Chieu_Moi.aspx
82,Tỉnh Đồng Tháp,28627,Xã Tân Thuận Bình,XÃ,Tân Thuận Bình,01/07/2025,https://danhmuchanhchinh.nso.gov.vn/Doi_Chieu_Moi.aspx
82,Tỉnh Đồng Tháp,28633,Xã An Thạnh Thủy,XÃ,An Thạnh Thủy,01/07/2025,https://danhmuchanhchinh.nso.gov.vn/Doi_Chieu_Moi.aspx
82,Tỉnh Đồng Tháp,28648,Xã Bình Ninh,XÃ,Bình Ninh,01/07/2025,https://danhmuchanhchinh.nso.gov.vn/Doi_Chieu_Moi.aspx
82,Tỉnh Đồng Tháp,28651,Xã Vĩnh Bình,XÃ,Vĩnh Bình,01/07/2025,https://danhmuchanhchinh.nso.gov.vn/Doi_Chieu_Moi.aspx
82,Tỉnh Đồng Tháp,28660,Xã Đồng Sơn,XÃ,Đồng Sơn,01/07/2025,https://danhmuchanhchinh.nso.gov.vn/Doi_Chieu_Moi.aspx
82,Tỉnh Đồng Tháp,28663,Xã Phú Thành,XÃ,Phú Thành,01/07/2025,https://danhmuchanhchinh.nso.gov.vn/Doi_Chieu_Moi.aspx
82,Tỉnh Đồng Tháp,28678,Xã Vĩnh Hựu,XÃ,Vĩnh Hựu,01/07/2025,https://danhmuchanhchinh.nso.gov.vn/Doi_Chieu_Moi.aspx
82,Tỉnh Đồng Tháp,28687,Xã Long Bình,XÃ,Long Bình,01/07/2025,https://danhmuchanhchinh.nso.gov.vn/Doi_Chieu_Moi.aspx
82,Tỉnh Đồng Tháp,28693,Xã Tân Thới,XÃ,Tân Thới,01/07/2025,https://danhmuchanhchinh.nso.gov.vn/Doi_Chieu_Moi.aspx
82,Tỉnh Đồng Tháp,28696,Xã Tân Phú Đông,XÃ,Tân Phú Đông,01/07/2025,https://danhmuchanhchinh.nso.gov.vn/Doi_Chieu_Moi.aspx
82,Tỉnh Đồng Tháp,28702,Xã Tân Hòa,XÃ,Tân Hòa,01/07/2025,https://danhmuchanhchinh.nso.gov.vn/Doi_Chieu_Moi.aspx
82,Tỉnh Đồng Tháp,28720,Xã Gia Thuận,XÃ,Gia Thuận,01/07/2025,https://danhmuchanhchinh.nso.gov.vn/Doi_Chieu_Moi.aspx
82,Tỉnh Đồng Tháp,28723,Xã Tân Đông,XÃ,Tân Đông,01/07/2025,https://danhmuchanhchinh.nso.gov.vn/Doi_Chieu_Moi.aspx
82,Tỉnh Đồng Tháp,28729,Phường Sơn Qui,PHƯỜNG,Sơn Qui,01/07/2025,https://danhmuchanhchinh.nso.gov.vn/Doi_Chieu_Moi.aspx
82,Tỉnh Đồng Tháp,28738,Xã Tân Điền,XÃ,Tân Điền,01/07/2025,https://danhmuchanhchinh.nso.gov.vn/Doi_Chieu_Moi.aspx
82,Tỉnh Đồng Tháp,28747,Xã Gò Công Đông,XÃ,Gò Công Đông,01/07/2025,https://danhmuchanhchinh.nso.gov.vn/Doi_Chieu_Moi.aspx
82,Tỉnh Đồng Tháp,29869,Phường Cao Lãnh,PHƯỜNG,Cao Lãnh,01/07/2025,https://danhmuchanhchinh.nso.gov.vn/Doi_Chieu_Moi.aspx
82,Tỉnh Đồng Tháp,29884,Phường Mỹ Ngãi,PHƯỜNG,Mỹ Ngãi,01/07/2025,https://danhmuchanhchinh.nso.gov.vn/Doi_Chieu_Moi.aspx
82,Tỉnh Đồng Tháp,29888,Phường Mỹ Trà,PHƯỜNG,Mỹ Trà,01/07/2025,https://danhmuchanhchinh.nso.gov.vn/Doi_Chieu_Moi.aspx
82,Tỉnh Đồng Tháp,29905,Phường Sa Đéc,PHƯỜNG,Sa Đéc,01/07/2025,https://danhmuchanhchinh.nso.gov.vn/Doi_Chieu_Moi.aspx
82,Tỉnh Đồng Tháp,29926,Xã Tân Hồng,XÃ,Tân Hồng,01/07/2025,https://danhmuchanhchinh.nso.gov.vn/Doi_Chieu_Moi.aspx
82,Tỉnh Đồng Tháp,29929,Xã Tân Hộ Cơ,XÃ,Tân Hộ Cơ,01/07/2025,https://danhmuchanhchinh.nso.gov.vn/Doi_Chieu_Moi.aspx
82,Tỉnh Đồng Tháp,29938,Xã Tân Thành,XÃ,Tân Thành,01/07/2025,https://danhmuchanhchinh.nso.gov.vn/Doi_Chieu_Moi.aspx
82,Tỉnh Đồng Tháp,29944,Xã An Phước,XÃ,An Phước,01/07/2025,https://danhmuchanhchinh.nso.gov.vn/Doi_Chieu_Moi.aspx
82,Tỉnh Đồng Tháp,29954,Phường An Bình,PHƯỜNG,An Bình,01/07/2025,https://danhmuchanhchinh.nso.gov.vn/Doi_Chieu_Moi.aspx
82,Tỉnh Đồng Tháp,29955,Phường Hồng Ngự,PHƯỜNG,Hồng Ngự,01/07/2025,https://danhmuchanhchinh.nso.gov.vn/Doi_Chieu_Moi.aspx
82,Tỉnh Đồng Tháp,29971,Xã Thường Phước,XÃ,Thường Phước,01/07/2025,https://danhmuchanhchinh.nso.gov.vn/Doi_Chieu_Moi.aspx
82,Tỉnh Đồng Tháp,29978,Phường Thường Lạc,PHƯỜNG,Thường Lạc,01/07/2025,https://danhmuchanhchinh.nso.gov.vn/Doi_Chieu_Moi.aspx
82,Tỉnh Đồng Tháp,29983,Xã Long Khánh,XÃ,Long Khánh,01/07/2025,https://danhmuchanhchinh.nso.gov.vn/Doi_Chieu_Moi.aspx
82,Tỉnh Đồng Tháp,29992,Xã Long Phú Thuận,XÃ,Long Phú Thuận,01/07/2025,https://danhmuchanhchinh.nso.gov.vn/Doi_Chieu_Moi.aspx
82,Tỉnh Đồng Tháp,30001,Xã Tràm Chim,XÃ,Tràm Chim,01/07/2025,https://danhmuchanhchinh.nso.gov.vn/Doi_Chieu_Moi.aspx
82,Tỉnh Đồng Tháp,30010,Xã Tam Nông,XÃ,Tam Nông,01/07/2025,https://danhmuchanhchinh.nso.gov.vn/Doi_Chieu_Moi.aspx
82,Tỉnh Đồng Tháp,30019,Xã An Hòa,XÃ,An Hòa,01/07/2025,https://danhmuchanhchinh.nso.gov.vn/Doi_Chieu_Moi.aspx
82,Tỉnh Đồng Tháp,30025,Xã Phú Cường,XÃ,Phú Cường,01/07/2025,https://danhmuchanhchinh.nso.gov.vn/Doi_Chieu_Moi.aspx
82,Tỉnh Đồng Tháp,30028,Xã An Long,XÃ,An Long,01/07/2025,https://danhmuchanhchinh.nso.gov.vn/Doi_Chieu_Moi.aspx
82,Tỉnh Đồng Tháp,30034,Xã Phú Thọ,XÃ,Phú Thọ,01/07/2025,https://danhmuchanhchinh.nso.gov.vn/Doi_Chieu_Moi.aspx
82,Tỉnh Đồng Tháp,30037,Xã Tháp Mười,XÃ,Tháp Mười,01/07/2025,https://danhmuchanhchinh.nso.gov.vn/Doi_Chieu_Moi.aspx
82,Tỉnh Đồng Tháp,30043,Xã Phương Thịnh,XÃ,Phương Thịnh,01/07/2025,https://danhmuchanhchinh.nso.gov.vn/Doi_Chieu_Moi.aspx
82,Tỉnh Đồng Tháp,30046,Xã Trường Xuân,XÃ,Trường Xuân,01/07/2025,https://danhmuchanhchinh.nso.gov.vn/Doi_Chieu_Moi.aspx
82,Tỉnh Đồng Tháp,30055,Xã Mỹ Quí,XÃ,Mỹ Quí,01/07/2025,https://danhmuchanhchinh.nso.gov.vn/Doi_Chieu_Moi.aspx
82,Tỉnh Đồng Tháp,30061,Xã Đốc Binh Kiều,XÃ,Đốc Binh Kiều,01/07/2025,https://danhmuchanhchinh.nso.gov.vn/Doi_Chieu_Moi.aspx
82,Tỉnh Đồng Tháp,30073,Xã Thanh Mỹ,XÃ,Thanh Mỹ,01/07/2025,https://danhmuchanhchinh.nso.gov.vn/Doi_Chieu_Moi.aspx
82,Tỉnh Đồng Tháp,30076,Xã Mỹ Thọ,XÃ,Mỹ Thọ,01/07/2025,https://danhmuchanhchinh.nso.gov.vn/Doi_Chieu_Moi.aspx
82,Tỉnh Đồng Tháp,30085,Xã Ba Sao,XÃ,Ba Sao,01/07/2025,https://danhmuchanhchinh.nso.gov.vn/Doi_Chieu_Moi.aspx
82,Tỉnh Đồng Tháp,30088,Xã Phong Mỹ,XÃ,Phong Mỹ,01/07/2025,https://danhmuchanhchinh.nso.gov.vn/Doi_Chieu_Moi.aspx
82,Tỉnh Đồng Tháp,30112,Xã Mỹ Hiệp,XÃ,Mỹ Hiệp,01/07/2025,https://danhmuchanhchinh.nso.gov.vn/Doi_Chieu_Moi.aspx
82,Tỉnh Đồng Tháp,30118,Xã Bình Hàng Trung,XÃ,Bình Hàng Trung,01/07/2025,https://danhmuchanhchinh.nso.gov.vn/Doi_Chieu_Moi.aspx
82,Tỉnh Đồng Tháp,30130,Xã Thanh Bình,XÃ,Thanh Bình,01/07/2025,https://danhmuchanhchinh.nso.gov.vn/Doi_Chieu_Moi.aspx
82,Tỉnh Đồng Tháp,30154,Xã Tân Long,XÃ,Tân Long,01/07/2025,https://danhmuchanhchinh.nso.gov.vn/Doi_Chieu_Moi.aspx
82,Tỉnh Đồng Tháp,30157,Xã Tân Thạnh,XÃ,Tân Thạnh,01/07/2025,https://danhmuchanhchinh.nso.gov.vn/Doi_Chieu_Moi.aspx
82,Tỉnh Đồng Tháp,30163,Xã Bình Thành,XÃ,Bình Thành,01/07/2025,https://danhmuchanhchinh.nso.gov.vn/Doi_Chieu_Moi.aspx
82,Tỉnh Đồng Tháp,30169,Xã Lấp Vò,XÃ,Lấp Vò,01/07/2025,https://danhmuchanhchinh.nso.gov.vn/Doi_Chieu_Moi.aspx
82,Tỉnh Đồng Tháp,30178,Xã Mỹ An Hưng,XÃ,Mỹ An Hưng,01/07/2025,https://danhmuchanhchinh.nso.gov.vn/Doi_Chieu_Moi.aspx
82,Tỉnh Đồng Tháp,30184,Xã Tân Khánh Trung,XÃ,Tân Khánh Trung,01/07/2025,https://danhmuchanhchinh.nso.gov.vn/Doi_Chieu_Moi.aspx
82,Tỉnh Đồng Tháp,30208,Xã Hòa Long,XÃ,Hòa Long,01/07/2025,https://danhmuchanhchinh.nso.gov.vn/Doi_Chieu_Moi.aspx
82,Tỉnh Đồng Tháp,30214,Xã Tân Dương,XÃ,Tân Dương,01/07/2025,https://danhmuchanhchinh.nso.gov.vn/Doi_Chieu_Moi.aspx
82,Tỉnh Đồng Tháp,30226,Xã Lai Vung,XÃ,Lai Vung,01/07/2025,https://danhmuchanhchinh.nso.gov.vn/Doi_Chieu_Moi.aspx
82,Tỉnh Đồng Tháp,30235,Xã Phong Hòa,XÃ,Phong Hòa,01/07/2025,https://danhmuchanhchinh.nso.gov.vn/Doi_Chieu_Moi.aspx
82,Tỉnh Đồng Tháp,30244,Xã Phú Hựu,XÃ,Phú Hựu,01/07/2025,https://danhmuchanhchinh.nso.gov.vn/Doi_Chieu_Moi.aspx
82,Tỉnh Đồng Tháp,30253,Xã Tân Nhuận Đông,XÃ,Tân Nhuận Đông,01/07/2025,https://danhmuchanhchinh.nso.gov.vn/Doi_Chieu_Moi.aspx
82,Tỉnh Đồng Tháp,30259,Xã Tân Phú Trung,XÃ,Tân Phú Trung,01/07/2025,https://danhmuchanhchinh.nso.gov.vn/Doi_Chieu_Moi.aspx
91,Tỉnh An Giang,30292,Phường Bình Đức,PHƯỜNG,Bình Đức,01/07/2025,https://danhmuchanhchinh.nso.gov.vn/Doi_Chieu_Moi.aspx
91,Tỉnh An Giang,30301,Phường Mỹ Thới,PHƯỜNG,Mỹ Thới,01/07/2025,https://danhmuchanhchinh.nso.gov.vn/Doi_Chieu_Moi.aspx
91,Tỉnh An Giang,30307,Phường Long Xuyên,PHƯỜNG,Long Xuyên,01/07/2025,https://danhmuchanhchinh.nso.gov.vn/Doi_Chieu_Moi.aspx
91,Tỉnh An Giang,30313,Xã Mỹ Hòa Hưng,XÃ,Mỹ Hòa Hưng,01/07/2025,https://danhmuchanhchinh.nso.gov.vn/Doi_Chieu_Moi.aspx
91,Tỉnh An Giang,30316,Phường Châu Đốc,PHƯỜNG,Châu Đốc,01/07/2025,https://danhmuchanhchinh.nso.gov.vn/Doi_Chieu_Moi.aspx
91,Tỉnh An Giang,30325,Phường Vĩnh Tế,PHƯỜNG,Vĩnh Tế,01/07/2025,https://danhmuchanhchinh.nso.gov.vn/Doi_Chieu_Moi.aspx
91,Tỉnh An Giang,30337,Xã An Phú,XÃ,An Phú,01/07/2025,https://danhmuchanhchinh.nso.gov.vn/Doi_Chieu_Moi.aspx
91,Tỉnh An Giang,30341,Xã Khánh Bình,XÃ,Khánh Bình,01/07/2025,https://danhmuchanhchinh.nso.gov.vn/Doi_Chieu_Moi.aspx
91,Tỉnh An Giang,30346,Xã Nhơn Hội,XÃ,Nhơn Hội,01/07/2025,https://danhmuchanhchinh.nso.gov.vn/Doi_Chieu_Moi.aspx
91,Tỉnh An Giang,30352,Xã Phú Hữu,XÃ,Phú Hữu,01/07/2025,https://danhmuchanhchinh.nso.gov.vn/Doi_Chieu_Moi.aspx
91,Tỉnh An Giang,30367,Xã Vĩnh Hậu,XÃ,Vĩnh Hậu,01/07/2025,https://danhmuchanhchinh.nso.gov.vn/Doi_Chieu_Moi.aspx
91,Tỉnh An Giang,30376,Phường Tân Châu,PHƯỜNG,Tân Châu,01/07/2025,https://danhmuchanhchinh.nso.gov.vn/Doi_Chieu_Moi.aspx
91,Tỉnh An Giang,30377,Phường Long Phú,PHƯỜNG,Long Phú,01/07/2025,https://danhmuchanhchinh.nso.gov.vn/Doi_Chieu_Moi.aspx
91,Tỉnh An Giang,30385,Xã Vĩnh Xương,XÃ,Vĩnh Xương,01/07/2025,https://danhmuchanhchinh.nso.gov.vn/Doi_Chieu_Moi.aspx
91,Tỉnh An Giang,30388,Xã Tân An,XÃ,Tân An,01/07/2025,https://danhmuchanhchinh.nso.gov.vn/Doi_Chieu_Moi.aspx
91,Tỉnh An Giang,30403,Xã Châu Phong,XÃ,Châu Phong,01/07/2025,https://danhmuchanhchinh.nso.gov.vn/Doi_Chieu_Moi.aspx
91,Tỉnh An Giang,30406,Xã Phú Tân,XÃ,Phú Tân,01/07/2025,https://danhmuchanhchinh.nso.gov.vn/Doi_Chieu_Moi.aspx
91,Tỉnh An Giang,30409,Xã Chợ Vàm,XÃ,Chợ Vàm,01/07/2025,https://danhmuchanhchinh.nso.gov.vn/Doi_Chieu_Moi.aspx
91,Tỉnh An Giang,30421,Xã Phú Lâm,XÃ,Phú Lâm,01/07/2025,https://danhmuchanhchinh.nso.gov.vn/Doi_Chieu_Moi.aspx
91,Tỉnh An Giang,30430,Xã Hòa Lạc,XÃ,Hòa Lạc,01/07/2025,https://danhmuchanhchinh.nso.gov.vn/Doi_Chieu_Moi.aspx
91,Tỉnh An Giang,30436,Xã Phú An,XÃ,Phú An,01/07/2025,https://danhmuchanhchinh.nso.gov.vn/Doi_Chieu_Moi.aspx
91,Tỉnh An Giang,30445,Xã Bình Thạnh Đông,XÃ,Bình Thạnh Đông,01/07/2025,https://danhmuchanhchinh.nso.gov.vn/Doi_Chieu_Moi.aspx
91,Tỉnh An Giang,30463,Xã Châu Phú,XÃ,Châu Phú,01/07/2025,https://danhmuchanhchinh.nso.gov.vn/Doi_Chieu_Moi.aspx
91,Tỉnh An Giang,30469,Xã Mỹ Đức,XÃ,Mỹ Đức,01/07/2025,https://danhmuchanhchinh.nso.gov.vn/Doi_Chieu_Moi.aspx
91,Tỉnh An Giang,30478,Xã Vĩnh Thạnh Trung,XÃ,Vĩnh Thạnh Trung,01/07/2025,https://danhmuchanhchinh.nso.gov.vn/Doi_Chieu_Moi.aspx
91,Tỉnh An Giang,30481,Xã Thạnh Mỹ Tây,XÃ,Thạnh Mỹ Tây,01/07/2025,https://danhmuchanhchinh.nso.gov.vn/Doi_Chieu_Moi.aspx
91,Tỉnh An Giang,30487,Xã Bình Mỹ,XÃ,Bình Mỹ,01/07/2025,https://danhmuchanhchinh.nso.gov.vn/Doi_Chieu_Moi.aspx
91,Tỉnh An Giang,30502,Phường Thới Sơn,PHƯỜNG,Thới Sơn,01/07/2025,https://danhmuchanhchinh.nso.gov.vn/Doi_Chieu_Moi.aspx
91,Tỉnh An Giang,30505,Phường Chi Lăng,PHƯỜNG,Chi Lăng,01/07/2025,https://danhmuchanhchinh.nso.gov.vn/Doi_Chieu_Moi.aspx
91,Tỉnh An Giang,30520,Phường Tịnh Biên,PHƯỜNG,Tịnh Biên,01/07/2025,https://danhmuchanhchinh.nso.gov.vn/Doi_Chieu_Moi.aspx
91,Tỉnh An Giang,30526,Xã An Cư,XÃ,An Cư,01/07/2025,https://danhmuchanhchinh.nso.gov.vn/Doi_Chieu_Moi.aspx
91,Tỉnh An Giang,30538,Xã Núi Cấm,XÃ,Núi Cấm,01/07/2025,https://danhmuchanhchinh.nso.gov.vn/Doi_Chieu_Moi.aspx
91,Tỉnh An Giang,30544,Xã Tri Tôn,XÃ,Tri Tôn,01/07/2025,https://danhmuchanhchinh.nso.gov.vn/Doi_Chieu_Moi.aspx
91,Tỉnh An Giang,30547,Xã Ba Chúc,XÃ,Ba Chúc,01/07/2025,https://danhmuchanhchinh.nso.gov.vn/Doi_Chieu_Moi.aspx
91,Tỉnh An Giang,30568,Xã Vĩnh Gia,XÃ,Vĩnh Gia,01/07/2025,https://danhmuchanhchinh.nso.gov.vn/Doi_Chieu_Moi.aspx
91,Tỉnh An Giang,30577,Xã Ô Lâm,XÃ,Ô Lâm,01/07/2025,https://danhmuchanhchinh.nso.gov.vn/Doi_Chieu_Moi.aspx
91,Tỉnh An Giang,30580,Xã Cô Tô,XÃ,Cô Tô,01/07/2025,https://danhmuchanhchinh.nso.gov.vn/Doi_Chieu_Moi.aspx
91,Tỉnh An Giang,30589,Xã An Châu,XÃ,An Châu,01/07/2025,https://danhmuchanhchinh.nso.gov.vn/Doi_Chieu_Moi.aspx
91,Tỉnh An Giang,30595,Xã Cần Đăng,XÃ,Cần Đăng,01/07/2025,https://danhmuchanhchinh.nso.gov.vn/Doi_Chieu_Moi.aspx
91,Tỉnh An Giang,30604,Xã Vĩnh An,XÃ,Vĩnh An,01/07/2025,https://danhmuchanhchinh.nso.gov.vn/Doi_Chieu_Moi.aspx
91,Tỉnh An Giang,30607,Xã Bình Hòa,XÃ,Bình Hòa,01/07/2025,https://danhmuchanhchinh.nso.gov.vn/Doi_Chieu_Moi.aspx
91,Tỉnh An Giang,30619,Xã Vĩnh Hanh,XÃ,Vĩnh Hanh,01/07/2025,https://danhmuchanhchinh.nso.gov.vn/Doi_Chieu_Moi.aspx
91,Tỉnh An Giang,30628,Xã Chợ Mới,XÃ,Chợ Mới,01/07/2025,https://danhmuchanhchinh.nso.gov.vn/Doi_Chieu_Moi.aspx
91,Tỉnh An Giang,30631,Xã Long Điền,XÃ,Long Điền,01/07/2025,https://danhmuchanhchinh.nso.gov.vn/Doi_Chieu_Moi.aspx
91,Tỉnh An Giang,30643,Xã Cù Lao Giêng,XÃ,Cù Lao Giêng,01/07/2025,https://danhmuchanhchinh.nso.gov.vn/Doi_Chieu_Moi.aspx
91,Tỉnh An Giang,30658,Xã Nhơn Mỹ,XÃ,Nhơn Mỹ,01/07/2025,https://danhmuchanhchinh.nso.gov.vn/Doi_Chieu_Moi.aspx
91,Tỉnh An Giang,30664,Xã Long Kiến,XÃ,Long Kiến,01/07/2025,https://danhmuchanhchinh.nso.gov.vn/Doi_Chieu_Moi.aspx
91,Tỉnh An Giang,30673,Xã Hội An,XÃ,Hội An,01/07/2025,https://danhmuchanhchinh.nso.gov.vn/Doi_Chieu_Moi.aspx
91,Tỉnh An Giang,30682,Xã Thoại Sơn,XÃ,Thoại Sơn,01/07/2025,https://danhmuchanhchinh.nso.gov.vn/Doi_Chieu_Moi.aspx
91,Tỉnh An Giang,30685,Xã Phú Hòa,XÃ,Phú Hòa,01/07/2025,https://danhmuchanhchinh.nso.gov.vn/Doi_Chieu_Moi.aspx
91,Tỉnh An Giang,30688,Xã Óc Eo,XÃ,Óc Eo,01/07/2025,https://danhmuchanhchinh.nso.gov.vn/Doi_Chieu_Moi.aspx
91,Tỉnh An Giang,30691,Xã Tây Phú,XÃ,Tây Phú,01/07/2025,https://danhmuchanhchinh.nso.gov.vn/Doi_Chieu_Moi.aspx
91,Tỉnh An Giang,30697,Xã Vĩnh Trạch,XÃ,Vĩnh Trạch,01/07/2025,https://danhmuchanhchinh.nso.gov.vn/Doi_Chieu_Moi.aspx
91,Tỉnh An Giang,30709,Xã Định Mỹ,XÃ,Định Mỹ,01/07/2025,https://danhmuchanhchinh.nso.gov.vn/Doi_Chieu_Moi.aspx
91,Tỉnh An Giang,30742,Phường Rạch Giá,PHƯỜNG,Rạch Giá,01/07/2025,https://danhmuchanhchinh.nso.gov.vn/Doi_Chieu_Moi.aspx
91,Tỉnh An Giang,30760,Phường Vĩnh Thông,PHƯỜNG,Vĩnh Thông,01/07/2025,https://danhmuchanhchinh.nso.gov.vn/Doi_Chieu_Moi.aspx
91,Tỉnh An Giang,30766,Phường Tô Châu,PHƯỜNG,Tô Châu,01/07/2025,https://danhmuchanhchinh.nso.gov.vn/Doi_Chieu_Moi.aspx
91,Tỉnh An Giang,30769,Phường Hà Tiên,PHƯỜNG,Hà Tiên,01/07/2025,https://danhmuchanhchinh.nso.gov.vn/Doi_Chieu_Moi.aspx
91,Tỉnh An Giang,30781,Xã Tiên Hải,XÃ,Tiên Hải,01/07/2025,https://danhmuchanhchinh.nso.gov.vn/Doi_Chieu_Moi.aspx
91,Tỉnh An Giang,30787,Xã Kiên Lương,XÃ,Kiên Lương,01/07/2025,https://danhmuchanhchinh.nso.gov.vn/Doi_Chieu_Moi.aspx
91,Tỉnh An Giang,30790,Xã Hòa Điền,XÃ,Hòa Điền,01/07/2025,https://danhmuchanhchinh.nso.gov.vn/Doi_Chieu_Moi.aspx
91,Tỉnh An Giang,30793,Xã Vĩnh Điều,XÃ,Vĩnh Điều,01/07/2025,https://danhmuchanhchinh.nso.gov.vn/Doi_Chieu_Moi.aspx
91,Tỉnh An Giang,30796,Xã Giang Thành,XÃ,Giang Thành,01/07/2025,https://danhmuchanhchinh.nso.gov.vn/Doi_Chieu_Moi.aspx
91,Tỉnh An Giang,30811,Xã Sơn Hải,XÃ,Sơn Hải,01/07/2025,https://danhmuchanhchinh.nso.gov.vn/Doi_Chieu_Moi.aspx
91,Tỉnh An Giang,30814,Xã Hòn Nghệ,XÃ,Hòn Nghệ,01/07/2025,https://danhmuchanhchinh.nso.gov.vn/Doi_Chieu_Moi.aspx
91,Tỉnh An Giang,30817,Xã Hòn Đất,XÃ,Hòn Đất,01/07/2025,https://danhmuchanhchinh.nso.gov.vn/Doi_Chieu_Moi.aspx
91,Tỉnh An Giang,30823,Xã Bình Sơn,XÃ,Bình Sơn,01/07/2025,https://danhmuchanhchinh.nso.gov.vn/Doi_Chieu_Moi.aspx
91,Tỉnh An Giang,30826,Xã Bình Giang,XÃ,Bình Giang,01/07/2025,https://danhmuchanhchinh.nso.gov.vn/Doi_Chieu_Moi.aspx
91,Tỉnh An Giang,30835,Xã Sơn Kiên,XÃ,Sơn Kiên,01/07/2025,https://danhmuchanhchinh.nso.gov.vn/Doi_Chieu_Moi.aspx
91,Tỉnh An Giang,30838,Xã Mỹ Thuận,XÃ,Mỹ Thuận,01/07/2025,https://danhmuchanhchinh.nso.gov.vn/Doi_Chieu_Moi.aspx
91,Tỉnh An Giang,30850,Xã Tân Hiệp,XÃ,Tân Hiệp,01/07/2025,https://danhmuchanhchinh.nso.gov.vn/Doi_Chieu_Moi.aspx
91,Tỉnh An Giang,30856,Xã Tân Hội,XÃ,Tân Hội,01/07/2025,https://danhmuchanhchinh.nso.gov.vn/Doi_Chieu_Moi.aspx
91,Tỉnh An Giang,30874,Xã Thạnh Đông,XÃ,Thạnh Đông,01/07/2025,https://danhmuchanhchinh.nso.gov.vn/Doi_Chieu_Moi.aspx
91,Tỉnh An Giang,30880,Xã Châu Thành,XÃ,Châu Thành,01/07/2025,https://danhmuchanhchinh.nso.gov.vn/Doi_Chieu_Moi.aspx
91,Tỉnh An Giang,30886,Xã Thạnh Lộc,XÃ,Thạnh Lộc,01/07/2025,https://danhmuchanhchinh.nso.gov.vn/Doi_Chieu_Moi.aspx
91,Tỉnh An Giang,30898,Xã Bình An,XÃ,Bình An,01/07/2025,https://danhmuchanhchinh.nso.gov.vn/Doi_Chieu_Moi.aspx
91,Tỉnh An Giang,30904,Xã Giồng Riềng,XÃ,Giồng Riềng,01/07/2025,https://danhmuchanhchinh.nso.gov.vn/Doi_Chieu_Moi.aspx
91,Tỉnh An Giang,30910,Xã Thạnh Hưng,XÃ,Thạnh Hưng,01/07/2025,https://danhmuchanhchinh.nso.gov.vn/Doi_Chieu_Moi.aspx
91,Tỉnh An Giang,30928,Xã Ngọc Chúc,XÃ,Ngọc Chúc,01/07/2025,https://danhmuchanhchinh.nso.gov.vn/Doi_Chieu_Moi.aspx
91,Tỉnh An Giang,30934,Xã Hòa Hưng,XÃ,Hòa Hưng,01/07/2025,https://danhmuchanhchinh.nso.gov.vn/Doi_Chieu_Moi.aspx
91,Tỉnh An Giang,30943,Xã Long Thạnh,XÃ,Long Thạnh,01/07/2025,https://danhmuchanhchinh.nso.gov.vn/Doi_Chieu_Moi.aspx
91,Tỉnh An Giang,30949,Xã Hòa Thuận,XÃ,Hòa Thuận,01/07/2025,https://danhmuchanhchinh.nso.gov.vn/Doi_Chieu_Moi.aspx
91,Tỉnh An Giang,30952,Xã Gò Quao,XÃ,Gò Quao,01/07/2025,https://danhmuchanhchinh.nso.gov.vn/Doi_Chieu_Moi.aspx
91,Tỉnh An Giang,30958,Xã Định Hòa,XÃ,Định Hòa,01/07/2025,https://danhmuchanhchinh.nso.gov.vn/Doi_Chieu_Moi.aspx
91,Tỉnh An Giang,30970,Xã Vĩnh Hòa Hưng,XÃ,Vĩnh Hòa Hưng,01/07/2025,https://danhmuchanhchinh.nso.gov.vn/Doi_Chieu_Moi.aspx
91,Tỉnh An Giang,30982,Xã Vĩnh Tuy,XÃ,Vĩnh Tuy,01/07/2025,https://danhmuchanhchinh.nso.gov.vn/Doi_Chieu_Moi.aspx
91,Tỉnh An Giang,30985,Xã An Biên,XÃ,An Biên,01/07/2025,https://danhmuchanhchinh.nso.gov.vn/Doi_Chieu_Moi.aspx
91,Tỉnh An Giang,30988,Xã Tây Yên,XÃ,Tây Yên,01/07/2025,https://danhmuchanhchinh.nso.gov.vn/Doi_Chieu_Moi.aspx
91,Tỉnh An Giang,31006,Xã Đông Thái,XÃ,Đông Thái,01/07/2025,https://danhmuchanhchinh.nso.gov.vn/Doi_Chieu_Moi.aspx
91,Tỉnh An Giang,31012,Xã Vĩnh Hòa,XÃ,Vĩnh Hòa,01/07/2025,https://danhmuchanhchinh.nso.gov.vn/Doi_Chieu_Moi.aspx
91,Tỉnh An Giang,31018,Xã An Minh,XÃ,An Minh,01/07/2025,https://danhmuchanhchinh.nso.gov.vn/Doi_Chieu_Moi.aspx
91,Tỉnh An Giang,31024,Xã Đông Hòa,XÃ,Đông Hòa,01/07/2025,https://danhmuchanhchinh.nso.gov.vn/Doi_Chieu_Moi.aspx
91,Tỉnh An Giang,31027,Xã U Minh Thượng,XÃ,U Minh Thượng,01/07/2025,https://danhmuchanhchinh.nso.gov.vn/Doi_Chieu_Moi.aspx
91,Tỉnh An Giang,31031,Xã Tân Thạnh,XÃ,Tân Thạnh,01/07/2025,https://danhmuchanhchinh.nso.gov.vn/Doi_Chieu_Moi.aspx
91,Tỉnh An Giang,31036,Xã Đông Hưng,XÃ,Đông Hưng,01/07/2025,https://danhmuchanhchinh.nso.gov.vn/Doi_Chieu_Moi.aspx
91,Tỉnh An Giang,31042,Xã Vân Khánh,XÃ,Vân Khánh,01/07/2025,https://danhmuchanhchinh.nso.gov.vn/Doi_Chieu_Moi.aspx
91,Tỉnh An Giang,31051,Xã Vĩnh Phong,XÃ,Vĩnh Phong,01/07/2025,https://danhmuchanhchinh.nso.gov.vn/Doi_Chieu_Moi.aspx
91,Tỉnh An Giang,31064,Xã Vĩnh Bình,XÃ,Vĩnh Bình,01/07/2025,https://danhmuchanhchinh.nso.gov.vn/Doi_Chieu_Moi.aspx
91,Tỉnh An Giang,31069,Xã Vĩnh Thuận,XÃ,Vĩnh Thuận,01/07/2025,https://danhmuchanhchinh.nso.gov.vn/Doi_Chieu_Moi.aspx
91,Tỉnh An Giang,31078,Đặc khu Phú Quốc,ĐẶC KHU,Phú Quốc,01/07/2025,https://danhmuchanhchinh.nso.gov.vn/Doi_Chieu_Moi.aspx
91,Tỉnh An Giang,31105,Đặc khu Thổ Châu,ĐẶC KHU,Thổ Châu,01/07/2025,https://danhmuchanhchinh.nso.gov.vn/Doi_Chieu_Moi.aspx
91,Tỉnh An Giang,31108,Đặc khu Kiên Hải,ĐẶC KHU,Kiên Hải,01/07/2025,https://danhmuchanhchinh.nso.gov.vn/Doi_Chieu_Moi.aspx
92,Thành phố Cần Thơ,31120,Phường Cái Khế,PHƯỜNG,Cái Khế,01/07/2025,https://danhmuchanhchinh.nso.gov.vn/Doi_Chieu_Moi.aspx
92,Thành phố Cần Thơ,31135,Phường Ninh Kiều,PHƯỜNG,Ninh Kiều,01/07/2025,https://danhmuchanhchinh.nso.gov.vn/Doi_Chieu_Moi.aspx
92,Thành phố Cần Thơ,31147,Phường Tân An,PHƯỜNG,Tân An,01/07/2025,https://danhmuchanhchinh.nso.gov.vn/Doi_Chieu_Moi.aspx
92,Thành phố Cần Thơ,31150,Phường An Bình,PHƯỜNG,An Bình,01/07/2025,https://danhmuchanhchinh.nso.gov.vn/Doi_Chieu_Moi.aspx
92,Thành phố Cần Thơ,31153,Phường Ô Môn,PHƯỜNG,Ô Môn,01/07/2025,https://danhmuchanhchinh.nso.gov.vn/Doi_Chieu_Moi.aspx
92,Thành phố Cần Thơ,31157,Phường Thới Long,PHƯỜNG,Thới Long,01/07/2025,https://danhmuchanhchinh.nso.gov.vn/Doi_Chieu_Moi.aspx
92,Thành phố Cần Thơ,31162,Phường Phước Thới,PHƯỜNG,Phước Thới,01/07/2025,https://danhmuchanhchinh.nso.gov.vn/Doi_Chieu_Moi.aspx
92,Thành phố Cần Thơ,31168,Phường Bình Thủy,PHƯỜNG,Bình Thủy,01/07/2025,https://danhmuchanhchinh.nso.gov.vn/Doi_Chieu_Moi.aspx
92,Thành phố Cần Thơ,31174,Phường Thới An Đông,PHƯỜNG,Thới An Đông,01/07/2025,https://danhmuchanhchinh.nso.gov.vn/Doi_Chieu_Moi.aspx
92,Thành phố Cần Thơ,31183,Phường Long Tuyền,PHƯỜNG,Long Tuyền,01/07/2025,https://danhmuchanhchinh.nso.gov.vn/Doi_Chieu_Moi.aspx
92,Thành phố Cần Thơ,31186,Phường Cái Răng,PHƯỜNG,Cái Răng,01/07/2025,https://danhmuchanhchinh.nso.gov.vn/Doi_Chieu_Moi.aspx
92,Thành phố Cần Thơ,31201,Phường Hưng Phú,PHƯỜNG,Hưng Phú,01/07/2025,https://danhmuchanhchinh.nso.gov.vn/Doi_Chieu_Moi.aspx
92,Thành phố Cần Thơ,31207,Phường Thốt Nốt,PHƯỜNG,Thốt Nốt,01/07/2025,https://danhmuchanhchinh.nso.gov.vn/Doi_Chieu_Moi.aspx
92,Thành phố Cần Thơ,31213,Phường Tân Lộc,PHƯỜNG,Tân Lộc,01/07/2025,https://danhmuchanhchinh.nso.gov.vn/Doi_Chieu_Moi.aspx
92,Thành phố Cần Thơ,31217,Phường Trung Nhứt,PHƯỜNG,Trung Nhứt,01/07/2025,https://danhmuchanhchinh.nso.gov.vn/Doi_Chieu_Moi.aspx
92,Thành phố Cần Thơ,31228,Phường Thuận Hưng,PHƯỜNG,Thuận Hưng,01/07/2025,https://danhmuchanhchinh.nso.gov.vn/Doi_Chieu_Moi.aspx
92,Thành phố Cần Thơ,31231,Xã Thạnh An,XÃ,Thạnh An,01/07/2025,https://danhmuchanhchinh.nso.gov.vn/Doi_Chieu_Moi.aspx
92,Thành phố Cần Thơ,31232,Xã Vĩnh Thạnh,XÃ,Vĩnh Thạnh,01/07/2025,https://danhmuchanhchinh.nso.gov.vn/Doi_Chieu_Moi.aspx
92,Thành phố Cần Thơ,31237,Xã Vĩnh Trinh,XÃ,Vĩnh Trinh,01/07/2025,https://danhmuchanhchinh.nso.gov.vn/Doi_Chieu_Moi.aspx
92,Thành phố Cần Thơ,31246,Xã Thạnh Quới,XÃ,Thạnh Quới,01/07/2025,https://danhmuchanhchinh.nso.gov.vn/Doi_Chieu_Moi.aspx
92,Thành phố Cần Thơ,31249,Xã Thạnh Phú,XÃ,Thạnh Phú,01/07/2025,https://danhmuchanhchinh.nso.gov.vn/Doi_Chieu_Moi.aspx
92,Thành phố Cần Thơ,31255,Xã Trung Hưng,XÃ,Trung Hưng,01/07/2025,https://danhmuchanhchinh.nso.gov.vn/Doi_Chieu_Moi.aspx
92,Thành phố Cần Thơ,31258,Xã Thới Lai,XÃ,Thới Lai,01/07/2025,https://danhmuchanhchinh.nso.gov.vn/Doi_Chieu_Moi.aspx
92,Thành phố Cần Thơ,31261,Xã Cờ Đỏ,XÃ,Cờ Đỏ,01/07/2025,https://danhmuchanhchinh.nso.gov.vn/Doi_Chieu_Moi.aspx
92,Thành phố Cần Thơ,31264,Xã Thới Hưng,XÃ,Thới Hưng,01/07/2025,https://danhmuchanhchinh.nso.gov.vn/Doi_Chieu_Moi.aspx
92,Thành phố Cần Thơ,31273,Xã Đông Hiệp,XÃ,Đông Hiệp,01/07/2025,https://danhmuchanhchinh.nso.gov.vn/Doi_Chieu_Moi.aspx
92,Thành phố Cần Thơ,31282,Xã Đông Thuận,XÃ,Đông Thuận,01/07/2025,https://danhmuchanhchinh.nso.gov.vn/Doi_Chieu_Moi.aspx
92,Thành phố Cần Thơ,31288,Xã Trường Thành,XÃ,Trường Thành,01/07/2025,https://danhmuchanhchinh.nso.gov.vn/Doi_Chieu_Moi.aspx
92,Thành phố Cần Thơ,31294,Xã Trường Xuân,XÃ,Trường Xuân,01/07/2025,https://danhmuchanhchinh.nso.gov.vn/Doi_Chieu_Moi.aspx
92,Thành phố Cần Thơ,31299,Xã Phong Điền,XÃ,Phong Điền,01/07/2025,https://danhmuchanhchinh.nso.gov.vn/Doi_Chieu_Moi.aspx
92,Thành phố Cần Thơ,31309,Xã Trường Long,XÃ,Trường Long,01/07/2025,https://danhmuchanhchinh.nso.gov.vn/Doi_Chieu_Moi.aspx
92,Thành phố Cần Thơ,31315,Xã Nhơn Ái,XÃ,Nhơn Ái,01/07/2025,https://danhmuchanhchinh.nso.gov.vn/Doi_Chieu_Moi.aspx
92,Thành phố Cần Thơ,31321,Phường Vị Thanh,PHƯỜNG,Vị Thanh,01/07/2025,https://danhmuchanhchinh.nso.gov.vn/Doi_Chieu_Moi.aspx
92,Thành phố Cần Thơ,31333,Phường Vị Tân,PHƯỜNG,Vị Tân,01/07/2025,https://danhmuchanhchinh.nso.gov.vn/Doi_Chieu_Moi.aspx
92,Thành phố Cần Thơ,31338,Xã Hỏa Lựu,XÃ,Hỏa Lựu,01/07/2025,https://danhmuchanhchinh.nso.gov.vn/Doi_Chieu_Moi.aspx
92,Thành phố Cần Thơ,31340,Phường Ngã Bảy,PHƯỜNG,Ngã Bảy,01/07/2025,https://danhmuchanhchinh.nso.gov.vn/Doi_Chieu_Moi.aspx
92,Thành phố Cần Thơ,31342,Xã Tân Hòa,XÃ,Tân Hòa,01/07/2025,https://danhmuchanhchinh.nso.gov.vn/Doi_Chieu_Moi.aspx
92,Thành phố Cần Thơ,31348,Xã Trường Long Tây,XÃ,Trường Long Tây,01/07/2025,https://danhmuchanhchinh.nso.gov.vn/Doi_Chieu_Moi.aspx
92,Thành phố Cần Thơ,31360,Xã Thạnh Xuân,XÃ,Thạnh Xuân,01/07/2025,https://danhmuchanhchinh.nso.gov.vn/Doi_Chieu_Moi.aspx
92,Thành phố Cần Thơ,31366,Xã Châu Thành,XÃ,Châu Thành,01/07/2025,https://danhmuchanhchinh.nso.gov.vn/Doi_Chieu_Moi.aspx
92,Thành phố Cần Thơ,31369,Xã Đông Phước,XÃ,Đông Phước,01/07/2025,https://danhmuchanhchinh.nso.gov.vn/Doi_Chieu_Moi.aspx
92,Thành phố Cần Thơ,31378,Xã Phú Hữu,XÃ,Phú Hữu,01/07/2025,https://danhmuchanhchinh.nso.gov.vn/Doi_Chieu_Moi.aspx
92,Thành phố Cần Thơ,31393,Xã Hòa An,XÃ,Hòa An,01/07/2025,https://danhmuchanhchinh.nso.gov.vn/Doi_Chieu_Moi.aspx
92,Thành phố Cần Thơ,31396,Xã Hiệp Hưng,XÃ,Hiệp Hưng,01/07/2025,https://danhmuchanhchinh.nso.gov.vn/Doi_Chieu_Moi.aspx
92,Thành phố Cần Thơ,31399,Xã Tân Bình,XÃ,Tân Bình,01/07/2025,https://danhmuchanhchinh.nso.gov.vn/Doi_Chieu_Moi.aspx
92,Thành phố Cần Thơ,31408,Xã Thạnh Hòa,XÃ,Thạnh Hòa,01/07/2025,https://danhmuchanhchinh.nso.gov.vn/Doi_Chieu_Moi.aspx
92,Thành phố Cần Thơ,31411,Phường Đại Thành,PHƯỜNG,Đại Thành,01/07/2025,https://danhmuchanhchinh.nso.gov.vn/Doi_Chieu_Moi.aspx
92,Thành phố Cần Thơ,31420,Xã Phụng Hiệp,XÃ,Phụng Hiệp,01/07/2025,https://danhmuchanhchinh.nso.gov.vn/Doi_Chieu_Moi.aspx
92,Thành phố Cần Thơ,31426,Xã Phương Bình,XÃ,Phương Bình,01/07/2025,https://danhmuchanhchinh.nso.gov.vn/Doi_Chieu_Moi.aspx
92,Thành phố Cần Thơ,31432,Xã Tân Phước Hưng,XÃ,Tân Phước Hưng,01/07/2025,https://danhmuchanhchinh.nso.gov.vn/Doi_Chieu_Moi.aspx
92,Thành phố Cần Thơ,31441,Xã Vị Thủy,XÃ,Vị Thủy,01/07/2025,https://danhmuchanhchinh.nso.gov.vn/Doi_Chieu_Moi.aspx
92,Thành phố Cần Thơ,31453,Xã Vĩnh Thuận Đông,XÃ,Vĩnh Thuận Đông,01/07/2025,https://danhmuchanhchinh.nso.gov.vn/Doi_Chieu_Moi.aspx
92,Thành phố Cần Thơ,31459,Xã Vĩnh Tường,XÃ,Vĩnh Tường,01/07/2025,https://danhmuchanhchinh.nso.gov.vn/Doi_Chieu_Moi.aspx
92,Thành phố Cần Thơ,31465,Xã Vị Thanh 1,XÃ,Vị Thanh 1,01/07/2025,https://danhmuchanhchinh.nso.gov.vn/Doi_Chieu_Moi.aspx
92,Thành phố Cần Thơ,31471,Phường Long Mỹ,PHƯỜNG,Long Mỹ,01/07/2025,https://danhmuchanhchinh.nso.gov.vn/Doi_Chieu_Moi.aspx
92,Thành phố Cần Thơ,31473,Phường Long Bình,PHƯỜNG,Long Bình,01/07/2025,https://danhmuchanhchinh.nso.gov.vn/Doi_Chieu_Moi.aspx
92,Thành phố Cần Thơ,31480,Phường Long Phú 1,PHƯỜNG,Long Phú 1,01/07/2025,https://danhmuchanhchinh.nso.gov.vn/Doi_Chieu_Moi.aspx
92,Thành phố Cần Thơ,31489,Xã Vĩnh Viễn,XÃ,Vĩnh Viễn,01/07/2025,https://danhmuchanhchinh.nso.gov.vn/Doi_Chieu_Moi.aspx
92,Thành phố Cần Thơ,31492,Xã Lương Tâm,XÃ,Lương Tâm,01/07/2025,https://danhmuchanhchinh.nso.gov.vn/Doi_Chieu_Moi.aspx
92,Thành phố Cần Thơ,31495,Xã Xà Phiên,XÃ,Xà Phiên,01/07/2025,https://danhmuchanhchinh.nso.gov.vn/Doi_Chieu_Moi.aspx
92,Thành phố Cần Thơ,31507,Phường Sóc Trăng,PHƯỜNG,Sóc Trăng,01/07/2025,https://danhmuchanhchinh.nso.gov.vn/Doi_Chieu_Moi.aspx
92,Thành phố Cần Thơ,31510,Phường Phú Lợi,PHƯỜNG,Phú Lợi,01/07/2025,https://danhmuchanhchinh.nso.gov.vn/Doi_Chieu_Moi.aspx
92,Thành phố Cần Thơ,31528,Xã Kế Sách,XÃ,Kế Sách,01/07/2025,https://danhmuchanhchinh.nso.gov.vn/Doi_Chieu_Moi.aspx
92,Thành phố Cần Thơ,31531,Xã An Lạc Thôn,XÃ,An Lạc Thôn,01/07/2025,https://danhmuchanhchinh.nso.gov.vn/Doi_Chieu_Moi.aspx
92,Thành phố Cần Thơ,31537,Xã Phong Nẫm,XÃ,Phong Nẫm,01/07/2025,https://danhmuchanhchinh.nso.gov.vn/Doi_Chieu_Moi.aspx
92,Thành phố Cần Thơ,31540,Xã Thới An Hội,XÃ,Thới An Hội,01/07/2025,https://danhmuchanhchinh.nso.gov.vn/Doi_Chieu_Moi.aspx
92,Thành phố Cần Thơ,31552,Xã Nhơn Mỹ,XÃ,Nhơn Mỹ,01/07/2025,https://danhmuchanhchinh.nso.gov.vn/Doi_Chieu_Moi.aspx
92,Thành phố Cần Thơ,31561,Xã Đại Hải,XÃ,Đại Hải,01/07/2025,https://danhmuchanhchinh.nso.gov.vn/Doi_Chieu_Moi.aspx
92,Thành phố Cần Thơ,31567,Xã Mỹ Tú,XÃ,Mỹ Tú,01/07/2025,https://danhmuchanhchinh.nso.gov.vn/Doi_Chieu_Moi.aspx
92,Thành phố Cần Thơ,31569,Xã Phú Tâm,XÃ,Phú Tâm,01/07/2025,https://danhmuchanhchinh.nso.gov.vn/Doi_Chieu_Moi.aspx
92,Thành phố Cần Thơ,31570,Xã Hồ Đắc Kiện,XÃ,Hồ Đắc Kiện,01/07/2025,https://danhmuchanhchinh.nso.gov.vn/Doi_Chieu_Moi.aspx
92,Thành phố Cần Thơ,31579,Xã Long Hưng,XÃ,Long Hưng,01/07/2025,https://danhmuchanhchinh.nso.gov.vn/Doi_Chieu_Moi.aspx
92,Thành phố Cần Thơ,31582,Xã Thuận Hòa,XÃ,Thuận Hòa,01/07/2025,https://danhmuchanhchinh.nso.gov.vn/Doi_Chieu_Moi.aspx
92,Thành phố Cần Thơ,31591,Xã Mỹ Hương,XÃ,Mỹ Hương,01/07/2025,https://danhmuchanhchinh.nso.gov.vn/Doi_Chieu_Moi.aspx
92,Thành phố Cần Thơ,31594,Xã An Ninh,XÃ,An Ninh,01/07/2025,https://danhmuchanhchinh.nso.gov.vn/Doi_Chieu_Moi.aspx
92,Thành phố Cần Thơ,31603,Xã Mỹ Phước,XÃ,Mỹ Phước,01/07/2025,https://danhmuchanhchinh.nso.gov.vn/Doi_Chieu_Moi.aspx
92,Thành phố Cần Thơ,31615,Xã An Thạnh,XÃ,An Thạnh,01/07/2025,https://danhmuchanhchinh.nso.gov.vn/Doi_Chieu_Moi.aspx
92,Thành phố Cần Thơ,31633,Xã Cù Lao Dung,XÃ,Cù Lao Dung,01/07/2025,https://danhmuchanhchinh.nso.gov.vn/Doi_Chieu_Moi.aspx
92,Thành phố Cần Thơ,31639,Xã Long Phú,XÃ,Long Phú,01/07/2025,https://danhmuchanhchinh.nso.gov.vn/Doi_Chieu_Moi.aspx
92,Thành phố Cần Thơ,31645,Xã Đại Ngãi,XÃ,Đại Ngãi,01/07/2025,https://danhmuchanhchinh.nso.gov.vn/Doi_Chieu_Moi.aspx
92,Thành phố Cần Thơ,31654,Xã Trường Khánh,XÃ,Trường Khánh,01/07/2025,https://danhmuchanhchinh.nso.gov.vn/Doi_Chieu_Moi.aspx
92,Thành phố Cần Thơ,31666,Xã Tân Thạnh,XÃ,Tân Thạnh,01/07/2025,https://danhmuchanhchinh.nso.gov.vn/Doi_Chieu_Moi.aspx
92,Thành phố Cần Thơ,31673,Xã Trần Đề,XÃ,Trần Đề,01/07/2025,https://danhmuchanhchinh.nso.gov.vn/Doi_Chieu_Moi.aspx
92,Thành phố Cần Thơ,31675,Xã Liêu Tú,XÃ,Liêu Tú,01/07/2025,https://danhmuchanhchinh.nso.gov.vn/Doi_Chieu_Moi.aspx
92,Thành phố Cần Thơ,31679,Xã Lịch Hội Thượng,XÃ,Lịch Hội Thượng,01/07/2025,https://danhmuchanhchinh.nso.gov.vn/Doi_Chieu_Moi.aspx
92,Thành phố Cần Thơ,31684,Phường Mỹ Xuyên,PHƯỜNG,Mỹ Xuyên,01/07/2025,https://danhmuchanhchinh.nso.gov.vn/Doi_Chieu_Moi.aspx
92,Thành phố Cần Thơ,31687,Xã Tài Văn,XÃ,Tài Văn,01/07/2025,https://danhmuchanhchinh.nso.gov.vn/Doi_Chieu_Moi.aspx
92,Thành phố Cần Thơ,31699,Xã Thạnh Thới An,XÃ,Thạnh Thới An,01/07/2025,https://danhmuchanhchinh.nso.gov.vn/Doi_Chieu_Moi.aspx
92,Thành phố Cần Thơ,31708,Xã Nhu Gia,XÃ,Nhu Gia,01/07/2025,https://danhmuchanhchinh.nso.gov.vn/Doi_Chieu_Moi.aspx
92,Thành phố Cần Thơ,31717,Xã Hòa Tú,XÃ,Hòa Tú,01/07/2025,https://danhmuchanhchinh.nso.gov.vn/Doi_Chieu_Moi.aspx
92,Thành phố Cần Thơ,31723,Xã Ngọc Tố,XÃ,Ngọc Tố,01/07/2025,https://danhmuchanhchinh.nso.gov.vn/Doi_Chieu_Moi.aspx
92,Thành phố Cần Thơ,31726,Xã Gia Hòa,XÃ,Gia Hòa,01/07/2025,https://danhmuchanhchinh.nso.gov.vn/Doi_Chieu_Moi.aspx
92,Thành phố Cần Thơ,31732,Phường Ngã Năm,PHƯỜNG,Ngã Năm,01/07/2025,https://danhmuchanhchinh.nso.gov.vn/Doi_Chieu_Moi.aspx
92,Thành phố Cần Thơ,31741,Xã Tân Long,XÃ,Tân Long,01/07/2025,https://danhmuchanhchinh.nso.gov.vn/Doi_Chieu_Moi.aspx
92,Thành phố Cần Thơ,31753,Phường Mỹ Quới,PHƯỜNG,Mỹ Quới,01/07/2025,https://danhmuchanhchinh.nso.gov.vn/Doi_Chieu_Moi.aspx
92,Thành phố Cần Thơ,31756,Xã Phú Lộc,XÃ,Phú Lộc,01/07/2025,https://danhmuchanhchinh.nso.gov.vn/Doi_Chieu_Moi.aspx
92,Thành phố Cần Thơ,31759,Xã Lâm Tân,XÃ,Lâm Tân,01/07/2025,https://danhmuchanhchinh.nso.gov.vn/Doi_Chieu_Moi.aspx
92,Thành phố Cần Thơ,31777,Xã Vĩnh Lợi,XÃ,Vĩnh Lợi,01/07/2025,https://danhmuchanhchinh.nso.gov.vn/Doi_Chieu_Moi.aspx
92,Thành phố Cần Thơ,31783,Phường Vĩnh Châu,PHƯỜNG,Vĩnh Châu,01/07/2025,https://danhmuchanhchinh.nso.gov.vn/Doi_Chieu_Moi.aspx
92,Thành phố Cần Thơ,31789,Phường Khánh Hòa,PHƯỜNG,Khánh Hòa,01/07/2025,https://danhmuchanhchinh.nso.gov.vn/Doi_Chieu_Moi.aspx
92,Thành phố Cần Thơ,31795,Xã Vĩnh Hải,XÃ,Vĩnh Hải,01/07/2025,https://danhmuchanhchinh.nso.gov.vn/Doi_Chieu_Moi.aspx
92,Thành phố Cần Thơ,31804,Phường Vĩnh Phước,PHƯỜNG,Vĩnh Phước,01/07/2025,https://danhmuchanhchinh.nso.gov.vn/Doi_Chieu_Moi.aspx
92,Thành phố Cần Thơ,31810,Xã Lai Hòa,XÃ,Lai Hòa,01/07/2025,https://danhmuchanhchinh.nso.gov.vn/Doi_Chieu_Moi.aspx
96,Tỉnh Cà Mau,31825,Phường Bạc Liêu,PHƯỜNG,Bạc Liêu,01/07/2025,https://danhmuchanhchinh.nso.gov.vn/Doi_Chieu_Moi.aspx
96,Tỉnh Cà Mau,31834,Phường Vĩnh Trạch,PHƯỜNG,Vĩnh Trạch,01/07/2025,https://danhmuchanhchinh.nso.gov.vn/Doi_Chieu_Moi.aspx
96,Tỉnh Cà Mau,31840,Phường Hiệp Thành,PHƯỜNG,Hiệp Thành,01/07/2025,https://danhmuchanhchinh.nso.gov.vn/Doi_Chieu_Moi.aspx
96,Tỉnh Cà Mau,31843,Xã Hồng Dân,XÃ,Hồng Dân,01/07/2025,https://danhmuchanhchinh.nso.gov.vn/Doi_Chieu_Moi.aspx
96,Tỉnh Cà Mau,31849,Xã Ninh Quới,XÃ,Ninh Quới,01/07/2025,https://danhmuchanhchinh.nso.gov.vn/Doi_Chieu_Moi.aspx
96,Tỉnh Cà Mau,31858,Xã Vĩnh Lộc,XÃ,Vĩnh Lộc,01/07/2025,https://danhmuchanhchinh.nso.gov.vn/Doi_Chieu_Moi.aspx
96,Tỉnh Cà Mau,31864,Xã Ninh Thạnh Lợi,XÃ,Ninh Thạnh Lợi,01/07/2025,https://danhmuchanhchinh.nso.gov.vn/Doi_Chieu_Moi.aspx
96,Tỉnh Cà Mau,31867,Xã Phước Long,XÃ,Phước Long,01/07/2025,https://danhmuchanhchinh.nso.gov.vn/Doi_Chieu_Moi.aspx
96,Tỉnh Cà Mau,31876,Xã Vĩnh Phước,XÃ,Vĩnh Phước,01/07/2025,https://danhmuchanhchinh.nso.gov.vn/Doi_Chieu_Moi.aspx
96,Tỉnh Cà Mau,31882,Xã Vĩnh Thanh,XÃ,Vĩnh Thanh,01/07/2025,https://danhmuchanhchinh.nso.gov.vn/Doi_Chieu_Moi.aspx
96,Tỉnh Cà Mau,31885,Xã Phong Hiệp,XÃ,Phong Hiệp,01/07/2025,https://danhmuchanhchinh.nso.gov.vn/Doi_Chieu_Moi.aspx
96,Tỉnh Cà Mau,31891,Xã Hòa Bình,XÃ,Hòa Bình,01/07/2025,https://danhmuchanhchinh.nso.gov.vn/Doi_Chieu_Moi.aspx
96,Tỉnh Cà Mau,31894,Xã Châu Thới,XÃ,Châu Thới,01/07/2025,https://danhmuchanhchinh.nso.gov.vn/Doi_Chieu_Moi.aspx
96,Tỉnh Cà Mau,31900,Xã Vĩnh Lợi,XÃ,Vĩnh Lợi,01/07/2025,https://danhmuchanhchinh.nso.gov.vn/Doi_Chieu_Moi.aspx
96,Tỉnh Cà Mau,31906,Xã Hưng Hội,XÃ,Hưng Hội,01/07/2025,https://danhmuchanhchinh.nso.gov.vn/Doi_Chieu_Moi.aspx
96,Tỉnh Cà Mau,31918,Xã Vĩnh Mỹ,XÃ,Vĩnh Mỹ,01/07/2025,https://danhmuchanhchinh.nso.gov.vn/Doi_Chieu_Moi.aspx
96,Tỉnh Cà Mau,31927,Xã Vĩnh Hậu,XÃ,Vĩnh Hậu,01/07/2025,https://danhmuchanhchinh.nso.gov.vn/Doi_Chieu_Moi.aspx
96,Tỉnh Cà Mau,31942,Phường Giá Rai,PHƯỜNG,Giá Rai,01/07/2025,https://danhmuchanhchinh.nso.gov.vn/Doi_Chieu_Moi.aspx
96,Tỉnh Cà Mau,31951,Phường Láng Tròn,PHƯỜNG,Láng Tròn,01/07/2025,https://danhmuchanhchinh.nso.gov.vn/Doi_Chieu_Moi.aspx
96,Tỉnh Cà Mau,31957,Xã Phong Thạnh,XÃ,Phong Thạnh,01/07/2025,https://danhmuchanhchinh.nso.gov.vn/Doi_Chieu_Moi.aspx
96,Tỉnh Cà Mau,31972,Xã Gành Hào,XÃ,Gành Hào,01/07/2025,https://danhmuchanhchinh.nso.gov.vn/Doi_Chieu_Moi.aspx
96,Tỉnh Cà Mau,31975,Xã Đông Hải,XÃ,Đông Hải,01/07/2025,https://danhmuchanhchinh.nso.gov.vn/Doi_Chieu_Moi.aspx
96,Tỉnh Cà Mau,31985,Xã Long Điền,XÃ,Long Điền,01/07/2025,https://danhmuchanhchinh.nso.gov.vn/Doi_Chieu_Moi.aspx
96,Tỉnh Cà Mau,31988,Xã An Trạch,XÃ,An Trạch,01/07/2025,https://danhmuchanhchinh.nso.gov.vn/Doi_Chieu_Moi.aspx
96,Tỉnh Cà Mau,31993,Xã Định Thành,XÃ,Định Thành,01/07/2025,https://danhmuchanhchinh.nso.gov.vn/Doi_Chieu_Moi.aspx
96,Tỉnh Cà Mau,32002,Phường An Xuyên,PHƯỜNG,An Xuyên,01/07/2025,https://danhmuchanhchinh.nso.gov.vn/Doi_Chieu_Moi.aspx
96,Tỉnh Cà Mau,32014,Phường Lý Văn Lâm,PHƯỜNG,Lý Văn Lâm,01/07/2025,https://danhmuchanhchinh.nso.gov.vn/Doi_Chieu_Moi.aspx
96,Tỉnh Cà Mau,32025,Phường Tân Thành,PHƯỜNG,Tân Thành,01/07/2025,https://danhmuchanhchinh.nso.gov.vn/Doi_Chieu_Moi.aspx
96,Tỉnh Cà Mau,32041,Phường Hòa Thành,PHƯỜNG,Hòa Thành,01/07/2025,https://danhmuchanhchinh.nso.gov.vn/Doi_Chieu_Moi.aspx
96,Tỉnh Cà Mau,32044,Xã Nguyễn Phích,XÃ,Nguyễn Phích,01/07/2025,https://danhmuchanhchinh.nso.gov.vn/Doi_Chieu_Moi.aspx
96,Tỉnh Cà Mau,32047,Xã U Minh,XÃ,U Minh,01/07/2025,https://danhmuchanhchinh.nso.gov.vn/Doi_Chieu_Moi.aspx
96,Tỉnh Cà Mau,32059,Xã Khánh An,XÃ,Khánh An,01/07/2025,https://danhmuchanhchinh.nso.gov.vn/Doi_Chieu_Moi.aspx
96,Tỉnh Cà Mau,32062,Xã Khánh Lâm,XÃ,Khánh Lâm,01/07/2025,https://danhmuchanhchinh.nso.gov.vn/Doi_Chieu_Moi.aspx
96,Tỉnh Cà Mau,32065,Xã Thới Bình,XÃ,Thới Bình,01/07/2025,https://danhmuchanhchinh.nso.gov.vn/Doi_Chieu_Moi.aspx
96,Tỉnh Cà Mau,32069,Xã Biển Bạch,XÃ,Biển Bạch,01/07/2025,https://danhmuchanhchinh.nso.gov.vn/Doi_Chieu_Moi.aspx
96,Tỉnh Cà Mau,32071,Xã Trí Phải,XÃ,Trí Phải,01/07/2025,https://danhmuchanhchinh.nso.gov.vn/Doi_Chieu_Moi.aspx
96,Tỉnh Cà Mau,32083,Xã Tân Lộc,XÃ,Tân Lộc,01/07/2025,https://danhmuchanhchinh.nso.gov.vn/Doi_Chieu_Moi.aspx
96,Tỉnh Cà Mau,32092,Xã Hồ Thị Kỷ,XÃ,Hồ Thị Kỷ,01/07/2025,https://danhmuchanhchinh.nso.gov.vn/Doi_Chieu_Moi.aspx
96,Tỉnh Cà Mau,32095,Xã Trần Văn Thời,XÃ,Trần Văn Thời,01/07/2025,https://danhmuchanhchinh.nso.gov.vn/Doi_Chieu_Moi.aspx
96,Tỉnh Cà Mau,32098,Xã Sông Đốc,XÃ,Sông Đốc,01/07/2025,https://danhmuchanhchinh.nso.gov.vn/Doi_Chieu_Moi.aspx
96,Tỉnh Cà Mau,32104,Xã Đá Bạc,XÃ,Đá Bạc,01/07/2025,https://danhmuchanhchinh.nso.gov.vn/Doi_Chieu_Moi.aspx
96,Tỉnh Cà Mau,32110,Xã Khánh Bình,XÃ,Khánh Bình,01/07/2025,https://danhmuchanhchinh.nso.gov.vn/Doi_Chieu_Moi.aspx
96,Tỉnh Cà Mau,32119,Xã Khánh Hưng,XÃ,Khánh Hưng,01/07/2025,https://danhmuchanhchinh.nso.gov.vn/Doi_Chieu_Moi.aspx
96,Tỉnh Cà Mau,32128,Xã Cái Nước,XÃ,Cái Nước,01/07/2025,https://danhmuchanhchinh.nso.gov.vn/Doi_Chieu_Moi.aspx
96,Tỉnh Cà Mau,32134,Xã Lương Thế Trân,XÃ,Lương Thế Trân,01/07/2025,https://danhmuchanhchinh.nso.gov.vn/Doi_Chieu_Moi.aspx
96,Tỉnh Cà Mau,32137,Xã Tân Hưng,XÃ,Tân Hưng,01/07/2025,https://danhmuchanhchinh.nso.gov.vn/Doi_Chieu_Moi.aspx
96,Tỉnh Cà Mau,32140,Xã Hưng Mỹ,XÃ,Hưng Mỹ,01/07/2025,https://danhmuchanhchinh.nso.gov.vn/Doi_Chieu_Moi.aspx
96,Tỉnh Cà Mau,32152,Xã Đầm Dơi,XÃ,Đầm Dơi,01/07/2025,https://danhmuchanhchinh.nso.gov.vn/Doi_Chieu_Moi.aspx
96,Tỉnh Cà Mau,32155,Xã Tạ An Khương,XÃ,Tạ An Khương,01/07/2025,https://danhmuchanhchinh.nso.gov.vn/Doi_Chieu_Moi.aspx
96,Tỉnh Cà Mau,32161,Xã Trần Phán,XÃ,Trần Phán,01/07/2025,https://danhmuchanhchinh.nso.gov.vn/Doi_Chieu_Moi.aspx
96,Tỉnh Cà Mau,32167,Xã Tân Thuận,XÃ,Tân Thuận,01/07/2025,https://danhmuchanhchinh.nso.gov.vn/Doi_Chieu_Moi.aspx
96,Tỉnh Cà Mau,32182,Xã Quách Phẩm,XÃ,Quách Phẩm,01/07/2025,https://danhmuchanhchinh.nso.gov.vn/Doi_Chieu_Moi.aspx
96,Tỉnh Cà Mau,32185,Xã Thanh Tùng,XÃ,Thanh Tùng,01/07/2025,https://danhmuchanhchinh.nso.gov.vn/Doi_Chieu_Moi.aspx
96,Tỉnh Cà Mau,32188,Xã Tân Tiến,XÃ,Tân Tiến,01/07/2025,https://danhmuchanhchinh.nso.gov.vn/Doi_Chieu_Moi.aspx
96,Tỉnh Cà Mau,32191,Xã Năm Căn,XÃ,Năm Căn,01/07/2025,https://danhmuchanhchinh.nso.gov.vn/Doi_Chieu_Moi.aspx
96,Tỉnh Cà Mau,32201,Xã Đất Mới,XÃ,Đất Mới,01/07/2025,https://danhmuchanhchinh.nso.gov.vn/Doi_Chieu_Moi.aspx
96,Tỉnh Cà Mau,32206,Xã Tam Giang,XÃ,Tam Giang,01/07/2025,https://danhmuchanhchinh.nso.gov.vn/Doi_Chieu_Moi.aspx
96,Tỉnh Cà Mau,32212,Xã Cái Đôi Vàm,XÃ,Cái Đôi Vàm,01/07/2025,https://danhmuchanhchinh.nso.gov.vn/Doi_Chieu_Moi.aspx
96,Tỉnh Cà Mau,32214,Xã Phú Mỹ,XÃ,Phú Mỹ,01/07/2025,https://danhmuchanhchinh.nso.gov.vn/Doi_Chieu_Moi.aspx
96,Tỉnh Cà Mau,32218,Xã Phú Tân,XÃ,Phú Tân,01/07/2025,https://danhmuchanhchinh.nso.gov.vn/Doi_Chieu_Moi.aspx
96,Tỉnh Cà Mau,32227,Xã Nguyễn Việt Khái,XÃ,Nguyễn Việt Khái,01/07/2025,https://danhmuchanhchinh.nso.gov.vn/Doi_Chieu_Moi.aspx
96,Tỉnh Cà Mau,32236,Xã Tân Ân,XÃ,Tân Ân,01/07/2025,https://danhmuchanhchinh.nso.gov.vn/Doi_Chieu_Moi.aspx
96,Tỉnh Cà Mau,32244,Xã Phan Ngọc Hiển,XÃ,Phan Ngọc Hiển,01/07/2025,https://danhmuchanhchinh.nso.gov.vn/Doi_Chieu_Moi.aspx
96,Tỉnh Cà Mau,32248,Xã Đất Mũi,XÃ,Đất Mũi,01/07/2025,https://danhmuchanhchinh.nso.gov.vn/Doi_Chieu_Moi.aspx
